city,date,aqi,pm25,pm10,o3,no2,so2,co,temperature,humidity,pressure,wind,hour,day,month,day_of_week,aqi_change_rate
islamabad,2026-04-29 19:00:00+00:00,114.0,40.6,47.7,5.0,83.2,8.0,923.0,21.3,63.0,945.1,2.3,0.0,30.0,4.0,3.0,0.0
islamabad,2026-04-29 20:00:00+00:00,95.0,33.2,38.0,14.0,68.4,5.8,624.0,20.9,64.0,945.0,5.0,1.0,30.0,4.0,3.0,-19.0
islamabad,2026-04-29 21:00:00+00:00,81.0,26.4,30.9,22.0,54.2,4.2,401.0,20.9,61.0,944.3,5.5,2.0,30.0,4.0,3.0,-14.0
islamabad,2026-04-29 22:00:00+00:00,75.0,23.4,27.6,27.0,42.1,3.3,315.0,20.6,62.0,944.3,3.8,3.0,30.0,4.0,3.0,-6.0
islamabad,2026-04-29 23:00:00+00:00,71.0,21.4,25.3,33.0,30.7,2.9,305.0,19.9,64.0,944.1,2.5,4.0,30.0,4.0,3.0,-4.0
islamabad,2026-04-30 00:00:00+00:00,52.0,12.8,16.0,77.0,12.2,3.2,327.0,20.0,66.0,944.1,4.4,5.0,30.0,4.0,3.0,-19.0
islamabad,2026-04-30 01:00:00+00:00,42.0,10.1,13.4,81.0,13.9,3.3,396.0,20.4,67.0,944.6,4.1,6.0,30.0,4.0,3.0,-10.0
islamabad,2026-04-30 02:00:00+00:00,46.0,11.0,14.0,88.0,16.0,3.6,498.0,22.8,61.0,945.7,3.1,7.0,30.0,4.0,3.0,4.0
islamabad,2026-04-30 03:00:00+00:00,42.0,10.2,15.2,98.0,16.3,4.3,545.0,26.0,44.0,946.6,0.7,8.0,30.0,4.0,3.0,-4.0
islamabad,2026-04-30 04:00:00+00:00,38.0,9.1,15.8,115.0,13.1,6.0,480.0,28.2,38.0,947.1,1.2,9.0,30.0,4.0,3.0,-4.0
islamabad,2026-04-30 05:00:00+00:00,37.0,8.9,16.8,136.0,8.0,8.2,361.0,30.0,33.0,947.6,1.9,10.0,30.0,4.0,3.0,-1.0
islamabad,2026-04-30 06:00:00+00:00,40.0,9.7,18.7,151.0,4.4,9.6,272.0,30.2,31.0,947.6,2.7,11.0,30.0,4.0,3.0,3.0
islamabad,2026-04-30 07:00:00+00:00,46.0,11.1,20.8,155.0,3.6,9.6,241.0,31.0,29.0,947.4,5.2,12.0,30.0,4.0,3.0,6.0
islamabad,2026-04-30 08:00:00+00:00,50.0,11.9,22.2,154.0,4.1,8.9,241.0,31.9,28.0,946.8,5.6,13.0,30.0,4.0,3.0,4.0
islamabad,2026-04-30 09:00:00+00:00,56.0,14.3,25.5,152.0,5.0,8.5,275.0,30.8,30.0,946.8,5.4,14.0,30.0,4.0,3.0,6.0
islamabad,2026-04-30 10:00:00+00:00,58.0,15.5,26.7,154.0,4.4,8.9,302.0,25.0,53.0,947.2,13.5,15.0,30.0,4.0,3.0,2.0
islamabad,2026-04-30 11:00:00+00:00,58.0,15.6,26.5,156.0,4.1,9.6,362.0,26.9,44.0,946.5,8.9,16.0,30.0,4.0,3.0,0.0
islamabad,2026-04-30 12:00:00+00:00,49.0,11.8,17.5,163.0,10.2,13.8,580.0,24.2,61.0,946.0,5.9,17.0,30.0,4.0,3.0,-9.0
islamabad,2026-04-30 13:00:00+00:00,51.0,12.1,17.6,137.0,25.5,13.8,1146.0,24.6,58.0,946.1,3.4,18.0,30.0,4.0,3.0,2.0
islamabad,2026-04-30 14:00:00+00:00,59.0,15.7,21.0,100.0,46.9,13.7,1870.0,24.3,60.0,945.4,5.9,19.0,30.0,4.0,3.0,8.0
islamabad,2026-04-30 15:00:00+00:00,80.0,26.1,31.8,67.0,65.3,13.2,2300.0,23.4,66.0,945.4,5.8,20.0,30.0,4.0,3.0,21.0
islamabad,2026-04-30 16:00:00+00:00,113.0,40.5,46.0,40.0,79.6,12.2,2189.0,22.1,74.0,945.5,4.1,21.0,30.0,4.0,3.0,33.0
islamabad,2026-04-30 17:00:00+00:00,127.0,46.1,51.0,16.0,90.8,10.8,1785.0,20.7,80.0,945.5,3.2,22.0,30.0,4.0,3.0,14.0
islamabad,2026-04-30 18:00:00+00:00,117.0,41.8,45.2,3.0,93.1,9.2,1379.0,21.4,70.0,946.0,4.2,23.0,30.0,4.0,3.0,-10.0
islamabad,2026-04-30 19:00:00+00:00,91.0,31.2,34.1,9.0,80.4,7.2,1036.0,22.2,62.0,946.0,3.6,0.0,1.0,5.0,4.0,-26.0
islamabad,2026-04-30 20:00:00+00:00,74.0,23.0,25.7,25.0,58.8,4.9,691.0,22.0,59.0,945.8,4.1,1.0,1.0,5.0,4.0,-17.0
islamabad,2026-04-30 21:00:00+00:00,63.0,18.0,20.5,38.0,40.8,3.2,441.0,21.7,59.0,945.4,5.2,2.0,1.0,5.0,4.0,-11.0
islamabad,2026-04-30 22:00:00+00:00,58.0,15.5,17.8,40.0,30.7,2.3,330.0,21.6,59.0,945.3,3.7,3.0,1.0,5.0,4.0,-5.0
islamabad,2026-04-30 23:00:00+00:00,55.0,14.0,16.0,39.0,24.2,2.0,313.0,21.5,58.0,945.2,3.6,4.0,1.0,5.0,4.0,-3.0
islamabad,2026-05-01 00:00:00+00:00,52.0,12.5,14.4,41.0,24.3,2.5,352.0,20.6,58.0,945.0,5.6,5.0,1.0,5.0,4.0,-3.0
islamabad,2026-05-01 01:00:00+00:00,52.0,12.5,14.2,54.0,24.6,3.1,480.0,20.4,59.0,945.4,4.6,6.0,1.0,5.0,4.0,0.0
islamabad,2026-05-01 02:00:00+00:00,58.0,15.2,16.9,72.0,24.9,4.1,664.0,22.5,56.0,946.3,2.4,7.0,1.0,5.0,4.0,6.0
islamabad,2026-05-01 03:00:00+00:00,54.0,13.5,17.5,92.0,23.2,5.9,772.0,25.9,40.0,947.4,0.8,8.0,1.0,5.0,4.0,-4.0
islamabad,2026-05-01 04:00:00+00:00,45.0,10.9,16.9,116.0,17.8,9.4,731.0,28.2,33.0,947.8,0.6,9.0,1.0,5.0,4.0,-9.0
islamabad,2026-05-01 05:00:00+00:00,47.0,11.2,17.5,142.0,10.6,13.7,614.0,30.3,28.0,948.2,1.8,10.0,1.0,5.0,4.0,2.0
islamabad,2026-05-01 06:00:00+00:00,51.0,12.3,18.7,162.0,5.2,16.4,504.0,30.4,28.0,948.1,3.1,11.0,1.0,5.0,4.0,4.0
islamabad,2026-05-01 07:00:00+00:00,54.0,13.5,20.3,171.0,3.3,16.0,424.0,31.8,27.0,947.9,3.0,12.0,1.0,5.0,4.0,3.0
islamabad,2026-05-01 08:00:00+00:00,55.0,14.0,21.1,174.0,3.2,14.1,351.0,32.7,25.0,947.1,4.4,13.0,1.0,5.0,4.0,1.0
islamabad,2026-05-01 09:00:00+00:00,55.0,14.0,22.3,173.0,3.7,12.2,305.0,33.2,22.0,946.2,9.0,14.0,1.0,5.0,4.0,0.0
islamabad,2026-05-01 10:00:00+00:00,54.0,13.6,22.6,171.0,3.0,11.0,243.0,32.6,22.0,945.5,13.2,15.0,1.0,5.0,4.0,-1.0
islamabad,2026-05-01 11:00:00+00:00,52.0,12.7,22.2,165.0,2.9,9.8,208.0,32.4,23.0,945.0,12.4,16.0,1.0,5.0,4.0,-2.0
islamabad,2026-05-01 12:00:00+00:00,48.0,11.6,19.9,162.0,7.7,11.9,350.0,32.2,20.0,944.7,10.1,17.0,1.0,5.0,4.0,-4.0
islamabad,2026-05-01 13:00:00+00:00,48.0,11.6,20.3,137.0,20.2,12.0,877.0,30.9,22.0,944.6,8.7,18.0,1.0,5.0,4.0,0.0
islamabad,2026-05-01 14:00:00+00:00,61.0,16.8,24.0,102.0,37.9,12.2,1581.0,28.8,28.0,944.5,8.7,19.0,1.0,5.0,4.0,13.0
islamabad,2026-05-01 15:00:00+00:00,73.0,22.5,30.7,70.0,54.6,12.1,1991.0,27.0,33.0,944.5,8.8,20.0,1.0,5.0,4.0,12.0
islamabad,2026-05-01 16:00:00+00:00,91.0,31.1,39.6,43.0,71.1,11.8,1839.0,24.9,41.0,944.4,7.7,21.0,1.0,5.0,4.0,18.0
islamabad,2026-05-01 17:00:00+00:00,118.0,42.3,50.1,19.0,86.6,11.3,1392.0,23.3,48.0,944.4,7.4,22.0,1.0,5.0,4.0,27.0
islamabad,2026-05-01 18:00:00+00:00,122.0,43.9,49.5,6.0,92.8,10.4,986.0,25.1,39.0,944.8,5.8,23.0,1.0,5.0,4.0,4.0
islamabad,2026-05-01 19:00:00+00:00,101.0,35.6,39.2,10.0,83.3,8.6,720.0,24.5,40.0,944.8,5.6,0.0,2.0,5.0,5.0,-21.0
islamabad,2026-05-01 20:00:00+00:00,82.0,27.0,29.8,25.0,64.5,6.3,494.0,23.5,44.0,944.6,5.5,1.0,2.0,5.0,5.0,-19.0
islamabad,2026-05-01 21:00:00+00:00,69.0,20.5,22.8,38.0,47.7,4.5,340.0,23.1,45.0,944.1,3.1,2.0,2.0,5.0,5.0,-13.0
islamabad,2026-05-01 22:00:00+00:00,58.0,15.5,17.5,44.0,35.8,3.3,268.0,23.5,43.0,944.1,5.3,3.0,2.0,5.0,5.0,-11.0
islamabad,2026-05-01 23:00:00+00:00,51.0,12.3,14.2,49.0,26.0,2.6,268.0,23.6,42.0,943.9,4.8,4.0,2.0,5.0,5.0,-7.0
islamabad,2026-05-02 00:00:00+00:00,43.0,10.4,12.7,74.0,14.1,3.4,339.0,22.7,49.0,943.5,1.8,5.0,2.0,5.0,5.0,-8.0
islamabad,2026-05-02 01:00:00+00:00,41.0,9.9,12.0,80.0,17.9,4.3,551.0,23.0,46.0,943.8,2.7,6.0,2.0,5.0,5.0,-2.0
islamabad,2026-05-02 02:00:00+00:00,50.0,11.9,14.5,89.0,22.9,5.6,834.0,24.4,45.0,944.5,1.5,7.0,2.0,5.0,5.0,9.0
islamabad,2026-05-02 03:00:00+00:00,53.0,12.9,17.8,102.0,24.5,7.3,976.0,27.5,35.0,945.7,4.1,8.0,2.0,5.0,5.0,3.0
islamabad,2026-05-02 04:00:00+00:00,51.0,12.2,21.4,125.0,19.4,9.9,837.0,29.9,31.0,946.3,4.1,9.0,2.0,5.0,5.0,-2.0
islamabad,2026-05-02 05:00:00+00:00,52.0,12.6,23.3,153.0,10.9,12.9,557.0,32.0,26.0,946.5,4.1,10.0,2.0,5.0,5.0,1.0
islamabad,2026-05-02 06:00:00+00:00,53.0,12.9,24.3,172.0,4.5,14.6,345.0,32.2,24.0,946.3,1.7,11.0,2.0,5.0,5.0,1.0
islamabad,2026-05-02 07:00:00+00:00,54.0,13.6,25.8,177.0,2.6,14.0,290.0,33.7,21.0,946.1,4.2,12.0,2.0,5.0,5.0,1.0
islamabad,2026-05-02 08:00:00+00:00,55.0,14.2,27.4,173.0,2.9,12.1,303.0,34.3,21.0,945.2,5.6,13.0,2.0,5.0,5.0,1.0
islamabad,2026-05-02 09:00:00+00:00,56.0,14.7,28.8,168.0,3.9,10.6,326.0,34.8,21.0,944.5,9.1,14.0,2.0,5.0,5.0,1.0
islamabad,2026-05-02 10:00:00+00:00,57.0,14.9,31.3,166.0,4.3,10.3,281.0,33.6,22.0,943.8,8.0,15.0,2.0,5.0,5.0,1.0
islamabad,2026-05-02 11:00:00+00:00,56.0,14.6,31.4,163.0,5.4,10.5,245.0,33.7,21.0,943.1,7.8,16.0,2.0,5.0,5.0,-1.0
islamabad,2026-05-02 12:00:00+00:00,49.0,11.7,23.1,161.0,7.9,11.2,393.0,32.9,20.0,942.1,15.1,17.0,2.0,5.0,5.0,-7.0
islamabad,2026-05-02 13:00:00+00:00,51.0,12.3,23.4,128.0,26.5,11.4,945.0,30.5,26.0,942.9,5.0,18.0,2.0,5.0,5.0,2.0
islamabad,2026-05-02 14:00:00+00:00,64.0,18.2,28.3,83.0,51.7,11.5,1680.0,27.7,33.0,943.6,5.6,19.0,2.0,5.0,5.0,13.0
islamabad,2026-05-02 15:00:00+00:00,80.0,25.9,36.1,51.0,68.1,11.2,2111.0,27.0,37.0,943.2,9.3,20.0,2.0,5.0,5.0,16.0
islamabad,2026-05-02 16:00:00+00:00,83.0,27.1,35.9,43.0,67.8,10.0,1965.0,26.0,40.0,943.2,9.6,21.0,2.0,5.0,5.0,3.0
islamabad,2026-05-02 17:00:00+00:00,77.0,24.6,31.2,47.0,58.6,8.4,1516.0,24.8,42.0,942.9,8.4,22.0,2.0,5.0,5.0,-6.0
islamabad,2026-05-02 18:00:00+00:00,71.0,21.4,26.4,53.0,48.4,6.8,1096.0,23.5,49.0,945.2,19.2,23.0,2.0,5.0,5.0,-6.0
islamabad,2026-05-02 19:00:00+00:00,62.0,17.5,21.5,56.0,38.8,5.4,799.0,22.4,58.0,944.1,12.3,0.0,3.0,5.0,6.0,-9.0
islamabad,2026-05-02 20:00:00+00:00,56.0,14.3,17.5,61.0,28.2,4.0,532.0,21.9,58.0,944.2,6.2,1.0,3.0,5.0,6.0,-6.0
islamabad,2026-05-02 21:00:00+00:00,50.0,12.0,14.8,67.0,19.6,3.1,348.0,21.4,58.0,942.5,9.4,2.0,3.0,5.0,6.0,-6.0
islamabad,2026-05-02 22:00:00+00:00,56.0,14.6,22.7,77.0,13.9,3.0,277.0,20.7,57.0,942.4,9.2,3.0,3.0,5.0,6.0,6.0
islamabad,2026-05-02 23:00:00+00:00,55.0,14.1,22.5,89.0,10.1,3.3,289.0,20.5,55.0,942.4,10.3,4.0,3.0,5.0,6.0,-1.0
islamabad,2026-05-03 00:00:00+00:00,58.0,15.5,18.2,32.0,27.9,2.9,345.0,19.6,73.0,944.2,3.3,5.0,3.0,5.0,6.0,3.0
islamabad,2026-05-03 01:00:00+00:00,59.0,15.8,18.4,45.0,28.3,3.0,469.0,19.2,76.0,944.6,2.0,6.0,3.0,5.0,6.0,1.0
islamabad,2026-05-03 02:00:00+00:00,60.0,16.5,20.3,64.0,28.6,3.3,637.0,21.1,70.0,945.0,2.3,7.0,3.0,5.0,6.0,1.0
islamabad,2026-05-03 03:00:00+00:00,57.0,15.0,23.9,86.0,26.6,4.5,735.0,23.8,54.0,945.8,3.0,8.0,3.0,5.0,6.0,-3.0
islamabad,2026-05-03 04:00:00+00:00,55.0,13.8,33.8,115.0,20.2,7.7,700.0,26.2,42.0,946.6,3.2,9.0,3.0,5.0,6.0,-2.0
islamabad,2026-05-03 05:00:00+00:00,54.0,13.7,33.8,147.0,11.6,11.8,594.0,27.8,36.0,947.0,4.0,10.0,3.0,5.0,6.0,-1.0
islamabad,2026-05-03 06:00:00+00:00,57.0,14.8,36.1,170.0,5.1,14.3,496.0,28.6,33.0,947.0,5.2,11.0,3.0,5.0,6.0,3.0
islamabad,2026-05-03 07:00:00+00:00,59.0,15.8,39.2,177.0,2.8,13.9,421.0,29.8,32.0,947.1,5.1,12.0,3.0,5.0,6.0,2.0
islamabad,2026-05-03 08:00:00+00:00,60.0,16.2,40.9,175.0,2.7,11.9,354.0,30.5,31.0,947.2,8.0,13.0,3.0,5.0,6.0,1.0
islamabad,2026-05-03 09:00:00+00:00,59.0,16.1,40.7,171.0,3.2,10.3,318.0,29.3,33.0,947.1,7.0,14.0,3.0,5.0,6.0,-1.0
islamabad,2026-05-03 10:00:00+00:00,59.0,15.7,39.5,171.0,1.2,9.7,243.0,29.9,27.0,946.5,2.1,15.0,3.0,5.0,6.0,0.0
islamabad,2026-05-03 11:00:00+00:00,58.0,15.2,37.6,169.0,0.0,9.4,200.0,29.8,28.0,946.1,4.6,16.0,3.0,5.0,6.0,-1.0
islamabad,2026-05-03 12:00:00+00:00,39.0,9.4,18.9,161.0,6.9,9.1,431.0,30.6,24.0,945.6,7.2,17.0,3.0,5.0,6.0,-19.0
islamabad,2026-05-03 13:00:00+00:00,43.0,10.4,20.3,130.0,26.4,10.6,1265.0,28.9,29.0,945.4,9.0,18.0,3.0,5.0,6.0,4.0
islamabad,2026-05-03 14:00:00+00:00,66.0,19.0,28.6,87.0,53.6,12.6,2374.0,26.5,36.0,945.2,5.7,19.0,3.0,5.0,6.0,23.0
islamabad,2026-05-03 15:00:00+00:00,84.0,27.9,38.2,51.0,75.2,13.8,3014.0,25.2,40.0,945.4,9.2,20.0,3.0,5.0,6.0,18.0
islamabad,2026-05-03 16:00:00+00:00,101.0,35.7,46.2,29.0,88.0,13.8,2761.0,23.8,45.0,946.0,8.4,21.0,3.0,5.0,6.0,17.0
islamabad,2026-05-03 17:00:00+00:00,124.0,44.7,54.8,15.0,95.4,13.0,2041.0,22.5,51.0,946.3,7.7,22.0,3.0,5.0,6.0,23.0
islamabad,2026-05-03 18:00:00+00:00,116.0,41.7,49.4,10.0,94.2,11.7,1383.0,23.3,52.0,945.6,12.1,23.0,3.0,5.0,6.0,-8.0
islamabad,2026-05-03 19:00:00+00:00,97.0,33.9,39.2,20.0,79.3,9.6,945.0,22.9,54.0,945.6,8.3,0.0,4.0,5.0,0.0,-19.0
islamabad,2026-05-03 20:00:00+00:00,83.0,27.1,31.0,40.0,55.9,7.1,571.0,21.5,67.0,945.1,3.9,1.0,4.0,5.0,0.0,-14.0
islamabad,2026-05-03 21:00:00+00:00,71.0,21.8,24.9,55.0,36.5,5.0,319.0,20.8,70.0,945.7,2.8,2.0,4.0,5.0,0.0,-12.0
islamabad,2026-05-03 22:00:00+00:00,63.0,17.9,20.8,60.0,25.3,3.8,241.0,20.9,63.0,945.6,8.6,3.0,4.0,5.0,0.0,-8.0
islamabad,2026-05-03 23:00:00+00:00,59.0,15.7,18.7,61.0,18.1,3.1,285.0,21.1,61.0,945.4,3.8,4.0,4.0,5.0,0.0,-4.0
islamabad,2026-05-04 00:00:00+00:00,58.0,15.5,20.5,89.0,10.4,3.0,361.0,19.9,66.0,944.8,4.0,5.0,4.0,5.0,0.0,-1.0
islamabad,2026-05-04 01:00:00+00:00,57.0,14.8,18.1,85.0,16.3,3.1,471.0,19.8,72.0,945.5,5.8,6.0,4.0,5.0,0.0,-1.0
islamabad,2026-05-04 02:00:00+00:00,63.0,18.0,20.0,80.0,24.2,3.5,613.0,21.6,62.0,947.6,10.9,7.0,4.0,5.0,0.0,6.0
islamabad,2026-05-04 03:00:00+00:00,64.0,18.3,23.6,84.0,28.0,4.8,682.0,23.7,54.0,948.2,7.1,8.0,4.0,5.0,0.0,1.0
islamabad,2026-05-04 04:00:00+00:00,58.0,15.6,26.4,105.0,23.8,8.3,607.0,26.0,46.0,948.8,4.4,9.0,4.0,5.0,0.0,-6.0
islamabad,2026-05-04 05:00:00+00:00,59.0,15.9,27.3,136.0,15.6,12.8,460.0,28.8,35.0,949.3,4.7,10.0,4.0,5.0,0.0,1.0
islamabad,2026-05-04 06:00:00+00:00,59.0,16.1,26.3,159.0,9.1,15.7,354.0,27.6,37.0,949.6,15.2,11.0,4.0,5.0,0.0,0.0
islamabad,2026-05-04 07:00:00+00:00,63.0,17.7,27.1,168.0,6.7,15.4,339.0,27.4,35.0,950.0,9.9,12.0,4.0,5.0,0.0,4.0
islamabad,2026-05-04 08:00:00+00:00,65.0,18.6,29.9,170.0,6.0,13.4,365.0,25.3,46.0,951.0,16.3,13.0,4.0,5.0,0.0,2.0
islamabad,2026-05-04 09:00:00+00:00,64.0,18.5,33.9,171.0,5.9,11.7,395.0,25.2,48.0,950.1,4.1,14.0,4.0,5.0,0.0,-1.0
islamabad,2026-05-04 10:00:00+00:00,65.0,18.6,36.9,174.0,5.2,10.9,399.0,24.7,49.0,949.7,12.5,15.0,4.0,5.0,0.0,1.0
islamabad,2026-05-04 11:00:00+00:00,65.0,18.9,39.3,176.0,5.1,10.3,406.0,25.6,46.0,949.1,9.2,16.0,4.0,5.0,0.0,0.0
islamabad,2026-05-04 12:00:00+00:00,84.0,27.6,104.5,153.0,7.8,7.2,469.0,27.3,31.0,948.4,12.8,17.0,4.0,5.0,0.0,19.0
islamabad,2026-05-04 13:00:00+00:00,77.0,24.3,94.5,134.0,22.7,8.2,659.0,24.7,49.0,948.9,15.5,18.0,4.0,5.0,0.0,-7.0
islamabad,2026-05-04 14:00:00+00:00,92.0,31.8,98.0,106.0,43.1,9.6,905.0,22.2,67.0,948.7,4.2,19.0,4.0,5.0,0.0,15.0
islamabad,2026-05-04 15:00:00+00:00,107.0,38.1,108.5,85.0,57.3,10.5,1042.0,21.7,64.0,948.8,6.7,20.0,4.0,5.0,0.0,15.0
islamabad,2026-05-04 16:00:00+00:00,117.0,42.0,115.7,75.0,59.7,10.5,973.0,21.5,61.0,949.1,9.4,21.0,4.0,5.0,0.0,10.0
islamabad,2026-05-04 17:00:00+00:00,121.0,43.5,124.3,70.0,55.8,10.0,796.0,20.8,60.0,949.5,8.4,22.0,4.0,5.0,0.0,4.0
islamabad,2026-05-04 18:00:00+00:00,127.0,46.0,135.5,67.0,50.8,9.2,639.0,18.7,74.0,948.7,0.9,23.0,4.0,5.0,0.0,6.0
islamabad,2026-05-04 19:00:00+00:00,133.0,48.5,134.6,63.0,45.8,8.0,545.0,18.0,79.0,949.4,3.8,0.0,5.0,5.0,1.0,6.0
islamabad,2026-05-04 20:00:00+00:00,115.0,41.0,96.2,59.0,39.7,6.5,472.0,18.1,74.0,950.0,1.3,1.0,5.0,5.0,1.0,-18.0
islamabad,2026-05-04 21:00:00+00:00,91.0,31.3,63.8,58.0,33.4,5.1,421.0,17.9,68.0,949.7,5.7,2.0,5.0,5.0,1.0,-24.0
islamabad,2026-05-04 22:00:00+00:00,76.0,23.9,47.4,59.0,26.6,3.9,388.0,17.5,70.0,949.6,3.8,3.0,5.0,5.0,1.0,-15.0
islamabad,2026-05-04 23:00:00+00:00,62.0,17.5,32.8,63.0,19.7,2.9,378.0,17.3,72.0,950.2,2.4,4.0,5.0,5.0,1.0,-14.0
islamabad,2026-05-05 00:00:00+00:00,70.0,21.1,30.0,40.0,32.3,3.9,404.0,18.2,70.0,950.8,2.1,5.0,5.0,5.0,1.0,8.0
islamabad,2026-05-05 01:00:00+00:00,55.0,13.9,19.9,62.0,27.6,4.4,505.0,19.2,67.0,951.7,1.5,6.0,5.0,5.0,1.0,-15.0
islamabad,2026-05-05 02:00:00+00:00,54.0,13.7,17.1,94.0,20.9,5.2,642.0,21.0,62.0,952.9,2.4,7.0,5.0,5.0,1.0,-1.0
islamabad,2026-05-05 03:00:00+00:00,54.0,13.3,34.9,122.0,15.1,6.8,712.0,23.3,51.0,953.8,0.3,8.0,5.0,5.0,1.0,0.0
islamabad,2026-05-05 04:00:00+00:00,60.0,16.5,48.2,142.0,10.9,9.9,650.0,25.9,39.0,954.2,1.2,9.0,5.0,5.0,1.0,6.0
islamabad,2026-05-05 05:00:00+00:00,64.0,18.4,53.9,159.0,7.5,13.7,520.0,27.9,32.0,954.5,2.8,10.0,5.0,5.0,1.0,4.0
islamabad,2026-05-05 06:00:00+00:00,62.0,17.3,49.0,173.0,5.1,16.2,415.0,28.4,29.0,955.0,5.2,11.0,5.0,5.0,1.0,-2.0
islamabad,2026-05-05 07:00:00+00:00,62.0,17.1,45.8,184.0,3.8,16.4,369.0,29.2,27.0,954.6,5.4,12.0,5.0,5.0,1.0,0.0
islamabad,2026-05-05 08:00:00+00:00,64.0,18.3,45.5,191.0,3.5,15.2,348.0,30.0,26.0,954.1,5.6,13.0,5.0,5.0,1.0,2.0
islamabad,2026-05-05 09:00:00+00:00,66.0,19.3,45.6,193.0,3.7,14.1,338.0,30.6,25.0,953.1,4.6,14.0,5.0,5.0,1.0,2.0
islamabad,2026-05-05 10:00:00+00:00,67.0,19.6,44.6,191.0,3.2,13.3,317.0,31.0,24.0,952.4,4.5,15.0,5.0,5.0,1.0,1.0
islamabad,2026-05-05 11:00:00+00:00,66.0,19.3,43.4,183.0,3.3,12.5,308.0,30.5,23.0,951.7,7.7,16.0,5.0,5.0,1.0,-1.0
islamabad,2026-05-05 12:00:00+00:00,59.0,16.0,36.2,173.0,6.6,11.2,364.0,29.7,23.0,951.3,14.6,17.0,5.0,5.0,1.0,-7.0
islamabad,2026-05-05 13:00:00+00:00,56.0,14.6,31.7,154.0,13.5,10.7,559.0,28.2,27.0,950.9,9.7,18.0,5.0,5.0,1.0,-3.0
islamabad,2026-05-05 14:00:00+00:00,60.0,16.6,29.3,127.0,23.6,10.1,818.0,25.9,32.0,950.8,9.0,19.0,5.0,5.0,1.0,4.0
islamabad,2026-05-05 15:00:00+00:00,70.0,21.0,33.6,100.0,34.9,9.5,979.0,24.1,39.0,950.7,9.5,20.0,5.0,5.0,1.0,10.0
islamabad,2026-05-05 16:00:00+00:00,80.0,25.7,39.5,72.0,50.1,9.3,959.0,22.7,45.0,950.7,9.5,21.0,5.0,5.0,1.0,10.0
islamabad,2026-05-05 17:00:00+00:00,91.0,31.3,44.6,44.0,66.5,9.3,840.0,21.8,46.0,950.6,8.5,22.0,5.0,5.0,1.0,11.0
islamabad,2026-05-05 18:00:00+00:00,102.0,36.0,47.0,27.0,74.2,8.8,699.0,21.7,45.0,950.4,8.4,23.0,5.0,5.0,1.0,11.0
islamabad,2026-05-05 19:00:00+00:00,96.0,33.3,40.9,30.0,66.3,7.6,536.0,21.5,46.0,949.9,6.8,0.0,6.0,5.0,2.0,-6.0
islamabad,2026-05-05 20:00:00+00:00,83.0,27.5,33.2,43.0,49.7,6.0,352.0,20.7,52.0,949.5,4.1,1.0,6.0,5.0,2.0,-13.0
islamabad,2026-05-05 21:00:00+00:00,73.0,22.5,26.8,54.0,35.6,4.6,227.0,20.2,56.0,948.7,2.7,2.0,6.0,5.0,2.0,-10.0
islamabad,2026-05-05 22:00:00+00:00,64.0,18.5,21.8,54.0,27.9,3.5,190.0,19.7,61.0,948.8,2.1,3.0,6.0,5.0,2.0,-9.0
islamabad,2026-05-05 23:00:00+00:00,58.0,15.6,18.2,51.0,22.8,2.6,212.0,19.3,59.0,948.9,2.6,4.0,6.0,5.0,2.0,-6.0
islamabad,2026-05-06 00:00:00+00:00,59.0,15.8,18.8,47.0,22.5,2.5,291.0,19.0,66.0,948.5,1.9,5.0,6.0,5.0,2.0,1.0
islamabad,2026-05-06 01:00:00+00:00,57.0,14.9,17.4,65.0,22.5,6.0,487.0,20.1,64.0,949.2,1.8,6.0,6.0,5.0,2.0,-2.0
islamabad,2026-05-06 02:00:00+00:00,62.0,17.2,19.7,92.0,22.2,10.9,739.0,21.9,54.0,950.0,2.8,7.0,6.0,5.0,2.0,5.0
islamabad,2026-05-06 03:00:00+00:00,59.0,15.9,25.6,118.0,20.4,14.6,863.0,24.6,44.0,950.8,2.8,8.0,6.0,5.0,2.0,-3.0
islamabad,2026-05-06 04:00:00+00:00,59.0,16.1,33.9,143.0,15.6,16.1,732.0,27.3,35.0,951.1,3.1,9.0,6.0,5.0,2.0,0.0
islamabad,2026-05-06 05:00:00+00:00,60.0,16.5,34.8,168.0,9.3,16.4,472.0,29.5,28.0,951.1,5.3,10.0,6.0,5.0,2.0,1.0
islamabad,2026-05-06 06:00:00+00:00,61.0,16.9,33.5,187.0,4.6,16.1,278.0,30.3,28.0,950.6,8.8,11.0,6.0,5.0,2.0,1.0
islamabad,2026-05-06 07:00:00+00:00,61.0,16.9,32.1,196.0,3.0,15.0,234.0,31.1,27.0,950.2,5.3,12.0,6.0,5.0,2.0,0.0
islamabad,2026-05-06 08:00:00+00:00,61.0,17.0,31.5,199.0,3.1,13.3,256.0,31.8,22.0,949.9,3.3,13.0,6.0,5.0,2.0,0.0
islamabad,2026-05-06 09:00:00+00:00,62.0,17.1,31.3,199.0,3.6,12.0,284.0,32.0,20.0,948.9,2.3,14.0,6.0,5.0,2.0,1.0
islamabad,2026-05-06 10:00:00+00:00,61.0,17.0,30.7,200.0,2.8,11.5,249.0,32.1,19.0,948.1,2.2,15.0,6.0,5.0,2.0,-1.0
islamabad,2026-05-06 11:00:00+00:00,60.0,16.4,30.0,199.0,2.4,11.3,220.0,32.3,18.0,947.1,4.7,16.0,6.0,5.0,2.0,-1.0
islamabad,2026-05-06 12:00:00+00:00,52.0,12.8,21.8,202.0,7.8,14.0,345.0,32.5,21.0,946.4,5.0,17.0,6.0,5.0,2.0,-8.0
islamabad,2026-05-06 13:00:00+00:00,54.0,13.7,22.8,173.0,23.4,14.8,804.0,31.0,26.0,945.9,6.1,18.0,6.0,5.0,2.0,2.0
islamabad,2026-05-06 14:00:00+00:00,68.0,20.4,28.5,133.0,45.2,16.0,1417.0,28.0,37.0,945.6,4.2,19.0,6.0,5.0,2.0,14.0
islamabad,2026-05-06 15:00:00+00:00,86.0,28.9,37.5,97.0,63.8,16.7,1788.0,25.8,46.0,945.5,3.1,20.0,6.0,5.0,2.0,18.0
islamabad,2026-05-06 16:00:00+00:00,94.0,32.7,41.7,71.0,78.1,16.9,1705.0,23.9,52.0,946.0,6.8,21.0,6.0,5.0,2.0,8.0
islamabad,2026-05-06 17:00:00+00:00,116.0,41.4,50.2,49.0,89.1,16.6,1380.0,23.2,50.0,946.7,9.1,22.0,6.0,5.0,2.0,22.0
islamabad,2026-05-06 18:00:00+00:00,133.0,48.5,56.2,37.0,91.3,15.6,1058.0,23.6,50.0,946.8,8.5,23.0,6.0,5.0,2.0,17.0
islamabad,2026-05-06 19:00:00+00:00,125.0,45.3,50.8,39.0,78.5,13.2,796.0,23.8,45.0,946.7,11.2,0.0,7.0,5.0,3.0,-8.0
islamabad,2026-05-06 20:00:00+00:00,99.0,35.0,38.8,49.0,56.7,10.0,538.0,23.2,46.0,946.1,10.3,1.0,7.0,5.0,3.0,-26.0
islamabad,2026-05-06 21:00:00+00:00,82.0,26.8,30.0,60.0,38.5,7.6,358.0,22.8,47.0,945.6,8.7,2.0,7.0,5.0,3.0,-17.0
islamabad,2026-05-06 22:00:00+00:00,70.0,21.1,24.4,65.0,28.4,6.4,300.0,22.5,48.0,945.9,7.4,3.0,7.0,5.0,3.0,-12.0
islamabad,2026-05-06 23:00:00+00:00,63.0,17.6,21.1,70.0,21.8,6.0,320.0,21.8,50.0,946.2,6.2,4.0,7.0,5.0,3.0,-7.0
islamabad,2026-05-07 00:00:00+00:00,83.0,27.2,30.5,39.0,34.2,5.3,360.0,21.4,56.0,946.5,7.6,5.0,7.0,5.0,3.0,20.0
islamabad,2026-05-07 01:00:00+00:00,74.0,23.2,26.9,70.0,28.4,7.6,421.0,21.8,55.0,947.1,11.3,6.0,7.0,5.0,3.0,-9.0
islamabad,2026-05-07 02:00:00+00:00,67.0,19.6,24.2,114.0,20.3,10.8,502.0,23.1,52.0,948.5,11.4,7.0,7.0,5.0,3.0,-7.0
islamabad,2026-05-07 03:00:00+00:00,60.0,16.6,24.8,150.0,13.5,13.2,546.0,25.5,46.0,949.3,11.0,8.0,7.0,5.0,3.0,-7.0
islamabad,2026-05-07 04:00:00+00:00,59.0,15.8,24.3,172.0,9.1,14.4,518.0,27.9,39.0,949.9,12.2,9.0,7.0,5.0,3.0,-1.0
islamabad,2026-05-07 05:00:00+00:00,59.0,15.8,24.5,186.0,6.0,14.8,453.0,29.6,35.0,950.1,12.5,10.0,7.0,5.0,3.0,0.0
islamabad,2026-05-07 06:00:00+00:00,58.0,15.6,24.0,195.0,3.9,14.6,403.0,30.1,36.0,950.2,11.8,11.0,7.0,5.0,3.0,-1.0
islamabad,2026-05-07 07:00:00+00:00,58.0,15.3,23.6,199.0,3.0,13.5,386.0,31.1,35.0,950.1,10.3,12.0,7.0,5.0,3.0,0.0
islamabad,2026-05-07 08:00:00+00:00,57.0,14.8,23.4,198.0,3.1,11.8,384.0,31.9,28.0,950.1,6.2,13.0,7.0,5.0,3.0,-1.0
islamabad,2026-05-07 09:00:00+00:00,56.0,14.3,23.5,195.0,3.7,10.4,390.0,31.4,28.0,949.5,4.3,14.0,7.0,5.0,3.0,-1.0
islamabad,2026-05-07 10:00:00+00:00,55.0,14.0,23.1,194.0,3.3,9.8,376.0,32.2,25.0,949.0,4.1,15.0,7.0,5.0,3.0,-1.0
islamabad,2026-05-07 11:00:00+00:00,55.0,13.9,23.1,190.0,3.4,9.6,371.0,32.2,25.0,948.6,3.6,16.0,7.0,5.0,3.0,0.0
islamabad,2026-05-07 12:00:00+00:00,66.0,19.1,38.1,181.0,7.3,9.4,457.0,33.3,19.0,948.0,3.8,17.0,7.0,5.0,3.0,11.0
islamabad,2026-05-07 13:00:00+00:00,66.0,19.3,37.4,164.0,12.4,8.9,747.0,31.5,30.0,947.8,3.9,18.0,7.0,5.0,3.0,0.0
islamabad,2026-05-07 14:00:00+00:00,73.0,22.6,36.4,140.0,19.7,8.2,1129.0,29.4,29.0,948.0,8.4,19.0,7.0,5.0,3.0,7.0
islamabad,2026-05-07 15:00:00+00:00,77.0,24.7,38.0,119.0,26.1,7.6,1349.0,27.2,38.0,948.5,4.6,20.0,7.0,5.0,3.0,4.0
islamabad,2026-05-07 16:00:00+00:00,82.0,26.7,40.3,104.0,30.9,7.3,1263.0,25.8,42.0,949.3,5.9,21.0,7.0,5.0,3.0,5.0
islamabad,2026-05-07 17:00:00+00:00,88.0,29.5,43.3,92.0,34.8,7.2,1015.0,25.0,44.0,949.7,7.0,22.0,7.0,5.0,3.0,6.0
islamabad,2026-05-07 18:00:00+00:00,94.0,32.6,46.7,80.0,37.6,6.9,785.0,24.8,49.0,949.9,6.7,23.0,7.0,5.0,3.0,6.0
islamabad,2026-05-07 19:00:00+00:00,98.0,34.3,48.3,68.0,38.6,6.4,626.0,24.4,51.0,950.0,8.8,0.0,8.0,5.0,4.0,4.0
islamabad,2026-05-07 20:00:00+00:00,102.0,35.9,49.4,57.0,38.5,5.8,485.0,24.0,52.0,949.4,8.2,1.0,8.0,5.0,4.0,4.0
islamabad,2026-05-07 21:00:00+00:00,105.0,37.0,49.8,46.0,38.5,5.2,384.0,23.3,55.0,949.0,6.7,2.0,8.0,5.0,4.0,3.0
islamabad,2026-05-07 22:00:00+00:00,106.0,37.6,49.7,30.0,40.3,4.2,335.0,22.6,57.0,949.1,7.8,3.0,8.0,5.0,4.0,1.0
islamabad,2026-05-07 23:00:00+00:00,106.0,37.6,49.2,14.0,42.2,3.2,326.0,22.1,58.0,949.4,8.8,4.0,8.0,5.0,4.0,0.0
islamabad,2026-05-08 00:00:00+00:00,111.0,39.5,56.0,41.0,31.1,4.8,344.0,22.2,58.0,949.2,7.0,5.0,8.0,5.0,4.0,5.0
islamabad,2026-05-08 01:00:00+00:00,107.0,38.1,52.5,73.0,26.0,7.3,406.0,22.9,56.0,949.8,8.7,6.0,8.0,5.0,4.0,-4.0
islamabad,2026-05-08 02:00:00+00:00,100.0,35.4,55.5,118.0,18.8,10.7,495.0,24.5,52.0,950.7,8.7,7.0,8.0,5.0,4.0,-7.0
islamabad,2026-05-08 03:00:00+00:00,96.0,33.3,97.8,156.0,12.7,13.7,552.0,26.3,48.0,951.4,9.3,8.0,8.0,5.0,4.0,-4.0
islamabad,2026-05-08 04:00:00+00:00,118.0,42.4,163.4,179.0,8.9,16.0,542.0,28.0,44.0,951.6,9.8,9.0,8.0,5.0,4.0,22.0
islamabad,2026-05-08 05:00:00+00:00,128.0,46.3,183.9,194.0,6.2,17.8,500.0,29.6,39.0,951.7,9.2,10.0,8.0,5.0,4.0,10.0
islamabad,2026-05-08 06:00:00+00:00,129.0,47.0,181.1,204.0,4.4,18.6,464.0,30.6,39.0,951.5,8.5,11.0,8.0,5.0,4.0,1.0
islamabad,2026-05-08 07:00:00+00:00,122.0,43.9,158.3,208.0,3.4,17.8,445.0,31.7,37.0,951.4,7.7,12.0,8.0,5.0,4.0,-7.0
islamabad,2026-05-08 08:00:00+00:00,115.0,41.2,142.5,206.0,3.2,16.1,432.0,32.6,31.0,951.0,6.3,13.0,8.0,5.0,4.0,-7.0
islamabad,2026-05-08 09:00:00+00:00,109.0,38.8,130.4,202.0,3.7,14.7,433.0,33.2,27.0,950.6,6.4,14.0,8.0,5.0,4.0,-6.0
islamabad,2026-05-08 10:00:00+00:00,103.0,36.2,120.1,198.0,3.6,14.2,443.0,32.9,27.0,950.2,7.7,15.0,8.0,5.0,4.0,-6.0
islamabad,2026-05-08 11:00:00+00:00,97.0,34.2,111.8,192.0,4.1,14.1,467.0,32.3,29.0,949.3,12.7,16.0,8.0,5.0,4.0,-6.0
islamabad,2026-05-08 12:00:00+00:00,142.0,52.3,174.6,201.0,9.3,15.8,520.0,33.8,20.0,949.1,8.8,17.0,8.0,5.0,4.0,45.0
islamabad,2026-05-08 13:00:00+00:00,138.0,50.6,166.7,183.0,15.0,15.2,630.0,32.1,27.0,949.2,9.4,18.0,8.0,5.0,4.0,-4.0
islamabad,2026-05-08 14:00:00+00:00,141.0,51.6,144.4,157.0,23.0,14.4,770.0,29.6,36.0,949.4,7.7,19.0,8.0,5.0,4.0,3.0
islamabad,2026-05-08 15:00:00+00:00,143.0,52.6,140.6,134.0,29.4,13.4,871.0,28.0,42.0,949.9,6.9,20.0,8.0,5.0,4.0,2.0
islamabad,2026-05-08 16:00:00+00:00,147.0,54.0,143.9,120.0,32.3,12.4,914.0,26.6,45.0,950.7,7.3,21.0,8.0,5.0,4.0,4.0
islamabad,2026-05-08 17:00:00+00:00,151.0,55.5,144.8,109.0,33.5,11.2,919.0,25.5,47.0,950.9,5.8,22.0,8.0,5.0,4.0,4.0
islamabad,2026-05-08 18:00:00+00:00,152.0,58.0,146.7,96.0,35.0,10.1,873.0,25.2,52.0,951.3,8.5,23.0,8.0,5.0,4.0,1.0
islamabad,2026-05-08 19:00:00+00:00,153.0,59.6,146.2,78.0,37.8,9.0,737.0,25.2,50.0,951.0,8.8,0.0,9.0,5.0,5.0,1.0
islamabad,2026-05-08 20:00:00+00:00,153.0,60.1,137.8,57.0,40.8,7.9,549.0,24.7,52.0,950.6,8.4,1.0,9.0,5.0,5.0,0.0
islamabad,2026-05-08 21:00:00+00:00,153.0,59.0,123.9,42.0,42.4,7.0,418.0,24.3,54.0,950.1,7.0,2.0,9.0,5.0,5.0,0.0
islamabad,2026-05-08 22:00:00+00:00,152.0,58.0,112.2,31.0,41.9,5.9,386.0,24.1,56.0,949.7,6.6,3.0,9.0,5.0,5.0,-1.0
islamabad,2026-05-08 23:00:00+00:00,151.0,56.0,102.4,25.0,40.0,4.9,409.0,23.4,60.0,949.4,5.2,4.0,9.0,5.0,5.0,-1.0
islamabad,2026-05-09 00:00:00+00:00,154.0,60.8,143.9,62.0,25.7,7.5,464.0,23.6,64.0,949.3,0.7,5.0,9.0,5.0,5.0,3.0
islamabad,2026-05-09 01:00:00+00:00,152.0,58.0,121.1,88.0,23.4,10.9,574.0,24.6,60.0,949.9,1.1,6.0,9.0,5.0,5.0,-2.0
islamabad,2026-05-09 02:00:00+00:00,151.0,55.9,136.4,125.0,20.0,15.7,716.0,25.8,55.0,950.7,2.2,7.0,9.0,5.0,5.0,-1.0
islamabad,2026-05-09 03:00:00+00:00,152.0,56.9,181.6,158.0,16.4,19.5,798.0,27.9,47.0,951.7,5.2,8.0,9.0,5.0,5.0,1.0
islamabad,2026-05-09 04:00:00+00:00,152.0,57.7,189.5,183.0,12.2,21.7,765.0,29.9,41.0,952.1,6.1,9.0,9.0,5.0,5.0,0.0
islamabad,2026-05-09 05:00:00+00:00,153.0,60.1,193.7,204.0,7.7,23.0,671.0,31.8,37.0,952.0,5.3,10.0,9.0,5.0,5.0,1.0
islamabad,2026-05-09 06:00:00+00:00,153.0,59.5,186.7,218.0,4.5,23.3,586.0,32.5,38.0,952.0,6.0,11.0,9.0,5.0,5.0,0.0
islamabad,2026-05-09 07:00:00+00:00,148.0,54.4,165.3,223.0,3.3,22.0,529.0,33.8,35.0,951.6,5.0,12.0,9.0,5.0,5.0,-5.0
islamabad,2026-05-09 08:00:00+00:00,135.0,49.2,143.9,221.0,3.3,19.6,481.0,35.0,33.0,950.9,4.3,13.0,9.0,5.0,5.0,-13.0
islamabad,2026-05-09 09:00:00+00:00,127.0,46.2,129.5,217.0,3.8,17.8,453.0,35.9,29.0,950.2,4.4,14.0,9.0,5.0,5.0,-8.0
islamabad,2026-05-09 10:00:00+00:00,122.0,44.1,120.1,216.0,2.4,17.0,381.0,36.3,24.0,949.4,3.8,15.0,9.0,5.0,5.0,-5.0
islamabad,2026-05-09 11:00:00+00:00,118.0,42.3,112.2,213.0,1.5,16.8,329.0,36.3,23.0,949.0,2.5,16.0,9.0,5.0,5.0,-4.0
islamabad,2026-05-09 12:00:00+00:00,119.0,42.7,113.6,194.0,8.6,14.2,505.0,36.5,20.0,948.8,2.7,17.0,9.0,5.0,5.0,1.0
islamabad,2026-05-09 13:00:00+00:00,118.0,42.3,110.6,164.0,25.6,14.9,1192.0,35.0,29.0,948.4,2.6,18.0,9.0,5.0,5.0,-1.0
islamabad,2026-05-09 14:00:00+00:00,137.0,50.3,112.0,123.0,49.0,15.7,2107.0,32.6,45.0,948.2,3.1,19.0,9.0,5.0,5.0,19.0
islamabad,2026-05-09 15:00:00+00:00,152.0,58.2,124.3,90.0,66.0,16.1,2601.0,31.0,37.0,948.9,5.6,20.0,9.0,5.0,5.0,15.0
islamabad,2026-05-09 16:00:00+00:00,155.0,63.8,136.9,71.0,71.6,15.7,2271.0,29.6,39.0,949.6,6.3,21.0,9.0,5.0,5.0,3.0
islamabad,2026-05-09 17:00:00+00:00,158.0,69.2,148.5,61.0,70.8,14.8,1520.0,28.5,40.0,949.7,7.5,22.0,9.0,5.0,5.0,3.0
islamabad,2026-05-09 18:00:00+00:00,160.0,72.4,149.0,56.0,66.0,13.7,912.0,27.7,45.0,949.7,4.7,23.0,9.0,5.0,5.0,2.0
islamabad,2026-05-09 19:00:00+00:00,158.0,68.9,134.6,59.0,55.7,12.2,669.0,27.8,44.0,949.5,7.4,0.0,10.0,5.0,6.0,-2.0
islamabad,2026-05-09 20:00:00+00:00,156.0,64.7,125.7,68.0,41.3,10.5,569.0,27.3,47.0,949.4,8.9,1.0,10.0,5.0,6.0,-2.0
islamabad,2026-05-09 21:00:00+00:00,154.0,60.8,120.6,76.0,29.6,9.2,511.0,26.9,49.0,948.8,8.1,2.0,10.0,5.0,6.0,-2.0
islamabad,2026-05-09 22:00:00+00:00,152.0,57.3,115.7,78.0,23.4,8.6,466.0,26.2,51.0,948.5,5.4,3.0,10.0,5.0,6.0,-2.0
islamabad,2026-05-09 23:00:00+00:00,148.0,54.5,111.1,79.0,20.0,8.4,462.0,25.5,54.0,948.8,4.2,4.0,10.0,5.0,6.0,-4.0
islamabad,2026-05-10 00:00:00+00:00,154.0,62.2,122.5,81.0,18.2,8.4,484.0,25.4,56.0,949.0,4.8,5.0,10.0,5.0,6.0,6.0
islamabad,2026-05-10 01:00:00+00:00,153.0,59.3,110.6,105.0,17.1,10.4,547.0,25.8,54.0,949.2,9.7,6.0,10.0,5.0,6.0,-1.0
islamabad,2026-05-10 02:00:00+00:00,152.0,57.6,112.0,139.0,15.3,13.1,635.0,27.5,50.0,950.1,9.1,7.0,10.0,5.0,6.0,-1.0
islamabad,2026-05-10 03:00:00+00:00,152.0,57.3,161.6,167.0,13.2,15.4,686.0,29.8,45.0,950.9,9.2,8.0,10.0,5.0,6.0,0.0
islamabad,2026-05-10 04:00:00+00:00,152.0,57.2,167.6,185.0,10.2,17.0,663.0,31.8,41.0,951.3,8.3,9.0,10.0,5.0,6.0,0.0
islamabad,2026-05-10 05:00:00+00:00,147.0,54.1,152.3,198.0,6.7,18.1,602.0,33.4,36.0,951.2,8.1,10.0,10.0,5.0,6.0,-5.0
islamabad,2026-05-10 06:00:00+00:00,138.0,50.4,134.1,205.0,4.2,18.3,549.0,34.2,35.0,951.4,7.4,11.0,10.0,5.0,6.0,-9.0
islamabad,2026-05-10 07:00:00+00:00,128.0,46.6,119.7,205.0,3.1,16.8,510.0,35.4,31.0,951.3,7.5,12.0,10.0,5.0,6.0,-10.0
islamabad,2026-05-10 08:00:00+00:00,121.0,43.8,108.7,200.0,3.1,14.3,479.0,34.9,28.0,950.8,9.5,13.0,10.0,5.0,6.0,-7.0
islamabad,2026-05-10 09:00:00+00:00,116.0,41.7,102.9,193.0,4.0,12.5,478.0,36.0,24.0,950.1,7.0,14.0,10.0,5.0,6.0,-5.0
islamabad,2026-05-10 10:00:00+00:00,116.0,41.6,104.3,187.0,5.2,12.1,504.0,35.9,24.0,949.4,7.4,15.0,10.0,5.0,6.0,0.0
islamabad,2026-05-10 11:00:00+00:00,117.0,42.0,106.6,179.0,7.4,12.5,561.0,34.7,25.0,948.7,6.8,16.0,10.0,5.0,6.0,1.0
islamabad,2026-05-10 12:00:00+00:00,122.0,43.9,105.7,167.0,12.8,13.2,685.0,33.6,31.0,947.0,3.3,17.0,10.0,5.0,6.0,5.0
islamabad,2026-05-10 13:00:00+00:00,127.0,46.1,91.5,147.0,23.3,14.5,958.0,32.7,32.0,947.3,4.8,18.0,10.0,5.0,6.0,5.0
islamabad,2026-05-10 14:00:00+00:00,138.0,50.5,91.5,123.0,37.0,16.1,1298.0,23.5,76.0,949.2,7.8,19.0,10.0,5.0,6.0,11.0
islamabad,2026-05-10 15:00:00+00:00,146.0,53.8,96.9,97.0,50.7,16.9,1493.0,25.6,67.0,948.8,12.2,20.0,10.0,5.0,6.0,8.0
islamabad,2026-05-10 16:00:00+00:00,153.0,58.8,100.6,66.0,66.8,16.4,1418.0,26.1,59.0,950.2,15.7,21.0,10.0,5.0,6.0,7.0
islamabad,2026-05-10 17:00:00+00:00,155.0,62.9,98.3,34.0,82.8,15.1,1199.0,24.5,70.0,949.8,9.7,22.0,10.0,5.0,6.0,2.0
islamabad,2026-05-10 18:00:00+00:00,154.0,62.2,91.5,17.0,88.5,13.7,996.0,22.4,86.0,951.3,2.3,23.0,10.0,5.0,6.0,-1.0
islamabad,2026-05-10 19:00:00+00:00,153.0,60.1,87.3,27.0,75.7,12.4,860.0,22.2,87.0,950.6,8.1,0.0,11.0,5.0,0.0,-1.0
islamabad,2026-05-10 20:00:00+00:00,151.0,56.0,81.0,51.0,52.5,11.0,741.0,22.2,82.0,949.8,4.7,1.0,11.0,5.0,0.0,-2.0
islamabad,2026-05-10 21:00:00+00:00,133.0,48.3,72.9,73.0,33.1,9.7,651.0,21.7,88.0,949.1,1.3,2.0,11.0,5.0,0.0,-18.0
islamabad,2026-05-10 22:00:00+00:00,114.0,40.7,66.4,85.0,22.3,8.4,591.0,21.6,86.0,949.3,8.6,3.0,11.0,5.0,0.0,-19.0
islamabad,2026-05-10 23:00:00+00:00,105.0,37.0,61.9,94.0,15.2,7.3,559.0,21.7,81.0,948.8,7.8,4.0,11.0,5.0,0.0,-9.0
islamabad,2026-05-11 00:00:00+00:00,157.0,66.8,102.2,42.0,33.7,8.3,562.0,21.7,84.0,949.2,10.3,5.0,11.0,5.0,0.0,52.0
islamabad,2026-05-11 01:00:00+00:00,158.0,69.6,106.4,62.0,33.2,9.5,630.0,22.2,80.0,949.5,3.8,6.0,11.0,5.0,0.0,1.0
islamabad,2026-05-11 02:00:00+00:00,158.0,69.4,93.8,90.0,32.1,11.3,733.0,22.0,82.0,952.4,15.0,7.0,11.0,5.0,0.0,0.0
islamabad,2026-05-11 03:00:00+00:00,152.0,56.5,97.8,121.0,29.1,13.5,780.0,22.6,80.0,952.0,12.6,8.0,11.0,5.0,0.0,-6.0
islamabad,2026-05-11 04:00:00+00:00,134.0,48.7,96.9,156.0,22.2,16.6,709.0,24.7,66.0,953.2,8.6,9.0,11.0,5.0,0.0,-18.0
islamabad,2026-05-11 05:00:00+00:00,133.0,48.4,99.4,193.0,13.3,20.1,583.0,24.0,70.0,953.7,2.8,10.0,11.0,5.0,0.0,-1.0
islamabad,2026-05-11 06:00:00+00:00,136.0,49.9,99.4,219.0,6.7,22.2,504.0,23.0,72.0,953.9,12.6,11.0,11.0,5.0,0.0,3.0
islamabad,2026-05-11 07:00:00+00:00,137.0,50.1,98.7,227.0,4.3,21.9,530.0,26.3,59.0,953.9,8.0,12.0,11.0,5.0,0.0,1.0
islamabad,2026-05-11 08:00:00+00:00,134.0,48.8,97.6,224.0,4.2,20.3,603.0,28.4,52.0,952.7,7.9,13.0,11.0,5.0,0.0,-3.0
islamabad,2026-05-11 09:00:00+00:00,128.0,46.4,94.3,218.0,5.1,18.9,657.0,29.0,48.0,951.6,2.7,14.0,11.0,5.0,0.0,-6.0
islamabad,2026-05-11 10:00:00+00:00,125.0,45.3,95.0,213.0,4.0,18.4,578.0,30.1,43.0,950.9,4.0,15.0,11.0,5.0,0.0,-3.0
islamabad,2026-05-11 11:00:00+00:00,124.0,44.9,93.6,205.0,3.8,18.3,481.0,30.9,41.0,949.8,5.2,16.0,11.0,5.0,0.0,-1.0
islamabad,2026-05-11 12:00:00+00:00,124.0,44.7,84.8,199.0,9.8,18.7,640.0,26.8,58.0,949.8,7.3,17.0,11.0,5.0,0.0,0.0
islamabad,2026-05-11 13:00:00+00:00,122.0,44.2,81.5,167.0,24.1,18.4,1394.0,26.8,58.0,949.0,3.9,18.0,11.0,5.0,0.0,-2.0
islamabad,2026-05-11 14:00:00+00:00,137.0,50.1,79.4,123.0,43.9,17.9,2405.0,26.0,70.0,948.5,1.7,19.0,11.0,5.0,0.0,15.0
islamabad,2026-05-11 15:00:00+00:00,150.0,55.2,82.0,85.0,60.2,17.0,2930.0,25.0,71.0,948.3,6.8,20.0,11.0,5.0,0.0,13.0
islamabad,2026-05-11 16:00:00+00:00,152.0,57.2,83.4,61.0,70.2,15.5,2488.0,24.2,73.0,949.0,9.8,21.0,11.0,5.0,0.0,2.0
islamabad,2026-05-11 17:00:00+00:00,153.0,60.3,86.1,43.0,76.6,13.6,1562.0,23.7,75.0,948.8,9.2,22.0,11.0,5.0,0.0,1.0
islamabad,2026-05-11 18:00:00+00:00,154.0,61.9,85.9,32.0,78.3,11.7,854.0,22.2,83.0,949.3,6.3,23.0,11.0,5.0,0.0,1.0
islamabad,2026-05-11 19:00:00+00:00,154.0,60.8,82.0,28.0,73.7,9.9,676.0,21.3,86.0,948.3,7.5,0.0,12.0,5.0,1.0,0.0
islamabad,2026-05-11 20:00:00+00:00,152.0,57.7,76.1,31.0,64.3,8.2,716.0,20.6,90.0,947.7,6.8,1.0,12.0,5.0,1.0,-2.0
islamabad,2026-05-11 21:00:00+00:00,144.0,52.9,68.2,39.0,53.6,6.8,747.0,20.4,89.0,947.1,6.9,2.0,12.0,5.0,1.0,-8.0
islamabad,2026-05-11 22:00:00+00:00,130.0,47.4,61.0,53.0,40.8,5.9,671.0,20.0,90.0,946.6,5.5,3.0,12.0,5.0,1.0,-14.0
islamabad,2026-05-11 23:00:00+00:00,110.0,39.0,53.1,72.0,26.6,5.2,585.0,19.6,90.0,946.7,4.8,4.0,12.0,5.0,1.0,-20.0
islamabad,2026-05-12 00:00:00+00:00,85.0,28.1,35.7,49.0,22.1,3.9,549.0,20.9,80.0,947.1,4.1,5.0,12.0,5.0,1.0,-25.0
islamabad,2026-05-12 01:00:00+00:00,79.0,25.4,34.0,64.0,21.3,4.1,615.0,21.1,83.0,947.8,0.6,6.0,12.0,5.0,1.0,-6.0
islamabad,2026-05-12 02:00:00+00:00,80.0,26.0,33.5,85.0,20.1,4.5,731.0,22.6,73.0,949.1,2.3,7.0,12.0,5.0,1.0,1.0
islamabad,2026-05-12 03:00:00+00:00,70.0,20.9,41.6,106.0,18.0,5.5,796.0,24.6,57.0,949.6,5.0,8.0,12.0,5.0,1.0,-10.0
islamabad,2026-05-12 04:00:00+00:00,69.0,20.7,49.9,125.0,14.2,7.5,756.0,27.0,46.0,949.9,3.9,9.0,12.0,5.0,1.0,-1.0
islamabad,2026-05-12 05:00:00+00:00,75.0,23.4,58.2,143.0,9.5,10.1,666.0,28.7,42.0,949.9,1.9,10.0,12.0,5.0,1.0,6.0
islamabad,2026-05-12 06:00:00+00:00,81.0,26.3,64.0,159.0,6.0,12.0,591.0,29.8,34.0,950.3,3.8,11.0,12.0,5.0,1.0,6.0
islamabad,2026-05-12 07:00:00+00:00,92.0,31.8,77.1,171.0,4.5,12.6,553.0,30.9,32.0,949.7,1.3,12.0,12.0,5.0,1.0,11.0
islamabad,2026-05-12 08:00:00+00:00,101.0,35.6,89.4,181.0,4.1,12.5,530.0,31.5,33.0,949.0,2.5,13.0,12.0,5.0,1.0,9.0
islamabad,2026-05-12 09:00:00+00:00,105.0,37.1,95.7,186.0,4.5,12.4,526.0,31.4,33.0,948.6,1.7,14.0,12.0,5.0,1.0,4.0
islamabad,2026-05-12 10:00:00+00:00,105.0,37.1,97.3,188.0,3.1,12.5,477.0,30.6,35.0,947.8,3.7,15.0,12.0,5.0,1.0,0.0
islamabad,2026-05-12 11:00:00+00:00,107.0,37.8,98.0,186.0,2.5,12.7,448.0,30.8,36.0,947.1,3.3,16.0,12.0,5.0,1.0,2.0
islamabad,2026-05-12 12:00:00+00:00,108.0,38.3,99.7,172.0,9.5,13.3,635.0,30.7,36.0,946.7,4.2,17.0,12.0,5.0,1.0,1.0
islamabad,2026-05-12 13:00:00+00:00,103.0,36.2,88.2,138.0,30.9,14.6,1308.0,29.1,44.0,946.4,7.1,18.0,12.0,5.0,1.0,-5.0
islamabad,2026-05-12 14:00:00+00:00,131.0,47.8,96.2,93.0,60.0,16.4,2197.0,26.9,56.0,946.1,3.6,19.0,12.0,5.0,1.0,28.0
islamabad,2026-05-12 15:00:00+00:00,152.0,58.0,109.2,57.0,83.8,18.0,2689.0,25.5,63.0,945.9,5.2,20.0,12.0,5.0,1.0,21.0
islamabad,2026-05-12 16:00:00+00:00,157.0,68.0,120.6,38.0,98.0,19.7,2415.0,24.1,70.0,946.2,3.2,21.0,12.0,5.0,1.0,5.0
islamabad,2026-05-12 17:00:00+00:00,161.0,74.0,128.5,28.0,106.9,21.2,1744.0,23.4,70.0,946.4,3.9,22.0,12.0,5.0,1.0,4.0
islamabad,2026-05-12 18:00:00+00:00,164.0,79.9,134.6,21.0,110.1,21.2,1164.0,24.8,58.0,946.4,5.1,23.0,12.0,5.0,1.0,3.0
islamabad,2026-05-12 19:00:00+00:00,164.0,80.6,131.8,13.0,106.8,18.4,833.0,24.3,60.0,946.1,4.7,0.0,13.0,5.0,2.0,0.0
islamabad,2026-05-12 20:00:00+00:00,161.0,75.4,114.6,8.0,97.7,14.2,594.0,23.9,63.0,946.0,3.7,1.0,13.0,5.0,2.0,-3.0
islamabad,2026-05-12 21:00:00+00:00,155.0,63.3,84.1,9.0,85.2,10.5,459.0,24.0,64.0,945.9,2.5,2.0,13.0,5.0,2.0,-6.0
islamabad,2026-05-12 22:00:00+00:00,132.0,48.2,63.1,18.0,66.7,8.2,471.0,24.1,60.0,945.7,3.6,3.0,13.0,5.0,2.0,-23.0
islamabad,2026-05-12 23:00:00+00:00,102.0,36.0,46.1,32.0,44.6,6.6,588.0,24.1,58.0,945.8,3.4,4.0,13.0,5.0,2.0,-30.0
islamabad,2026-05-13 00:00:00+00:00,74.0,23.0,26.6,26.0,27.0,3.2,699.0,21.8,71.0,945.5,2.6,5.0,13.0,5.0,2.0,-28.0
islamabad,2026-05-13 01:00:00+00:00,69.0,20.7,24.6,41.0,26.0,4.0,788.0,22.4,70.0,946.0,1.9,6.0,13.0,5.0,2.0,-5.0
islamabad,2026-05-13 02:00:00+00:00,69.0,20.7,26.1,62.0,24.4,5.1,872.0,24.4,65.0,946.9,1.2,7.0,13.0,5.0,2.0,0.0
islamabad,2026-05-13 03:00:00+00:00,67.0,19.6,30.3,83.0,21.6,6.0,891.0,26.9,50.0,947.9,1.5,8.0,13.0,5.0,2.0,-2.0
islamabad,2026-05-13 04:00:00+00:00,64.0,18.4,30.4,104.0,16.3,6.4,792.0,29.3,41.0,948.7,3.5,9.0,13.0,5.0,2.0,-3.0
islamabad,2026-05-13 05:00:00+00:00,60.0,16.4,27.2,124.0,9.8,6.7,628.0,28.5,43.0,948.9,7.5,10.0,13.0,5.0,2.0,-4.0
islamabad,2026-05-13 06:00:00+00:00,55.0,13.9,24.7,140.0,5.0,6.8,500.0,31.9,27.0,948.7,1.7,11.0,13.0,5.0,2.0,-5.0
islamabad,2026-05-13 07:00:00+00:00,51.0,12.3,23.5,149.0,3.4,6.9,447.0,32.9,26.0,948.0,1.5,12.0,13.0,5.0,2.0,-4.0
islamabad,2026-05-13 08:00:00+00:00,52.0,12.6,24.6,154.0,3.6,6.9,430.0,32.8,24.0,947.5,3.2,13.0,13.0,5.0,2.0,1.0
islamabad,2026-05-13 09:00:00+00:00,54.0,13.3,25.8,156.0,4.4,6.9,435.0,32.8,26.0,946.7,4.0,14.0,13.0,5.0,2.0,2.0
islamabad,2026-05-13 10:00:00+00:00,54.0,13.5,25.8,159.0,2.6,7.0,415.0,32.1,26.0,946.4,6.0,15.0,13.0,5.0,2.0,0.0
islamabad,2026-05-13 11:00:00+00:00,53.0,13.2,24.8,158.0,1.5,7.1,416.0,32.1,25.0,946.1,5.9,16.0,13.0,5.0,2.0,-1.0
islamabad,2026-05-13 12:00:00+00:00,61.0,16.8,31.7,144.0,10.0,7.7,564.0,31.9,28.0,944.9,8.2,17.0,13.0,5.0,2.0,8.0
islamabad,2026-05-13 13:00:00+00:00,68.0,20.3,31.9,103.0,37.8,8.4,1024.0,30.2,41.0,944.7,4.6,18.0,13.0,5.0,2.0,7.0
islamabad,2026-05-13 14:00:00+00:00,88.0,29.9,41.6,46.0,75.7,9.4,1631.0,28.2,48.0,944.2,6.9,19.0,13.0,5.0,2.0,20.0
islamabad,2026-05-13 15:00:00+00:00,120.0,43.4,54.9,4.0,101.4,9.9,2008.0,26.5,47.0,944.1,8.6,20.0,13.0,5.0,2.0,32.0
islamabad,2026-05-13 16:00:00+00:00,132.0,48.2,57.6,0.0,103.7,9.5,1969.0,25.4,48.0,944.3,8.8,21.0,13.0,5.0,2.0,12.0
islamabad,2026-05-13 17:00:00+00:00,136.0,49.7,57.6,0.0,93.7,8.6,1701.0,24.3,51.0,944.4,5.2,22.0,13.0,5.0,2.0,4.0
islamabad,2026-05-13 18:00:00+00:00,133.0,48.5,55.3,2.0,82.8,7.5,1385.0,24.3,58.0,944.5,1.1,23.0,13.0,5.0,2.0,-3.0
islamabad,2026-05-13 19:00:00+00:00,115.0,41.1,47.5,7.0,74.9,6.3,1026.0,23.4,62.0,944.7,3.2,0.0,14.0,5.0,3.0,-18.0
islamabad,2026-05-13 20:00:00+00:00,96.0,33.3,39.3,16.0,66.2,5.0,619.0,23.1,59.0,944.4,3.5,1.0,14.0,5.0,3.0,-19.0
islamabad,2026-05-13 21:00:00+00:00,81.0,26.3,31.9,25.0,55.7,4.0,332.0,22.2,67.0,944.2,2.0,2.0,14.0,5.0,3.0,-15.0
islamabad,2026-05-13 22:00:00+00:00,68.0,20.2,24.9,36.0,40.8,3.4,231.0,21.7,66.0,944.4,3.3,3.0,14.0,5.0,3.0,-13.0
islamabad,2026-05-13 23:00:00+00:00,59.0,15.9,19.5,49.0,24.2,3.1,249.0,21.4,63.0,944.1,3.1,4.0,14.0,5.0,3.0,-9.0
islamabad,2026-05-14 00:00:00+00:00,55.0,13.9,16.8,62.0,13.1,3.4,359.0,21.9,60.0,944.0,2.9,5.0,14.0,5.0,3.0,-4.0
islamabad,2026-05-14 01:00:00+00:00,55.0,14.2,17.4,64.0,17.4,3.9,638.0,22.0,55.0,945.3,9.7,6.0,14.0,5.0,3.0,0.0
islamabad,2026-05-14 02:00:00+00:00,62.0,17.4,19.8,67.0,23.0,4.7,1009.0,22.7,65.0,944.8,5.7,7.0,14.0,5.0,3.0,7.0
islamabad,2026-05-14 03:00:00+00:00,63.0,17.9,24.4,77.0,25.1,6.2,1208.0,26.0,52.0,946.3,5.0,8.0,14.0,5.0,3.0,1.0
islamabad,2026-05-14 04:00:00+00:00,61.0,17.0,29.8,99.0,20.2,9.0,1069.0,28.4,42.0,946.8,3.6,9.0,14.0,5.0,3.0,-2.0
islamabad,2026-05-14 05:00:00+00:00,64.0,18.2,35.9,128.0,11.9,12.5,759.0,30.9,33.0,947.2,3.4,10.0,14.0,5.0,3.0,3.0
islamabad,2026-05-14 06:00:00+00:00,66.0,19.1,38.6,150.0,5.6,14.6,510.0,32.1,29.0,947.4,0.2,11.0,14.0,5.0,3.0,2.0
islamabad,2026-05-14 07:00:00+00:00,68.0,20.3,42.7,161.0,3.5,14.1,396.0,33.3,27.0,946.9,1.8,12.0,14.0,5.0,3.0,2.0
islamabad,2026-05-14 08:00:00+00:00,71.0,21.5,45.3,165.0,3.4,12.4,345.0,32.4,27.0,946.4,11.8,13.0,14.0,5.0,3.0,3.0
islamabad,2026-05-14 09:00:00+00:00,72.0,22.1,45.3,165.0,4.6,10.9,369.0,28.7,34.0,947.1,15.5,14.0,14.0,5.0,3.0,1.0
islamabad,2026-05-14 10:00:00+00:00,73.0,22.4,44.4,162.0,5.3,10.4,500.0,29.4,40.0,946.7,3.0,15.0,14.0,5.0,3.0,1.0
islamabad,2026-05-14 11:00:00+00:00,72.0,22.2,42.6,155.0,7.2,10.3,708.0,29.0,43.0,945.9,8.5,16.0,14.0,5.0,3.0,-1.0
islamabad,2026-05-14 12:00:00+00:00,106.0,37.4,62.9,132.0,19.0,14.5,912.0,29.4,46.0,944.2,10.9,17.0,14.0,5.0,3.0,34.0
islamabad,2026-05-14 13:00:00+00:00,109.0,38.8,62.9,97.0,45.5,15.3,1114.0,28.6,45.0,944.1,9.2,18.0,14.0,5.0,3.0,3.0
islamabad,2026-05-14 14:00:00+00:00,129.0,46.8,69.2,48.0,81.6,16.3,1312.0,26.5,55.0,944.6,7.2,19.0,14.0,5.0,3.0,20.0
islamabad,2026-05-14 15:00:00+00:00,153.0,60.1,83.6,12.0,105.6,16.5,1430.0,25.0,61.0,944.6,5.0,20.0,14.0,5.0,3.0,24.0
islamabad,2026-05-14 16:00:00+00:00,158.0,69.2,93.4,0.0,106.7,15.2,1439.0,24.2,61.0,944.9,5.8,21.0,14.0,5.0,3.0,5.0
islamabad,2026-05-14 17:00:00+00:00,160.0,73.3,92.2,1.0,95.6,13.1,1366.0,23.0,65.0,945.5,4.5,22.0,14.0,5.0,3.0,2.0
islamabad,2026-05-14 18:00:00+00:00,155.0,63.1,75.7,4.0,83.3,10.9,1216.0,21.9,78.0,946.6,10.1,23.0,14.0,5.0,3.0,-5.0
islamabad,2026-05-14 19:00:00+00:00,139.0,51.0,61.5,9.0,72.7,8.7,933.0,21.9,69.0,945.7,13.0,0.0,15.0,5.0,4.0,-16.0
islamabad,2026-05-14 20:00:00+00:00,117.0,41.8,49.5,16.0,60.9,6.5,572.0,22.4,60.0,945.1,10.7,1.0,15.0,5.0,4.0,-22.0
islamabad,2026-05-14 21:00:00+00:00,96.0,33.3,38.4,23.0,49.7,4.7,306.0,22.1,60.0,944.5,6.5,2.0,15.0,5.0,4.0,-21.0
islamabad,2026-05-14 22:00:00+00:00,80.0,26.1,29.4,28.0,38.5,3.6,188.0,20.7,69.0,943.6,6.1,3.0,15.0,5.0,4.0,-16.0
islamabad,2026-05-14 23:00:00+00:00,69.0,20.7,22.7,32.0,27.9,3.1,165.0,20.2,71.0,943.4,5.0,4.0,15.0,5.0,4.0,-11.0
islamabad,2026-05-15 00:00:00+00:00,75.0,23.5,26.1,34.0,27.9,3.5,242.0,20.0,71.0,943.6,1.7,5.0,15.0,5.0,4.0,6.0
islamabad,2026-05-15 01:00:00+00:00,67.0,19.9,20.8,38.0,28.1,3.4,514.0,20.5,71.0,944.2,0.6,6.0,15.0,5.0,4.0,-8.0
islamabad,2026-05-15 02:00:00+00:00,70.0,21.1,21.4,45.0,28.2,3.4,886.0,22.9,71.0,945.2,2.3,7.0,15.0,5.0,4.0,3.0
islamabad,2026-05-15 03:00:00+00:00,61.0,16.9,19.0,59.0,26.4,4.4,1085.0,25.7,55.0,946.5,2.7,8.0,15.0,5.0,4.0,-9.0
islamabad,2026-05-15 04:00:00+00:00,58.0,15.5,25.3,89.0,20.8,7.4,933.0,28.1,45.0,947.3,4.0,9.0,15.0,5.0,4.0,-3.0
islamabad,2026-05-15 05:00:00+00:00,67.0,19.7,35.2,127.0,13.2,11.4,606.0,30.2,38.0,947.9,4.7,10.0,15.0,5.0,4.0,9.0
islamabad,2026-05-15 06:00:00+00:00,72.0,22.1,39.3,154.0,7.7,13.8,361.0,31.3,30.0,948.3,8.3,11.0,15.0,5.0,4.0,5.0
islamabad,2026-05-15 07:00:00+00:00,74.0,23.1,40.7,162.0,5.8,12.9,294.0,32.5,28.0,947.4,2.4,12.0,15.0,5.0,4.0,2.0
islamabad,2026-05-15 08:00:00+00:00,76.0,24.2,42.3,160.0,6.0,10.5,308.0,30.0,33.0,947.4,5.2,13.0,15.0,5.0,4.0,2.0
islamabad,2026-05-15 09:00:00+00:00,78.0,25.0,42.7,157.0,7.2,9.2,368.0,29.6,35.0,947.5,6.5,14.0,15.0,5.0,4.0,2.0
islamabad,2026-05-15 10:00:00+00:00,81.0,26.3,43.9,160.0,5.9,10.2,420.0,30.2,33.0,947.3,6.8,15.0,15.0,5.0,4.0,3.0
islamabad,2026-05-15 11:00:00+00:00,83.0,27.4,44.9,161.0,5.7,12.3,518.0,28.6,41.0,946.9,5.9,16.0,15.0,5.0,4.0,2.0
islamabad,2026-05-15 12:00:00+00:00,55.0,14.1,18.8,151.0,11.5,10.5,782.0,31.9,29.0,945.3,3.1,17.0,15.0,5.0,4.0,-28.0
islamabad,2026-05-15 13:00:00+00:00,61.0,16.7,20.9,109.0,42.4,11.6,1446.0,30.2,41.0,945.2,4.0,18.0,15.0,5.0,4.0,6.0
islamabad,2026-05-15 14:00:00+00:00,88.0,29.6,33.9,51.0,84.6,13.0,2276.0,27.6,54.0,945.1,5.2,19.0,15.0,5.0,4.0,27.0
islamabad,2026-05-15 15:00:00+00:00,120.0,43.3,47.5,9.0,112.8,13.6,2696.0,26.3,59.0,945.4,5.6,20.0,15.0,5.0,4.0,32.0
islamabad,2026-05-15 16:00:00+00:00,142.0,52.0,56.1,0.0,113.7,12.6,2335.0,25.3,61.0,945.7,4.6,21.0,15.0,5.0,4.0,22.0
islamabad,2026-05-15 17:00:00+00:00,142.0,52.2,55.4,0.0,100.6,10.8,1563.0,24.8,61.0,945.9,4.7,22.0,15.0,5.0,4.0,0.0
islamabad,2026-05-15 18:00:00+00:00,122.0,44.1,46.7,5.0,88.5,9.0,914.0,25.9,50.0,946.2,7.8,23.0,15.0,5.0,4.0,-20.0
islamabad,2026-05-15 19:00:00+00:00,108.0,38.3,40.7,6.0,83.4,7.5,582.0,24.8,55.0,946.0,5.4,0.0,16.0,5.0,5.0,-14.0
islamabad,2026-05-15 20:00:00+00:00,95.0,32.9,35.0,8.0,79.3,6.1,373.0,24.1,58.0,945.6,5.6,1.0,16.0,5.0,5.0,-13.0
islamabad,2026-05-15 21:00:00+00:00,84.0,27.6,29.5,12.0,72.9,5.0,240.0,23.2,63.0,944.7,6.0,2.0,16.0,5.0,5.0,-11.0
islamabad,2026-05-15 22:00:00+00:00,74.0,23.1,24.7,17.0,61.4,4.3,170.0,23.0,63.0,944.2,6.0,3.0,16.0,5.0,5.0,-10.0
islamabad,2026-05-15 23:00:00+00:00,66.0,19.4,21.0,24.0,47.5,3.9,177.0,22.9,60.0,944.2,5.4,4.0,16.0,5.0,5.0,-8.0
islamabad,2026-05-16 00:00:00+00:00,75.0,23.5,25.6,27.0,39.0,4.9,256.0,21.4,75.0,944.2,3.4,5.0,16.0,5.0,5.0,9.0
islamabad,2026-05-16 01:00:00+00:00,71.0,21.7,23.3,44.0,34.9,6.0,477.0,21.6,76.0,944.5,2.3,6.0,16.0,5.0,5.0,-4.0
islamabad,2026-05-16 02:00:00+00:00,71.0,21.5,23.0,69.0,29.0,7.6,769.0,24.2,76.0,945.6,0.2,7.0,16.0,5.0,5.0,0.0
islamabad,2026-05-16 03:00:00+00:00,61.0,16.9,21.3,95.0,23.0,9.2,916.0,27.1,55.0,946.8,2.3,8.0,16.0,5.0,5.0,-10.0
islamabad,2026-05-16 04:00:00+00:00,59.0,16.1,22.8,123.0,16.8,10.8,773.0,29.4,47.0,947.4,2.1,9.0,16.0,5.0,5.0,-2.0
islamabad,2026-05-16 05:00:00+00:00,60.0,16.2,23.5,152.0,10.4,12.4,486.0,31.7,36.0,947.8,3.2,10.0,16.0,5.0,5.0,1.0
islamabad,2026-05-16 06:00:00+00:00,60.0,16.5,23.8,173.0,5.7,13.0,272.0,32.5,32.0,948.2,2.4,11.0,16.0,5.0,5.0,0.0
islamabad,2026-05-16 07:00:00+00:00,59.0,16.1,24.4,181.0,3.7,11.9,219.0,33.6,29.0,948.1,2.2,12.0,16.0,5.0,5.0,-1.0
islamabad,2026-05-16 08:00:00+00:00,59.0,15.8,26.5,180.0,3.4,9.7,240.0,34.3,26.0,947.6,2.8,13.0,16.0,5.0,5.0,0.0
islamabad,2026-05-16 09:00:00+00:00,58.0,15.4,28.3,176.0,3.8,8.0,288.0,34.7,24.0,946.9,4.2,14.0,16.0,5.0,5.0,-1.0
islamabad,2026-05-16 10:00:00+00:00,57.0,15.0,29.2,175.0,0.9,7.0,333.0,34.9,22.0,946.3,6.7,15.0,16.0,5.0,5.0,-1.0
islamabad,2026-05-16 11:00:00+00:00,56.0,14.4,29.6,171.0,0.0,6.5,406.0,34.3,22.0,946.0,9.1,16.0,16.0,5.0,5.0,-1.0
islamabad,2026-05-16 12:00:00+00:00,40.0,9.6,20.9,150.0,7.9,6.6,551.0,34.1,22.0,945.3,6.9,17.0,16.0,5.0,5.0,-16.0
islamabad,2026-05-16 13:00:00+00:00,47.0,11.3,22.2,112.0,33.4,7.5,861.0,32.0,35.0,945.2,6.1,18.0,16.0,5.0,5.0,7.0
islamabad,2026-05-16 14:00:00+00:00,67.0,19.5,29.7,59.0,68.5,8.6,1242.0,29.0,43.0,945.5,7.1,19.0,16.0,5.0,5.0,20.0
islamabad,2026-05-16 15:00:00+00:00,92.0,31.4,42.6,19.0,93.4,9.4,1461.0,26.9,50.0,945.6,6.4,20.0,16.0,5.0,5.0,25.0
islamabad,2026-05-16 16:00:00+00:00,114.0,40.6,50.5,4.0,99.1,9.5,1388.0,25.2,58.0,946.1,7.8,21.0,16.0,5.0,5.0,22.0
islamabad,2026-05-16 17:00:00+00:00,127.0,46.1,53.2,1.0,94.7,9.3,1152.0,24.5,61.0,946.2,6.2,22.0,16.0,5.0,5.0,13.0
islamabad,2026-05-16 18:00:00+00:00,115.0,41.1,44.6,4.0,87.8,8.7,906.0,25.7,57.0,946.7,6.2,23.0,16.0,5.0,5.0,-12.0
islamabad,2026-05-16 19:00:00+00:00,95.0,33.2,34.9,11.0,80.1,7.6,671.0,25.2,57.0,946.4,4.9,0.0,17.0,5.0,6.0,-20.0
islamabad,2026-05-16 20:00:00+00:00,80.0,26.0,26.8,24.0,69.9,6.2,425.0,23.8,65.0,946.1,2.7,1.0,17.0,5.0,6.0,-15.0
islamabad,2026-05-16 21:00:00+00:00,70.0,21.0,21.7,34.0,59.3,5.1,255.0,23.4,65.0,945.7,2.2,2.0,17.0,5.0,6.0,-10.0
islamabad,2026-05-16 22:00:00+00:00,62.0,17.5,18.0,38.0,47.8,4.4,205.0,23.5,61.0,945.4,2.4,3.0,17.0,5.0,6.0,-8.0
islamabad,2026-05-16 23:00:00+00:00,57.0,14.8,15.3,40.0,35.9,3.9,230.0,23.9,55.0,945.8,3.7,4.0,17.0,5.0,6.0,-5.0
islamabad,2026-05-17 00:00:00+00:00,63.0,17.8,18.7,32.0,43.4,4.1,280.0,23.9,56.0,945.7,2.5,5.0,17.0,5.0,6.0,6.0
islamabad,2026-05-17 01:00:00+00:00,59.0,15.8,16.5,52.0,36.3,4.7,366.0,23.9,57.0,945.9,2.7,6.0,17.0,5.0,6.0,-4.0
islamabad,2026-05-17 02:00:00+00:00,59.0,16.1,16.9,79.0,26.3,5.6,477.0,26.4,54.0,946.7,4.4,7.0,17.0,5.0,6.0,0.0
islamabad,2026-05-17 03:00:00+00:00,53.0,13.2,16.1,105.0,17.6,6.2,529.0,29.5,37.0,947.4,4.2,8.0,17.0,5.0,6.0,-6.0
islamabad,2026-05-17 04:00:00+00:00,38.0,9.1,13.6,126.0,11.3,6.5,465.0,32.1,30.0,947.8,7.2,9.0,17.0,5.0,6.0,-15.0
islamabad,2026-05-17 05:00:00+00:00,32.0,7.7,13.9,144.0,6.3,6.5,342.0,34.0,24.0,947.8,10.8,10.0,17.0,5.0,6.0,-6.0
islamabad,2026-05-17 06:00:00+00:00,32.0,7.8,13.1,158.0,2.9,6.4,250.0,34.9,23.0,948.2,13.2,11.0,17.0,5.0,6.0,0.0
islamabad,2026-05-17 07:00:00+00:00,33.0,7.9,12.2,164.0,1.6,6.0,223.0,35.4,22.0,947.7,14.3,12.0,17.0,5.0,6.0,1.0
islamabad,2026-05-17 08:00:00+00:00,32.0,7.8,11.4,166.0,2.0,5.3,227.0,35.8,21.0,947.2,14.8,13.0,17.0,5.0,6.0,-1.0
islamabad,2026-05-17 09:00:00+00:00,32.0,7.7,10.9,165.0,2.6,4.9,247.0,36.0,21.0,946.4,14.3,14.0,17.0,5.0,6.0,0.0
islamabad,2026-05-17 10:00:00+00:00,32.0,7.7,11.0,166.0,1.5,4.7,272.0,36.0,21.0,945.9,13.0,15.0,17.0,5.0,6.0,0.0
islamabad,2026-05-17 11:00:00+00:00,32.0,7.7,11.2,165.0,0.7,4.8,313.0,35.8,21.0,945.5,12.8,16.0,17.0,5.0,6.0,0.0
islamabad,2026-05-17 12:00:00+00:00,15.0,3.6,4.9,153.0,4.9,4.8,388.0,35.9,20.0,944.8,10.8,17.0,17.0,5.0,6.0,-17.0
islamabad,2026-05-17 13:00:00+00:00,18.0,4.3,6.2,130.0,16.9,5.6,541.0,34.4,24.0,944.5,9.6,18.0,17.0,5.0,6.0,3.0
islamabad,2026-05-17 14:00:00+00:00,39.0,9.4,11.3,97.0,33.7,6.7,728.0,31.7,31.0,944.1,7.1,19.0,17.0,5.0,6.0,21.0
islamabad,2026-05-17 15:00:00+00:00,63.0,18.0,20.3,68.0,48.3,7.5,829.0,29.7,36.0,944.0,7.9,20.0,17.0,5.0,6.0,24.0
islamabad,2026-05-17 16:00:00+00:00,79.0,25.3,27.6,46.0,59.7,7.8,773.0,27.8,42.0,943.9,7.6,21.0,17.0,5.0,6.0,16.0
islamabad,2026-05-17 17:00:00+00:00,92.0,31.8,33.9,27.0,68.8,7.8,632.0,27.0,46.0,944.2,7.8,22.0,17.0,5.0,6.0,13.0
islamabad,2026-05-17 18:00:00+00:00,90.0,30.6,31.9,17.0,71.4,7.5,497.0,27.8,43.0,944.1,8.0,23.0,17.0,5.0,6.0,-2.0
islamabad,2026-05-17 19:00:00+00:00,79.0,25.2,26.0,20.0,63.2,6.6,391.0,27.3,42.0,943.6,6.9,0.0,18.0,5.0,0.0,-11.0
islamabad,2026-05-17 20:00:00+00:00,70.0,21.1,21.8,32.0,48.5,5.5,291.0,27.1,39.0,943.2,6.6,1.0,18.0,5.0,0.0,-9.0
islamabad,2026-05-17 21:00:00+00:00,63.0,17.6,18.2,43.0,36.1,4.6,223.0,27.0,37.0,942.6,5.6,2.0,18.0,5.0,0.0,-7.0
islamabad,2026-05-17 22:00:00+00:00,56.0,14.7,15.1,47.0,29.0,4.2,185.0,26.5,38.0,942.5,5.5,3.0,18.0,5.0,0.0,-7.0
islamabad,2026-05-17 23:00:00+00:00,52.0,12.4,12.7,50.0,24.2,4.1,178.0,26.6,37.0,942.4,6.5,4.0,18.0,5.0,0.0,-4.0
islamabad,2026-05-18 00:00:00+00:00,49.0,11.7,12.0,57.0,21.9,4.3,230.0,27.1,40.0,942.4,8.3,5.0,18.0,5.0,0.0,-3.0
islamabad,2026-05-18 01:00:00+00:00,47.0,11.3,11.6,73.0,22.7,5.3,406.0,26.6,46.0,942.4,7.0,6.0,18.0,5.0,0.0,-2.0
islamabad,2026-05-18 02:00:00+00:00,53.0,13.0,13.4,96.0,23.6,6.8,641.0,29.1,45.0,943.2,5.8,7.0,18.0,5.0,0.0,6.0
islamabad,2026-05-18 03:00:00+00:00,42.0,10.2,11.2,118.0,22.4,7.9,767.0,32.5,35.0,944.0,1.5,8.0,18.0,5.0,0.0,-11.0
islamabad,2026-05-18 04:00:00+00:00,31.0,7.4,10.0,140.0,17.3,8.5,678.0,35.2,27.0,944.4,3.8,9.0,18.0,5.0,0.0,-11.0
islamabad,2026-05-18 05:00:00+00:00,30.0,7.3,12.0,162.0,10.1,8.8,481.0,37.2,21.0,944.5,7.4,10.0,18.0,5.0,0.0,-1.0
islamabad,2026-05-18 06:00:00+00:00,34.0,8.1,14.6,176.0,4.8,8.8,330.0,38.5,20.0,944.9,8.4,11.0,18.0,5.0,0.0,4.0
islamabad,2026-05-18 07:00:00+00:00,40.0,9.7,21.7,178.0,3.0,8.3,276.0,39.2,18.0,944.6,8.7,12.0,18.0,5.0,0.0,6.0
islamabad,2026-05-18 08:00:00+00:00,53.0,13.2,33.3,172.0,3.0,7.5,269.0,39.9,17.0,944.4,8.3,13.0,18.0,5.0,0.0,13.0
islamabad,2026-05-18 09:00:00+00:00,62.0,17.1,47.6,165.0,3.6,6.9,310.0,40.3,17.0,943.7,7.9,14.0,18.0,5.0,0.0,9.0
islamabad,2026-05-18 10:00:00+00:00,67.0,19.6,62.9,161.0,2.1,6.7,367.0,40.3,16.0,943.5,8.6,15.0,18.0,5.0,0.0,5.0
islamabad,2026-05-18 11:00:00+00:00,70.0,21.3,74.5,155.0,1.2,6.8,473.0,39.4,15.0,943.7,9.1,16.0,18.0,5.0,0.0,3.0
islamabad,2026-05-18 12:00:00+00:00,64.0,18.1,69.6,131.0,7.8,6.6,731.0,39.9,13.0,942.8,12.3,17.0,18.0,5.0,0.0,-6.0
islamabad,2026-05-18 13:00:00+00:00,66.0,19.0,63.1,108.0,20.5,7.4,1358.0,37.0,18.0,942.5,8.2,18.0,18.0,5.0,0.0,2.0
islamabad,2026-05-18 14:00:00+00:00,80.0,25.8,65.7,77.0,38.3,8.4,2138.0,35.1,24.0,942.2,1.8,19.0,18.0,5.0,0.0,14.0
islamabad,2026-05-18 15:00:00+00:00,89.0,30.0,65.9,50.0,53.0,9.1,2524.0,33.5,26.0,942.3,2.0,20.0,18.0,5.0,0.0,9.0
islamabad,2026-05-18 16:00:00+00:00,96.0,33.3,65.9,33.0,62.9,9.3,2148.0,32.2,29.0,942.9,3.8,21.0,18.0,5.0,0.0,7.0
islamabad,2026-05-18 17:00:00+00:00,107.0,37.8,67.1,21.0,69.8,9.1,1378.0,30.3,33.0,943.0,9.4,22.0,18.0,5.0,0.0,11.0
islamabad,2026-05-18 18:00:00+00:00,109.0,38.8,62.6,16.0,70.5,8.7,774.0,30.2,35.0,942.5,10.3,23.0,18.0,5.0,0.0,2.0
islamabad,2026-05-18 19:00:00+00:00,101.0,35.7,54.7,21.0,61.7,8.0,579.0,30.0,36.0,942.6,6.5,0.0,19.0,5.0,1.0,-8.0
islamabad,2026-05-18 20:00:00+00:00,91.0,31.0,46.6,33.0,46.8,7.0,550.0,29.5,39.0,942.7,6.3,1.0,19.0,5.0,1.0,-10.0
islamabad,2026-05-18 21:00:00+00:00,79.0,25.3,40.0,47.0,33.2,6.1,520.0,24.0,64.0,943.0,23.6,2.0,19.0,5.0,1.0,-12.0
islamabad,2026-05-18 22:00:00+00:00,68.0,20.0,32.0,64.0,22.5,5.5,409.0,26.6,50.0,942.8,15.7,3.0,19.0,5.0,1.0,-11.0
islamabad,2026-05-18 23:00:00+00:00,58.0,15.3,27.8,83.0,13.1,4.9,297.0,27.4,44.0,942.7,14.7,4.0,19.0,5.0,1.0,-10.0
islamabad,2026-05-19 00:00:00+00:00,55.0,14.1,26.8,84.0,9.7,4.6,254.0,28.3,39.0,942.5,13.8,5.0,19.0,5.0,1.0,-3.0
islamabad,2026-05-19 01:00:00+00:00,56.0,14.4,26.7,86.0,13.7,5.1,343.0,28.9,36.0,943.3,8.7,6.0,19.0,5.0,1.0,1.0
islamabad,2026-05-19 02:00:00+00:00,63.0,17.6,28.2,91.0,18.9,5.9,500.0,30.4,34.0,944.1,8.0,7.0,19.0,5.0,1.0,7.0
islamabad,2026-05-19 03:00:00+00:00,68.0,20.4,39.7,102.0,21.1,6.9,611.0,33.3,27.0,945.2,2.3,8.0,19.0,5.0,1.0,5.0
islamabad,2026-05-19 04:00:00+00:00,74.0,22.8,46.7,129.0,17.1,8.3,624.0,34.4,27.0,945.9,3.1,9.0,19.0,5.0,1.0,6.0
islamabad,2026-05-19 05:00:00+00:00,75.0,23.7,48.2,163.0,10.0,9.8,590.0,36.4,26.0,946.4,7.0,10.0,19.0,5.0,1.0,1.0
islamabad,2026-05-19 06:00:00+00:00,73.0,22.6,45.3,185.0,4.6,10.6,542.0,37.6,18.0,946.9,13.0,11.0,19.0,5.0,1.0,-2.0
islamabad,2026-05-19 07:00:00+00:00,69.0,20.6,40.3,185.0,2.8,9.9,465.0,38.6,15.0,946.5,13.2,12.0,19.0,5.0,1.0,-4.0
islamabad,2026-05-19 08:00:00+00:00,63.0,17.8,34.5,173.0,2.7,8.4,375.0,39.5,12.0,945.9,14.9,13.0,19.0,5.0,1.0,-6.0
islamabad,2026-05-19 09:00:00+00:00,61.0,16.9,34.3,161.0,3.1,7.1,355.0,39.3,13.0,945.3,15.9,14.0,19.0,5.0,1.0,-2.0
islamabad,2026-05-19 10:00:00+00:00,62.0,17.2,37.8,155.0,2.7,6.4,429.0,39.7,12.0,944.7,15.5,15.0,19.0,5.0,1.0,1.0
islamabad,2026-05-19 11:00:00+00:00,62.0,17.3,40.0,150.0,2.9,6.0,573.0,39.3,12.0,944.4,15.9,16.0,19.0,5.0,1.0,0.0
islamabad,2026-05-19 12:00:00+00:00,70.0,20.9,59.8,140.0,6.5,5.4,798.0,39.3,9.0,943.7,17.2,17.0,19.0,5.0,1.0,8.0
islamabad,2026-05-19 13:00:00+00:00,70.0,21.2,56.2,123.0,16.6,6.1,1227.0,37.6,12.0,943.8,15.6,18.0,19.0,5.0,1.0,0.0
islamabad,2026-05-19 14:00:00+00:00,79.0,25.4,54.6,100.0,30.9,7.0,1736.0,35.2,16.0,944.0,13.0,19.0,19.0,5.0,1.0,9.0
islamabad,2026-05-19 15:00:00+00:00,90.0,30.7,62.9,77.0,44.2,7.8,1968.0,33.5,20.0,944.1,10.2,20.0,19.0,5.0,1.0,11.0
islamabad,2026-05-19 16:00:00+00:00,99.0,34.8,68.0,56.0,57.1,8.5,1669.0,31.3,24.0,944.4,8.4,21.0,19.0,5.0,1.0,9.0
islamabad,2026-05-19 17:00:00+00:00,112.0,39.8,73.1,36.0,69.0,9.2,1092.0,30.0,25.0,944.5,9.4,22.0,19.0,5.0,1.0,13.0
islamabad,2026-05-19 18:00:00+00:00,123.0,44.4,74.7,25.0,72.7,9.2,636.0,30.5,28.0,944.2,6.9,23.0,19.0,5.0,1.0,11.0
islamabad,2026-05-19 19:00:00+00:00,112.0,39.8,61.5,28.0,61.9,8.1,467.0,29.5,29.0,944.0,6.3,0.0,20.0,5.0,2.0,-11.0
islamabad,2026-05-19 20:00:00+00:00,91.0,31.2,49.1,40.0,42.9,6.4,420.0,29.6,29.0,943.7,3.6,1.0,20.0,5.0,2.0,-21.0
islamabad,2026-05-19 21:00:00+00:00,78.0,25.0,40.0,51.0,27.2,5.1,398.0,29.3,28.0,943.7,6.9,2.0,20.0,5.0,2.0,-13.0
islamabad,2026-05-19 22:00:00+00:00,70.0,21.2,34.5,56.0,18.6,4.5,358.0,28.7,29.0,943.5,7.5,3.0,20.0,5.0,2.0,-8.0
islamabad,2026-05-19 23:00:00+00:00,65.0,18.9,31.7,60.0,13.2,4.2,344.0,28.6,30.0,943.6,6.2,4.0,20.0,5.0,2.0,-5.0
islamabad,2026-05-20 00:00:00+00:00,63.0,17.6,29.7,80.0,9.2,3.9,393.0,28.4,34.0,943.4,4.8,5.0,20.0,5.0,2.0,-2.0
islamabad,2026-05-20 01:00:00+00:00,63.0,17.8,31.4,82.0,14.0,4.5,580.0,28.9,31.0,943.6,8.9,6.0,20.0,5.0,2.0,0.0
islamabad,2026-05-20 02:00:00+00:00,68.0,20.2,29.7,85.0,20.2,5.3,829.0,30.3,31.0,944.4,9.8,7.0,20.0,5.0,2.0,5.0
islamabad,2026-05-20 03:00:00+00:00,76.0,24.1,47.6,94.0,22.8,6.1,949.0,33.0,27.0,945.4,7.4,8.0,20.0,5.0,2.0,8.0
islamabad,2026-05-20 04:00:00+00:00,76.0,23.8,57.0,114.0,18.0,6.7,810.0,35.9,20.0,946.0,9.1,9.0,20.0,5.0,2.0,0.0
islamabad,2026-05-20 05:00:00+00:00,69.0,20.7,49.1,139.0,9.5,7.2,542.0,37.5,18.0,946.1,9.4,10.0,20.0,5.0,2.0,-7.0
islamabad,2026-05-20 06:00:00+00:00,66.0,19.0,43.8,157.0,3.2,7.5,338.0,39.1,12.0,946.3,12.9,11.0,20.0,5.0,2.0,-3.0
islamabad,2026-05-20 07:00:00+00:00,65.0,18.6,43.1,162.0,1.6,7.4,260.0,39.3,11.0,945.9,14.8,12.0,20.0,5.0,2.0,-1.0
islamabad,2026-05-20 08:00:00+00:00,66.0,19.0,45.2,160.0,2.3,7.0,246.0,39.6,11.0,945.0,14.8,13.0,20.0,5.0,2.0,1.0
islamabad,2026-05-20 09:00:00+00:00,68.0,20.1,49.5,157.0,3.4,6.9,307.0,39.8,10.0,944.3,13.3,14.0,20.0,5.0,2.0,2.0
islamabad,2026-05-20 10:00:00+00:00,70.0,21.1,52.6,155.0,3.9,7.2,484.0,39.2,11.0,943.9,9.8,15.0,20.0,5.0,2.0,2.0
islamabad,2026-05-20 11:00:00+00:00,72.0,22.2,55.8,152.0,4.9,7.6,737.0,38.9,12.0,943.6,4.5,16.0,20.0,5.0,2.0,2.0
islamabad,2026-05-20 12:00:00+00:00,72.0,22.2,60.5,139.0,7.3,7.5,952.0,39.6,10.0,942.6,10.7,17.0,20.0,5.0,2.0,0.0
islamabad,2026-05-20 13:00:00+00:00,73.0,22.4,58.1,121.0,17.4,8.1,1093.0,37.4,12.0,942.6,7.3,18.0,20.0,5.0,2.0,1.0
islamabad,2026-05-20 14:00:00+00:00,78.0,24.9,58.4,95.0,31.8,9.1,1197.0,32.1,28.0,943.4,22.8,19.0,20.0,5.0,2.0,5.0
islamabad,2026-05-20 15:00:00+00:00,89.0,30.3,63.6,71.0,46.1,9.9,1265.0,29.7,33.0,944.2,22.6,20.0,20.0,5.0,2.0,11.0
islamabad,2026-05-20 16:00:00+00:00,110.0,39.2,71.5,47.0,62.0,10.8,1322.0,30.7,28.0,945.0,14.8,21.0,20.0,5.0,2.0,21.0
islamabad,2026-05-20 17:00:00+00:00,134.0,48.7,78.5,25.0,77.8,11.7,1344.0,29.9,32.0,944.8,12.6,22.0,20.0,5.0,2.0,24.0
islamabad,2026-05-20 18:00:00+00:00,142.0,52.0,79.2,14.0,83.7,11.7,1260.0,31.2,27.0,944.5,10.7,23.0,20.0,5.0,2.0,8.0
islamabad,2026-05-20 19:00:00+00:00,121.0,43.5,66.4,24.0,72.0,10.2,975.0,29.4,32.0,945.6,15.2,0.0,21.0,5.0,3.0,-21.0
islamabad,2026-05-20 20:00:00+00:00,98.0,34.3,53.0,46.0,50.4,7.9,584.0,25.9,52.0,944.6,20.8,1.0,21.0,5.0,3.0,-23.0
islamabad,2026-05-20 21:00:00+00:00,82.0,26.9,45.5,62.0,32.8,6.0,298.0,24.9,56.0,945.4,8.6,2.0,21.0,5.0,3.0,-16.0
islamabad,2026-05-20 22:00:00+00:00,72.0,22.0,33.3,63.0,24.4,4.8,183.0,24.1,66.0,946.3,8.4,3.0,21.0,5.0,3.0,-10.0
islamabad,2026-05-20 23:00:00+00:00,64.0,18.4,25.3,57.0,20.0,3.8,173.0,23.8,68.0,946.1,7.0,4.0,21.0,5.0,3.0,-8.0
islamabad,2026-05-21 00:00:00+00:00,71.0,21.6,41.1,84.0,9.7,4.5,284.0,24.8,54.0,946.0,9.2,5.0,21.0,5.0,3.0,7.0
islamabad,2026-05-21 01:00:00+00:00,67.0,19.5,36.7,81.0,14.9,4.4,639.0,24.7,57.0,946.2,2.9,6.0,21.0,5.0,3.0,-4.0
islamabad,2026-05-21 02:00:00+00:00,74.0,22.8,57.5,79.0,21.8,4.4,1115.0,25.3,58.0,947.2,9.8,7.0,21.0,5.0,3.0,7.0
islamabad,2026-05-21 03:00:00+00:00,79.0,25.6,62.9,80.0,25.0,4.6,1364.0,26.2,54.0,947.8,3.6,8.0,21.0,5.0,3.0,5.0
islamabad,2026-05-21 04:00:00+00:00,79.0,25.2,60.3,90.0,20.7,5.3,1161.0,27.1,48.0,947.9,5.5,9.0,21.0,5.0,3.0,0.0
islamabad,2026-05-21 05:00:00+00:00,74.0,23.2,62.9,104.0,12.7,6.2,731.0,30.9,35.0,948.3,3.9,10.0,21.0,5.0,3.0,-5.0
islamabad,2026-05-21 06:00:00+00:00,73.0,22.4,64.7,116.0,6.4,6.8,404.0,33.1,27.0,948.7,6.2,11.0,21.0,5.0,3.0,-1.0
islamabad,2026-05-21 07:00:00+00:00,75.0,23.7,82.4,122.0,4.0,6.6,319.0,33.8,26.0,948.3,1.1,12.0,21.0,5.0,3.0,2.0
islamabad,2026-05-21 08:00:00+00:00,79.0,25.6,104.1,125.0,3.2,6.0,337.0,33.5,27.0,948.0,6.2,13.0,21.0,5.0,3.0,4.0
islamabad,2026-05-21 09:00:00+00:00,86.0,28.6,122.9,127.0,3.5,5.9,373.0,34.5,27.0,947.1,4.8,14.0,21.0,5.0,3.0,7.0
islamabad,2026-05-21 10:00:00+00:00,91.0,30.9,130.9,131.0,3.5,6.8,376.0,34.3,23.0,946.4,2.0,15.0,21.0,5.0,3.0,5.0
islamabad,2026-05-21 11:00:00+00:00,94.0,32.6,129.5,134.0,4.5,8.1,398.0,33.9,25.0,946.1,4.0,16.0,21.0,5.0,3.0,3.0
islamabad,2026-05-21 12:00:00+00:00,97.0,33.9,128.5,125.0,12.7,11.5,506.0,34.4,25.0,945.1,3.8,17.0,21.0,5.0,3.0,3.0
islamabad,2026-05-21 13:00:00+00:00,98.0,34.3,130.9,88.0,41.3,12.5,790.0,33.8,29.0,945.7,1.8,18.0,21.0,5.0,3.0,1.0
islamabad,2026-05-21 14:00:00+00:00,118.0,42.6,135.5,38.0,79.8,13.8,1161.0,31.1,39.0,945.8,11.7,19.0,21.0,5.0,3.0,20.0
islamabad,2026-05-21 15:00:00+00:00,152.0,56.7,152.7,7.0,101.0,14.2,1415.0,29.3,41.0,946.1,10.7,20.0,21.0,5.0,3.0,34.0
islamabad,2026-05-21 16:00:00+00:00,117.0,42.0,110.1,15.0,88.0,12.7,1478.0,26.7,48.0,947.5,15.3,21.0,21.0,5.0,3.0,-35.0
islamabad,2026-05-21 17:00:00+00:00,97.0,34.0,79.4,43.0,57.8,10.3,1426.0,21.7,82.0,947.5,21.9,22.0,21.0,5.0,3.0,-20.0
islamabad,2026-05-21 18:00:00+00:00,107.0,37.8,90.6,63.0,34.1,8.3,1281.0,22.8,79.0,948.9,11.3,23.0,21.0,5.0,3.0,10.0
islamabad,2026-05-21 19:00:00+00:00,102.0,36.0,68.2,65.0,26.9,7.3,982.0,23.4,76.0,949.1,3.1,0.0,22.0,5.0,4.0,-5.0
islamabad,2026-05-21 20:00:00+00:00,97.0,34.0,58.1,59.0,26.3,6.8,591.0,22.8,82.0,947.9,11.9,1.0,22.0,5.0,4.0,-5.0
islamabad,2026-05-21 21:00:00+00:00,96.0,33.5,79.9,54.0,25.8,6.3,318.0,24.2,63.0,946.9,14.2,2.0,22.0,5.0,4.0,-1.0
islamabad,2026-05-21 22:00:00+00:00,91.0,31.0,67.5,50.0,23.0,5.6,268.0,24.6,57.0,946.5,1.2,3.0,22.0,5.0,4.0,-5.0
islamabad,2026-05-21 23:00:00+00:00,84.0,27.6,57.0,47.0,20.3,4.9,335.0,22.7,72.0,946.6,11.5,4.0,22.0,5.0,4.0,-7.0
islamabad,2026-05-22 00:00:00+00:00,66.0,19.3,49.5,59.0,14.6,3.8,420.0,24.2,63.0,947.1,3.7,5.0,22.0,5.0,4.0,-18.0
islamabad,2026-05-22 01:00:00+00:00,64.0,18.1,40.2,65.0,15.8,4.4,514.0,23.6,66.0,947.3,8.1,6.0,22.0,5.0,4.0,-2.0
islamabad,2026-05-22 02:00:00+00:00,66.0,19.2,49.6,75.0,17.4,5.3,624.0,25.4,58.0,948.2,7.7,7.0,22.0,5.0,4.0,2.0
islamabad,2026-05-22 03:00:00+00:00,70.0,21.3,72.9,87.0,17.2,6.3,673.0,27.6,46.0,949.0,5.8,8.0,22.0,5.0,4.0,4.0
islamabad,2026-05-22 04:00:00+00:00,71.0,21.6,79.4,103.0,13.6,7.7,604.0,29.8,38.0,949.5,7.4,9.0,22.0,5.0,4.0,1.0
islamabad,2026-05-22 05:00:00+00:00,72.0,22.3,82.2,122.0,8.4,9.2,474.0,31.6,34.0,949.9,8.0,10.0,22.0,5.0,4.0,1.0
islamabad,2026-05-22 06:00:00+00:00,75.0,23.6,82.0,136.0,4.4,10.0,375.0,33.3,24.0,950.2,3.7,11.0,22.0,5.0,4.0,3.0
islamabad,2026-05-22 07:00:00+00:00,78.0,24.8,83.4,143.0,3.0,9.5,341.0,34.3,24.0,949.8,5.4,12.0,22.0,5.0,4.0,3.0
islamabad,2026-05-22 08:00:00+00:00,83.0,27.2,91.0,146.0,2.9,8.3,338.0,35.0,22.0,949.5,7.6,13.0,22.0,5.0,4.0,5.0
islamabad,2026-05-22 09:00:00+00:00,85.0,28.4,94.1,147.0,3.4,7.4,358.0,34.9,22.0,948.7,2.3,14.0,22.0,5.0,4.0,2.0
islamabad,2026-05-22 10:00:00+00:00,89.0,30.2,100.8,146.0,4.2,7.4,396.0,35.2,22.0,948.1,0.6,15.0,22.0,5.0,4.0,4.0
islamabad,2026-05-22 11:00:00+00:00,92.0,31.4,106.6,143.0,5.7,7.8,457.0,35.0,22.0,947.5,3.1,16.0,22.0,5.0,4.0,3.0
islamabad,2026-05-22 12:00:00+00:00,83.0,27.4,91.3,139.0,7.2,7.3,546.0,35.3,17.0,947.2,9.6,17.0,22.0,5.0,4.0,-9.0
islamabad,2026-05-22 13:00:00+00:00,87.0,29.0,94.3,101.0,38.0,9.2,687.0,33.8,19.0,947.1,10.3,18.0,22.0,5.0,4.0,4.0
islamabad,2026-05-22 14:00:00+00:00,115.0,41.1,100.1,49.0,80.1,11.8,855.0,30.7,31.0,947.4,11.0,19.0,22.0,5.0,4.0,28.0
islamabad,2026-05-22 15:00:00+00:00,150.0,55.4,115.0,11.0,108.7,13.2,984.0,29.1,36.0,947.4,10.3,20.0,22.0,5.0,4.0,35.0
islamabad,2026-05-22 16:00:00+00:00,153.0,60.3,109.4,0.0,112.4,12.6,1069.0,27.9,39.0,947.6,6.9,21.0,22.0,5.0,4.0,3.0
islamabad,2026-05-22 17:00:00+00:00,139.0,50.8,84.3,2.0,102.5,10.8,1115.0,26.4,46.0,947.7,5.7,22.0,22.0,5.0,4.0,-14.0
islamabad,2026-05-22 18:00:00+00:00,124.0,44.7,72.4,10.0,88.4,9.0,1068.0,27.3,44.0,947.4,4.9,23.0,22.0,5.0,4.0,-15.0
islamabad,2026-05-22 19:00:00+00:00,108.0,38.5,63.3,22.0,70.3,7.5,847.0,26.6,46.0,947.3,4.4,0.0,23.0,5.0,5.0,-16.0
islamabad,2026-05-22 20:00:00+00:00,93.0,32.1,55.2,40.0,48.0,5.9,533.0,26.5,45.0,947.3,4.3,1.0,23.0,5.0,5.0,-15.0
islamabad,2026-05-22 21:00:00+00:00,81.0,26.5,48.2,56.0,29.6,4.7,320.0,26.0,45.0,946.8,2.8,2.0,23.0,5.0,5.0,-12.0
islamabad,2026-05-22 22:00:00+00:00,73.0,22.4,42.3,69.0,18.1,3.9,304.0,25.9,42.0,946.8,4.3,3.0,23.0,5.0,5.0,-8.0
islamabad,2026-05-22 23:00:00+00:00,66.0,19.2,40.7,79.0,10.6,3.5,389.0,25.6,40.0,947.2,10.4,4.0,23.0,5.0,5.0,-7.0
islamabad,2026-05-23 00:00:00+00:00,60.0,16.4,34.7,83.0,7.3,3.5,482.0,24.4,48.0,947.4,3.8,5.0,23.0,5.0,5.0,-6.0
islamabad,2026-05-23 01:00:00+00:00,59.0,15.9,29.2,84.0,10.6,3.5,572.0,24.4,49.0,948.0,7.0,6.0,23.0,5.0,5.0,-1.0
islamabad,2026-05-23 02:00:00+00:00,62.0,17.5,35.9,86.0,14.9,3.7,669.0,26.5,39.0,948.2,6.9,7.0,23.0,5.0,5.0,3.0
islamabad,2026-05-23 03:00:00+00:00,67.0,19.8,45.1,93.0,16.7,4.3,709.0,28.9,33.0,949.1,6.7,8.0,23.0,5.0,5.0,5.0
islamabad,2026-05-23 04:00:00+00:00,71.0,21.7,57.7,110.0,13.6,5.9,643.0,30.8,30.0,950.2,3.3,9.0,23.0,5.0,5.0,4.0
islamabad,2026-05-23 05:00:00+00:00,73.0,22.6,66.4,132.0,7.9,8.0,519.0,32.9,23.0,950.2,0.7,10.0,23.0,5.0,5.0,2.0
islamabad,2026-05-23 06:00:00+00:00,80.0,25.7,76.1,149.0,3.7,9.4,420.0,34.4,19.0,950.1,5.4,11.0,23.0,5.0,5.0,7.0
islamabad,2026-05-23 07:00:00+00:00,81.0,26.4,77.8,157.0,2.5,9.5,378.0,35.5,18.0,949.8,2.4,12.0,23.0,5.0,5.0,1.0
islamabad,2026-05-23 08:00:00+00:00,80.0,26.1,74.5,161.0,2.7,8.8,361.0,35.6,19.0,949.3,5.0,13.0,23.0,5.0,5.0,-1.0
islamabad,2026-05-23 09:00:00+00:00,80.0,25.8,71.7,161.0,3.4,8.1,355.0,32.7,28.0,949.5,15.8,14.0,23.0,5.0,5.0,0.0
islamabad,2026-05-23 10:00:00+00:00,80.0,25.7,69.8,160.0,3.0,7.3,323.0,33.4,24.0,948.9,11.2,15.0,23.0,5.0,5.0,0.0
islamabad,2026-05-23 11:00:00+00:00,76.0,23.9,63.8,155.0,3.1,6.4,302.0,33.9,24.0,948.5,4.3,16.0,23.0,5.0,5.0,-4.0
islamabad,2026-05-23 12:00:00+00:00,55.0,14.0,34.2,142.0,6.8,5.5,387.0,35.5,18.0,947.6,5.8,17.0,23.0,5.0,5.0,-21.0
islamabad,2026-05-23 13:00:00+00:00,54.0,13.6,30.9,120.0,17.9,5.8,682.0,34.1,21.0,947.5,7.8,18.0,23.0,5.0,5.0,-1.0
islamabad,2026-05-23 14:00:00+00:00,60.0,16.5,29.8,89.0,33.4,6.1,1084.0,31.8,30.0,947.2,8.2,19.0,23.0,5.0,5.0,6.0
islamabad,2026-05-23 15:00:00+00:00,72.0,21.9,34.2,62.0,46.0,6.3,1372.0,29.9,38.0,947.1,9.2,20.0,23.0,5.0,5.0,12.0
islamabad,2026-05-23 16:00:00+00:00,75.0,23.7,34.7,45.0,53.2,6.3,1476.0,28.7,37.0,947.5,9.5,21.0,23.0,5.0,5.0,3.0
islamabad,2026-05-23 17:00:00+00:00,78.0,24.9,34.5,32.0,57.5,6.1,1466.0,27.1,40.0,947.6,8.0,22.0,23.0,5.0,5.0,3.0
islamabad,2026-05-23 18:00:00+00:00,80.0,26.0,33.8,24.0,58.8,5.8,1340.0,28.3,45.0,947.5,5.4,23.0,23.0,5.0,5.0,2.0
islamabad,2026-05-23 19:00:00+00:00,78.0,24.9,32.4,21.0,56.7,5.4,1018.0,26.6,53.0,946.8,5.8,0.0,24.0,5.0,6.0,-2.0
islamabad,2026-05-23 20:00:00+00:00,76.0,23.8,30.9,21.0,51.7,4.9,580.0,25.5,58.0,946.1,5.0,1.0,24.0,5.0,6.0,-2.0
islamabad,2026-05-23 21:00:00+00:00,72.0,22.1,28.5,25.0,45.4,4.5,256.0,24.5,62.0,946.0,1.5,2.0,24.0,5.0,6.0,-4.0
islamabad,2026-05-23 22:00:00+00:00,66.0,19.0,24.4,31.0,37.3,4.1,148.0,24.1,62.0,945.8,1.5,3.0,24.0,5.0,6.0,-6.0
islamabad,2026-05-23 23:00:00+00:00,58.0,15.6,20.4,40.0,28.0,3.7,154.0,23.6,63.0,945.2,1.8,4.0,24.0,5.0,6.0,-8.0
islamabad,2026-05-24 00:00:00+00:00,58.0,15.4,24.9,57.0,18.2,3.5,202.0,24.9,53.0,945.6,2.5,5.0,24.0,5.0,6.0,0.0
islamabad,2026-05-24 01:00:00+00:00,57.0,14.8,24.8,68.0,17.0,4.0,305.0,25.1,52.0,945.6,3.2,6.0,24.0,5.0,6.0,-1.0
islamabad,2026-05-24 02:00:00+00:00,58.0,15.3,25.4,83.0,15.2,4.8,451.0,27.4,44.0,947.1,5.9,7.0,24.0,5.0,6.0,1.0
islamabad,2026-05-24 03:00:00+00:00,62.0,17.3,46.9,98.0,12.9,5.7,530.0,29.6,37.0,947.9,1.0,8.0,24.0,5.0,6.0,4.0
islamabad,2026-05-24 04:00:00+00:00,70.0,21.3,68.0,112.0,9.8,7.1,477.0,31.6,31.0,948.2,0.4,9.0,24.0,5.0,6.0,8.0
islamabad,2026-05-24 05:00:00+00:00,70.0,20.9,64.0,126.0,6.2,8.6,357.0,33.8,25.0,948.7,3.2,10.0,24.0,5.0,6.0,0.0
islamabad,2026-05-24 06:00:00+00:00,72.0,21.9,67.5,137.0,3.6,9.5,263.0,30.5,38.0,950.1,10.2,11.0,24.0,5.0,6.0,2.0
islamabad,2026-05-24 07:00:00+00:00,75.0,23.3,73.8,145.0,2.5,9.2,229.0,33.9,25.0,949.5,10.0,12.0,24.0,5.0,6.0,3.0
islamabad,2026-05-24 08:00:00+00:00,74.0,23.2,68.9,151.0,2.4,8.3,221.0,35.1,22.0,948.8,8.5,13.0,24.0,5.0,6.0,-1.0
islamabad,2026-05-24 09:00:00+00:00,74.0,22.8,63.6,154.0,2.6,7.5,225.0,35.1,21.0,947.8,8.7,14.0,24.0,5.0,6.0,0.0
islamabad,2026-05-24 10:00:00+00:00,73.0,22.7,61.2,154.0,2.3,7.1,225.0,34.9,22.0,947.2,8.4,15.0,24.0,5.0,6.0,-1.0
islamabad,2026-05-24 11:00:00+00:00,73.0,22.6,59.3,152.0,2.3,6.9,238.0,35.2,20.0,946.7,6.3,16.0,24.0,5.0,6.0,0.0
islamabad,2026-05-24 12:00:00+00:00,87.0,29.2,80.1,148.0,5.1,8.7,298.0,35.1,21.0,946.3,7.7,17.0,24.0,5.0,6.0,14.0
islamabad,2026-05-24 13:00:00+00:00,82.0,26.8,69.4,126.0,16.1,9.0,446.0,33.7,24.0,946.2,5.0,18.0,24.0,5.0,6.0,-5.0
islamabad,2026-05-24 14:00:00+00:00,84.0,28.0,60.5,94.0,31.7,9.4,641.0,31.2,36.0,945.8,2.4,19.0,24.0,5.0,6.0,2.0
islamabad,2026-05-24 15:00:00+00:00,101.0,35.6,67.3,66.0,45.5,9.5,794.0,28.9,48.0,945.7,5.4,20.0,24.0,5.0,6.0,17.0
islamabad,2026-05-24 16:00:00+00:00,120.0,43.2,72.6,42.0,57.2,9.3,889.0,27.4,57.0,945.9,4.9,21.0,24.0,5.0,6.0,19.0
islamabad,2026-05-24 17:00:00+00:00,132.0,48.0,73.8,22.0,67.2,8.9,941.0,26.5,63.0,946.1,3.2,22.0,24.0,5.0,6.0,12.0
islamabad,2026-05-24 18:00:00+00:00,124.0,44.9,65.2,10.0,70.6,8.2,910.0,28.5,49.0,945.9,4.8,23.0,24.0,5.0,6.0,-8.0
islamabad,2026-05-24 19:00:00+00:00,110.0,39.1,55.4,13.0,63.0,7.1,732.0,26.9,56.0,945.4,2.3,0.0,25.0,5.0,0.0,-14.0
islamabad,2026-05-24 20:00:00+00:00,97.0,33.9,46.8,25.0,48.9,5.8,470.0,25.9,54.0,945.3,4.8,1.0,25.0,5.0,0.0,-13.0
islamabad,2026-05-24 21:00:00+00:00,87.0,29.2,40.9,36.0,36.7,4.8,273.0,25.2,52.0,945.4,9.3,2.0,25.0,5.0,0.0,-10.0
islamabad,2026-05-24 22:00:00+00:00,79.0,25.6,37.1,39.0,29.3,4.1,190.0,25.3,48.0,945.5,13.4,3.0,25.0,5.0,0.0,-8.0
islamabad,2026-05-24 23:00:00+00:00,74.0,23.2,34.1,41.0,23.9,3.6,173.0,24.6,49.0,945.3,7.9,4.0,25.0,5.0,0.0,-5.0
islamabad,2026-05-25 00:00:00+00:00,74.0,23.1,33.1,43.0,25.3,4.0,226.0,24.6,56.0,945.1,5.0,5.0,25.0,5.0,0.0,0.0
islamabad,2026-05-25 01:00:00+00:00,70.0,21.0,30.6,60.0,23.1,4.9,417.0,24.2,62.0,945.6,2.4,6.0,25.0,5.0,0.0,-4.0
islamabad,2026-05-25 02:00:00+00:00,72.0,22.2,32.4,84.0,19.9,6.0,678.0,26.3,55.0,946.1,3.1,7.0,25.0,5.0,0.0,2.0
islamabad,2026-05-25 03:00:00+00:00,71.0,21.8,44.7,107.0,16.3,6.9,812.0,29.4,40.0,946.9,1.8,8.0,25.0,5.0,0.0,-1.0
islamabad,2026-05-25 04:00:00+00:00,64.0,18.3,41.3,126.0,11.8,7.2,691.0,31.8,30.0,947.3,5.0,9.0,25.0,5.0,0.0,-7.0
islamabad,2026-05-25 05:00:00+00:00,60.0,16.4,37.1,144.0,6.9,7.2,443.0,33.3,24.0,947.3,6.6,10.0,25.0,5.0,0.0,-4.0
islamabad,2026-05-25 06:00:00+00:00,59.0,16.1,36.0,156.0,3.4,6.9,253.0,34.1,19.0,947.3,5.0,11.0,25.0,5.0,0.0,-1.0
islamabad,2026-05-25 07:00:00+00:00,58.0,15.3,34.0,159.0,2.3,6.3,197.0,35.1,15.0,947.0,7.3,12.0,25.0,5.0,0.0,-1.0
islamabad,2026-05-25 08:00:00+00:00,56.0,14.7,31.9,156.0,2.7,5.5,200.0,35.7,14.0,946.4,9.6,13.0,25.0,5.0,0.0,-2.0
islamabad,2026-05-25 09:00:00+00:00,54.0,13.7,28.2,153.0,3.4,4.9,222.0,35.9,12.0,945.9,10.3,14.0,25.0,5.0,0.0,-2.0
islamabad,2026-05-25 10:00:00+00:00,50.0,12.0,24.0,154.0,3.3,4.5,230.0,35.6,13.0,945.6,10.6,15.0,25.0,5.0,0.0,-4.0
islamabad,2026-05-25 11:00:00+00:00,42.0,10.0,19.7,155.0,3.4,4.3,255.0,35.2,15.0,945.4,11.7,16.0,25.0,5.0,0.0,-8.0
islamabad,2026-05-25 12:00:00+00:00,14.0,3.4,4.8,161.0,5.7,3.7,357.0,35.3,12.0,945.2,15.1,17.0,25.0,5.0,0.0,-28.0
islamabad,2026-05-25 13:00:00+00:00,15.0,3.6,5.3,137.0,17.9,4.4,624.0,33.8,13.0,945.2,12.6,18.0,25.0,5.0,0.0,1.0
islamabad,2026-05-25 14:00:00+00:00,30.0,7.1,8.9,103.0,35.0,5.5,966.0,31.5,18.0,945.0,7.1,19.0,25.0,5.0,0.0,15.0
islamabad,2026-05-25 15:00:00+00:00,59.0,16.1,18.6,73.0,50.4,6.3,1172.0,29.2,25.0,945.3,5.8,20.0,25.0,5.0,0.0,29.0
islamabad,2026-05-25 16:00:00+00:00,79.0,25.6,28.9,49.0,64.1,6.9,1126.0,26.7,34.0,945.2,8.1,21.0,25.0,5.0,0.0,20.0
islamabad,2026-05-25 17:00:00+00:00,95.0,32.8,36.9,28.0,75.9,7.3,944.0,26.3,33.0,945.7,9.8,22.0,25.0,5.0,0.0,16.0
islamabad,2026-05-25 18:00:00+00:00,92.0,31.7,35.9,18.0,79.1,7.3,760.0,27.3,31.0,945.9,9.4,23.0,25.0,5.0,0.0,-3.0
islamabad,2026-05-25 19:00:00+00:00,85.0,28.5,32.4,27.0,67.2,6.5,597.0,25.9,35.0,945.6,7.8,0.0,26.0,5.0,1.0,-7.0
islamabad,2026-05-25 20:00:00+00:00,77.0,24.3,27.9,46.0,46.5,5.2,433.0,24.7,40.0,945.3,4.9,1.0,26.0,5.0,1.0,-8.0
islamabad,2026-05-25 21:00:00+00:00,68.0,20.2,24.0,62.0,29.5,4.2,336.0,24.5,43.0,945.6,1.1,2.0,26.0,5.0,1.0,-9.0
islamabad,2026-05-25 22:00:00+00:00,62.0,17.2,21.0,67.0,20.6,3.6,344.0,24.6,42.0,945.5,0.9,3.0,26.0,5.0,1.0,-6.0
islamabad,2026-05-25 23:00:00+00:00,58.0,15.4,18.9,69.0,15.4,3.2,418.0,24.2,42.0,945.3,0.4,4.0,26.0,5.0,1.0,-4.0
islamabad,2026-05-26 00:00:00+00:00,57.0,14.8,18.6,75.0,12.6,3.5,517.0,24.2,48.0,945.5,1.1,5.0,26.0,5.0,1.0,-1.0
islamabad,2026-05-26 01:00:00+00:00,56.0,14.3,17.9,83.0,15.0,4.2,673.0,24.5,49.0,946.2,0.4,6.0,26.0,5.0,1.0,-1.0
islamabad,2026-05-26 02:00:00+00:00,59.0,15.9,20.3,94.0,18.0,5.2,853.0,25.9,41.0,946.9,2.8,7.0,26.0,5.0,1.0,3.0
islamabad,2026-05-26 03:00:00+00:00,59.0,15.9,23.7,107.0,18.8,6.1,913.0,28.6,32.0,947.7,0.6,8.0,26.0,5.0,1.0,0.0
islamabad,2026-05-26 04:00:00+00:00,53.0,12.9,21.9,124.0,15.0,6.7,742.0,31.6,26.0,948.0,0.6,9.0,26.0,5.0,1.0,-6.0
islamabad,2026-05-26 05:00:00+00:00,41.0,9.9,18.8,143.0,8.9,7.2,451.0,33.9,22.0,948.0,1.0,10.0,26.0,5.0,1.0,-12.0
islamabad,2026-05-26 06:00:00+00:00,39.0,9.4,20.3,157.0,4.3,7.2,236.0,34.9,17.0,948.3,2.7,11.0,26.0,5.0,1.0,-2.0
islamabad,2026-05-26 07:00:00+00:00,42.0,10.1,23.2,162.0,2.8,6.4,177.0,36.5,14.0,948.1,4.9,12.0,26.0,5.0,1.0,3.0
islamabad,2026-05-26 08:00:00+00:00,44.0,10.6,25.1,161.0,2.8,5.2,193.0,37.3,11.0,947.5,10.7,13.0,26.0,5.0,1.0,2.0
islamabad,2026-05-26 09:00:00+00:00,46.0,11.0,26.0,159.0,3.3,4.3,233.0,37.3,11.0,946.8,12.8,14.0,26.0,5.0,1.0,2.0
islamabad,2026-05-26 10:00:00+00:00,47.0,11.3,26.7,160.0,2.1,3.9,251.0,37.2,11.0,946.3,13.6,15.0,26.0,5.0,1.0,1.0
islamabad,2026-05-26 11:00:00+00:00,49.0,11.8,27.9,159.0,1.3,3.8,293.0,36.7,11.0,946.1,14.6,16.0,26.0,5.0,1.0,2.0
islamabad,2026-05-26 12:00:00+00:00,15.0,3.7,7.6,159.0,6.4,4.2,441.0,37.3,10.0,945.8,10.4,17.0,26.0,5.0,1.0,-34.0
islamabad,2026-05-26 13:00:00+00:00,23.0,5.4,11.7,134.0,19.9,5.1,820.0,35.9,12.0,946.0,10.3,18.0,26.0,5.0,1.0,8.0
islamabad,2026-05-26 14:00:00+00:00,45.0,10.8,17.5,99.0,39.0,6.3,1306.0,34.0,15.0,946.0,7.8,19.0,26.0,5.0,1.0,22.0
islamabad,2026-05-26 15:00:00+00:00,66.0,19.2,27.5,68.0,56.1,7.3,1607.0,31.9,21.0,946.2,8.4,20.0,26.0,5.0,1.0,21.0
islamabad,2026-05-26 16:00:00+00:00,84.0,27.6,36.4,43.0,71.1,7.9,1582.0,29.6,28.0,946.2,8.8,21.0,26.0,5.0,1.0,18.0
islamabad,2026-05-26 17:00:00+00:00,99.0,34.9,42.3,22.0,84.2,8.2,1372.0,27.7,35.0,946.5,7.7,22.0,26.0,5.0,1.0,15.0
islamabad,2026-05-26 18:00:00+00:00,93.0,31.9,36.3,12.0,88.7,8.1,1117.0,28.3,34.0,946.6,6.4,23.0,26.0,5.0,1.0,-6.0
islamabad,2026-05-26 19:00:00+00:00,81.0,26.2,28.9,19.0,78.3,7.3,811.0,27.4,37.0,946.5,3.2,0.0,27.0,5.0,2.0,-12.0
islamabad,2026-05-26 20:00:00+00:00,73.0,22.5,24.2,36.0,59.3,6.2,460.0,28.0,31.0,946.3,3.9,1.0,27.0,5.0,2.0,-8.0
islamabad,2026-05-26 21:00:00+00:00,64.0,18.2,19.6,49.0,43.4,5.2,217.0,27.3,32.0,945.7,2.7,2.0,27.0,5.0,2.0,-9.0
islamabad,2026-05-26 22:00:00+00:00,58.0,15.5,16.5,51.0,34.8,4.6,142.0,27.1,30.0,945.4,2.4,3.0,27.0,5.0,2.0,-6.0
islamabad,2026-05-26 23:00:00+00:00,54.0,13.7,14.6,49.0,29.3,4.2,174.0,27.1,26.0,945.2,4.2,4.0,27.0,5.0,2.0,-4.0
islamabad,2026-05-27 00:00:00+00:00,46.0,11.1,11.7,55.0,24.4,4.3,287.0,27.4,25.0,945.3,4.5,5.0,27.0,5.0,2.0,-8.0
islamabad,2026-05-27 01:00:00+00:00,45.0,10.7,11.4,74.0,25.0,5.1,557.0,26.9,31.0,945.5,5.0,6.0,27.0,5.0,2.0,-1.0
islamabad,2026-05-27 02:00:00+00:00,51.0,12.3,13.6,99.0,25.5,6.2,907.0,29.2,31.0,946.2,4.6,7.0,27.0,5.0,2.0,6.0
islamabad,2026-05-27 03:00:00+00:00,45.0,10.9,14.6,121.0,23.8,6.9,1078.0,32.5,23.0,947.4,5.3,8.0,27.0,5.0,2.0,-6.0
islamabad,2026-05-27 04:00:00+00:00,42.0,10.1,22.2,134.0,17.8,6.7,891.0,35.6,18.0,947.6,4.2,9.0,27.0,5.0,2.0,-3.0
islamabad,2026-05-27 05:00:00+00:00,54.0,13.4,35.4,143.0,9.7,6.2,525.0,37.7,14.0,947.5,4.0,10.0,27.0,5.0,2.0,12.0
islamabad,2026-05-27 06:00:00+00:00,56.0,14.4,39.2,149.0,3.7,5.6,252.0,38.8,13.0,947.4,2.9,11.0,27.0,5.0,2.0,2.0
islamabad,2026-05-27 07:00:00+00:00,55.0,14.1,37.8,152.0,1.9,5.2,188.0,39.7,11.0,947.1,10.4,12.0,27.0,5.0,2.0,-1.0
islamabad,2026-05-27 08:00:00+00:00,55.0,13.9,36.3,153.0,2.4,4.9,216.0,39.6,12.0,946.4,14.3,13.0,27.0,5.0,2.0,0.0
islamabad,2026-05-27 09:00:00+00:00,56.0,14.4,36.2,152.0,3.2,4.6,263.0,39.5,12.0,946.1,14.9,14.0,27.0,5.0,2.0,1.0
islamabad,2026-05-27 10:00:00+00:00,57.0,14.8,36.6,153.0,2.3,4.4,270.0,39.2,13.0,945.8,15.6,15.0,27.0,5.0,2.0,1.0
islamabad,2026-05-27 11:00:00+00:00,57.0,15.1,37.1,153.0,1.9,4.2,294.0,38.9,12.0,945.6,14.4,16.0,27.0,5.0,2.0,0.0
islamabad,2026-05-27 12:00:00+00:00,54.0,13.3,33.4,147.0,6.2,4.0,435.0,39.1,10.0,945.1,11.5,17.0,27.0,5.0,2.0,-3.0
islamabad,2026-05-27 13:00:00+00:00,52.0,12.8,30.7,128.0,16.5,4.7,824.0,37.6,11.0,945.2,7.8,18.0,27.0,5.0,2.0,-2.0
islamabad,2026-05-27 14:00:00+00:00,57.0,15.0,30.0,100.0,31.3,5.6,1331.0,34.3,18.0,944.9,4.4,19.0,27.0,5.0,2.0,5.0
islamabad,2026-05-27 15:00:00+00:00,70.0,21.3,36.2,73.0,46.0,6.4,1656.0,32.3,23.0,945.0,6.2,20.0,27.0,5.0,2.0,13.0
islamabad,2026-05-27 16:00:00+00:00,87.0,29.1,44.4,46.0,62.3,7.0,1665.0,30.3,29.0,944.9,7.4,21.0,27.0,5.0,2.0,17.0
islamabad,2026-05-27 17:00:00+00:00,101.0,35.7,49.0,20.0,78.5,7.4,1494.0,29.3,31.0,944.9,6.4,22.0,27.0,5.0,2.0,14.0
islamabad,2026-05-27 18:00:00+00:00,103.0,36.2,46.9,7.0,85.1,7.4,1252.0,29.9,29.0,944.7,5.9,23.0,27.0,5.0,2.0,2.0
islamabad,2026-05-27 19:00:00+00:00,92.0,31.8,41.1,16.0,74.1,6.8,913.0,29.1,29.0,944.5,6.5,0.0,28.0,5.0,3.0,-11.0
islamabad,2026-05-27 20:00:00+00:00,81.0,26.5,35.5,37.0,53.3,5.9,503.0,28.6,29.0,944.0,6.0,1.0,28.0,5.0,3.0,-11.0
islamabad,2026-05-27 21:00:00+00:00,72.0,22.1,31.2,52.0,37.1,5.1,215.0,28.3,27.0,944.1,6.0,2.0,28.0,5.0,3.0,-9.0
islamabad,2026-05-27 22:00:00+00:00,68.0,20.3,28.8,48.0,31.5,4.5,134.0,28.5,23.0,944.4,12.8,3.0,28.0,5.0,3.0,-4.0
islamabad,2026-05-27 23:00:00+00:00,68.0,20.0,27.8,38.0,30.4,4.0,174.0,28.4,22.0,944.4,12.5,4.0,28.0,5.0,3.0,0.0
islamabad,2026-05-28 00:00:00+00:00,67.0,19.5,25.8,44.0,29.4,4.4,267.0,27.6,28.0,944.2,3.6,5.0,28.0,5.0,3.0,-1.0
islamabad,2026-05-28 01:00:00+00:00,64.0,18.4,24.2,58.0,29.0,5.1,445.0,28.1,34.0,945.2,0.9,6.0,28.0,5.0,3.0,-3.0
islamabad,2026-05-28 02:00:00+00:00,68.0,20.0,27.0,79.0,28.2,6.1,676.0,29.0,29.0,945.5,6.1,7.0,28.0,5.0,3.0,4.0
islamabad,2026-05-28 03:00:00+00:00,66.0,19.4,34.2,101.0,25.5,7.0,793.0,31.4,25.0,946.9,10.9,8.0,28.0,5.0,3.0,-2.0
islamabad,2026-05-28 04:00:00+00:00,65.0,18.6,39.2,125.0,19.2,7.8,685.0,33.3,20.0,947.1,5.9,9.0,28.0,5.0,3.0,-1.0
islamabad,2026-05-28 05:00:00+00:00,63.0,17.9,41.8,149.0,11.0,8.4,463.0,36.4,16.0,947.2,5.7,10.0,28.0,5.0,3.0,-2.0
islamabad,2026-05-28 06:00:00+00:00,62.0,17.1,41.3,166.0,4.9,8.5,295.0,37.0,15.0,947.7,9.4,11.0,28.0,5.0,3.0,-1.0
islamabad,2026-05-28 07:00:00+00:00,59.0,15.7,37.5,171.0,2.8,7.5,253.0,38.9,11.0,947.6,5.0,12.0,28.0,5.0,3.0,-3.0
islamabad,2026-05-28 08:00:00+00:00,56.0,14.3,33.5,168.0,2.9,6.0,264.0,38.6,12.0,947.0,1.5,13.0,28.0,5.0,3.0,-3.0
islamabad,2026-05-28 09:00:00+00:00,54.0,13.5,31.7,164.0,3.4,4.8,280.0,38.7,11.0,946.7,7.2,14.0,28.0,5.0,3.0,-2.0
islamabad,2026-05-28 10:00:00+00:00,52.0,12.7,29.9,164.0,2.2,4.2,230.0,38.4,12.0,945.9,7.9,15.0,28.0,5.0,3.0,-2.0
islamabad,2026-05-28 11:00:00+00:00,48.0,11.5,27.2,162.0,1.5,3.8,185.0,38.7,11.0,945.5,10.9,16.0,28.0,5.0,3.0,-4.0
islamabad,2026-05-28 12:00:00+00:00,46.0,11.0,24.2,155.0,6.8,5.7,304.0,38.1,11.0,945.3,7.4,17.0,28.0,5.0,3.0,-2.0
islamabad,2026-05-28 13:00:00+00:00,43.0,10.3,21.5,124.0,30.3,6.7,788.0,37.4,12.0,945.2,6.6,18.0,28.0,5.0,3.0,-3.0
islamabad,2026-05-28 14:00:00+00:00,61.0,16.8,25.3,80.0,62.7,8.2,1437.0,35.7,18.0,944.7,1.2,19.0,28.0,5.0,3.0,18.0
islamabad,2026-05-28 15:00:00+00:00,84.0,27.6,35.0,45.0,87.5,9.2,1811.0,33.1,19.0,945.3,2.9,20.0,28.0,5.0,3.0,23.0
islamabad,2026-05-28 16:00:00+00:00,111.0,39.6,47.6,24.0,98.3,9.6,1654.0,31.7,22.0,945.8,8.8,21.0,28.0,5.0,3.0,27.0
islamabad,2026-05-28 17:00:00+00:00,130.0,47.1,55.2,12.0,101.5,9.6,1222.0,30.4,24.0,945.6,7.8,22.0,28.0,5.0,3.0,19.0
islamabad,2026-05-28 18:00:00+00:00,123.0,44.6,50.5,6.0,99.1,9.2,844.0,30.3,26.0,945.1,4.0,23.0,28.0,5.0,3.0,-7.0
islamabad,2026-05-28 19:00:00+00:00,110.0,39.2,43.9,9.0,89.8,8.0,633.0,29.0,31.0,944.1,1.8,0.0,29.0,5.0,4.0,-13.0
islamabad,2026-05-28 20:00:00+00:00,97.0,33.8,38.0,18.0,74.9,6.4,476.0,28.0,32.0,943.1,2.4,1.0,29.0,5.0,4.0,-13.0
islamabad,2026-05-28 21:00:00+00:00,87.0,29.0,33.4,28.0,60.4,5.2,367.0,27.3,33.0,942.7,2.1,2.0,29.0,5.0,4.0,-10.0
islamabad,2026-05-28 22:00:00+00:00,79.0,25.4,30.4,33.0,47.6,4.6,301.0,27.0,32.0,942.7,2.7,3.0,29.0,5.0,4.0,-8.0
islamabad,2026-05-28 23:00:00+00:00,74.0,23.1,28.9,39.0,35.1,4.3,283.0,27.1,29.0,943.0,2.1,4.0,29.0,5.0,4.0,-5.0
islamabad,2026-05-29 00:00:00+00:00,75.0,23.5,28.3,25.0,45.2,4.0,322.0,27.8,35.0,943.1,0.8,5.0,29.0,5.0,4.0,1.0
islamabad,2026-05-29 01:00:00+00:00,69.0,20.7,26.0,54.0,36.7,6.0,469.0,26.4,32.0,943.5,3.8,6.0,29.0,5.0,4.0,-6.0
islamabad,2026-05-29 02:00:00+00:00,71.0,21.6,28.7,94.0,24.9,8.7,673.0,27.3,32.0,944.7,5.1,7.0,29.0,5.0,4.0,2.0
islamabad,2026-05-29 03:00:00+00:00,69.0,20.8,31.5,128.0,15.2,10.5,784.0,30.4,26.0,946.2,8.7,8.0,29.0,5.0,4.0,-2.0
islamabad,2026-05-29 04:00:00+00:00,70.0,21.0,33.9,151.0,9.6,10.4,710.0,32.5,26.0,946.7,11.4,9.0,29.0,5.0,4.0,1.0
islamabad,2026-05-29 05:00:00+00:00,74.0,23.2,42.7,169.0,6.1,9.3,543.0,33.8,26.0,946.8,15.8,10.0,29.0,5.0,4.0,4.0
islamabad,2026-05-29 06:00:00+00:00,80.0,26.0,53.7,181.0,3.8,8.5,413.0,35.4,23.0,947.0,17.4,11.0,29.0,5.0,4.0,6.0
islamabad,2026-05-29 07:00:00+00:00,86.0,28.8,65.7,188.0,2.8,8.3,369.0,36.2,22.0,946.6,17.3,12.0,29.0,5.0,4.0,6.0
islamabad,2026-05-29 08:00:00+00:00,92.0,31.4,77.3,189.0,3.0,8.2,362.0,36.8,20.0,946.3,18.0,13.0,29.0,5.0,4.0,6.0
islamabad,2026-05-29 09:00:00+00:00,95.0,33.1,85.0,189.0,3.6,8.3,373.0,35.7,17.0,946.2,18.8,14.0,29.0,5.0,4.0,3.0
islamabad,2026-05-29 10:00:00+00:00,95.0,33.1,87.1,189.0,4.2,8.4,391.0,34.6,18.0,945.8,11.7,15.0,29.0,5.0,4.0,0.0
islamabad,2026-05-29 11:00:00+00:00,94.0,32.5,86.4,187.0,5.2,8.7,428.0,35.8,15.0,945.6,7.7,16.0,29.0,5.0,4.0,-1.0
islamabad,2026-05-29 12:00:00+00:00,110.0,39.2,74.5,181.0,7.3,9.0,496.0,37.0,15.0,944.5,12.3,17.0,29.0,5.0,4.0,16.0
islamabad,2026-05-29 13:00:00+00:00,105.0,37.0,66.1,168.0,11.9,9.1,635.0,34.9,23.0,945.1,19.9,18.0,29.0,5.0,4.0,-5.0
islamabad,2026-05-29 14:00:00+00:00,101.0,35.7,55.8,150.0,18.3,9.1,806.0,33.1,27.0,945.9,15.0,19.0,29.0,5.0,4.0,-4.0
islamabad,2026-05-29 15:00:00+00:00,112.0,39.8,59.6,133.0,24.5,9.1,906.0,31.4,29.0,946.1,13.5,20.0,29.0,5.0,4.0,11.0
islamabad,2026-05-29 16:00:00+00:00,123.0,44.6,65.9,117.0,30.5,8.9,875.0,30.5,30.0,946.2,10.7,21.0,29.0,5.0,4.0,11.0
islamabad,2026-05-29 17:00:00+00:00,130.0,47.4,67.8,101.0,36.2,8.7,772.0,29.1,33.0,946.5,7.7,22.0,29.0,5.0,4.0,7.0
islamabad,2026-05-29 18:00:00+00:00,131.0,47.8,67.3,89.0,39.1,8.2,672.0,29.7,30.0,946.2,8.1,23.0,29.0,5.0,4.0,1.0
islamabad,2026-05-29 19:00:00+00:00,127.0,46.2,63.8,82.0,37.5,7.4,593.0,28.7,31.0,945.6,7.6,0.0,30.0,5.0,5.0,-4.0
islamabad,2026-05-29 20:00:00+00:00,121.0,43.8,59.1,78.0,33.2,6.4,517.0,27.5,34.0,945.4,6.5,1.0,30.0,5.0,5.0,-6.0
islamabad,2026-05-29 21:00:00+00:00,116.0,41.6,56.1,78.0,28.8,5.7,458.0,26.7,37.0,945.3,6.5,2.0,30.0,5.0,5.0,-5.0
islamabad,2026-05-29 22:00:00+00:00,113.0,40.3,57.0,80.0,25.1,5.5,422.0,26.0,39.0,945.8,5.5,3.0,30.0,5.0,5.0,-3.0
islamabad,2026-05-29 23:00:00+00:00,115.0,41.1,63.8,85.0,21.3,5.7,403.0,25.0,44.0,946.7,5.2,4.0,30.0,5.0,5.0,2.0
islamabad,2026-05-30 00:00:00+00:00,113.0,40.5,57.9,75.0,23.6,5.6,402.0,23.9,48.0,947.1,13.2,5.0,30.0,5.0,5.0,-2.0
islamabad,2026-05-30 01:00:00+00:00,109.0,38.6,58.4,100.0,19.2,6.8,431.0,23.1,55.0,947.8,13.2,6.0,30.0,5.0,5.0,-4.0
islamabad,2026-05-30 02:00:00+00:00,103.0,36.2,79.6,134.0,13.1,8.5,476.0,25.3,46.0,948.4,13.7,7.0,30.0,5.0,5.0,-6.0
islamabad,2026-05-30 03:00:00+00:00,122.0,44.2,166.2,160.0,8.3,9.9,499.0,26.5,51.0,950.0,19.2,8.0,30.0,5.0,5.0,19.0
islamabad,2026-05-30 04:00:00+00:00,133.0,48.4,185.8,169.0,6.3,10.7,474.0,27.7,45.0,950.9,19.3,9.0,30.0,5.0,5.0,11.0
islamabad,2026-05-30 05:00:00+00:00,151.0,56.0,219.3,170.0,5.6,11.2,426.0,29.3,41.0,951.3,19.5,10.0,30.0,5.0,5.0,18.0
islamabad,2026-05-30 06:00:00+00:00,154.0,61.0,249.6,171.0,5.2,11.4,387.0,31.1,39.0,950.2,16.6,11.0,30.0,5.0,5.0,3.0
islamabad,2026-05-30 07:00:00+00:00,156.0,65.0,276.6,176.0,4.8,11.3,365.0,31.6,35.0,950.2,16.4,12.0,30.0,5.0,5.0,2.0
islamabad,2026-05-30 08:00:00+00:00,158.0,68.5,291.5,182.0,4.6,11.1,353.0,31.6,34.0,950.1,11.9,13.0,30.0,5.0,5.0,2.0
islamabad,2026-05-30 09:00:00+00:00,158.0,69.4,299.9,186.0,4.9,10.9,356.0,31.6,31.0,949.6,13.3,14.0,30.0,5.0,5.0,0.0
islamabad,2026-05-30 10:00:00+00:00,159.0,70.8,312.0,189.0,4.3,11.0,359.0,30.8,34.0,949.2,10.6,15.0,30.0,5.0,5.0,1.0
islamabad,2026-05-30 11:00:00+00:00,163.0,78.5,338.1,189.0,4.1,11.1,379.0,31.2,35.0,949.0,10.3,16.0,30.0,5.0,5.0,4.0
islamabad,2026-05-30 12:00:00+00:00,160.0,72.4,262.6,173.0,7.9,10.5,468.0,31.5,38.0,947.4,11.2,17.0,30.0,5.0,5.0,-3.0
islamabad,2026-05-30 13:00:00+00:00,156.0,64.5,204.9,159.0,12.5,10.0,702.0,30.3,41.0,947.1,12.2,18.0,30.0,5.0,5.0,-4.0
islamabad,2026-05-30 14:00:00+00:00,153.0,58.9,163.9,139.0,19.0,9.4,1005.0,29.3,43.0,947.5,13.0,19.0,30.0,5.0,5.0,-3.0
islamabad,2026-05-30 15:00:00+00:00,153.0,58.8,143.0,119.0,25.9,8.9,1208.0,28.0,48.0,948.3,11.8,20.0,30.0,5.0,5.0,0.0
islamabad,2026-05-30 16:00:00+00:00,155.0,63.6,142.0,99.0,33.9,8.6,1229.0,27.2,52.0,948.5,6.7,21.0,30.0,5.0,5.0,2.0
islamabad,2026-05-30 17:00:00+00:00,158.0,69.2,149.5,79.0,42.2,8.5,1149.0,26.3,56.0,948.9,5.8,22.0,30.0,5.0,5.0,3.0
islamabad,2026-05-30 18:00:00+00:00,161.0,74.3,160.7,65.0,47.0,8.3,1038.0,26.0,57.0,948.3,9.4,23.0,30.0,5.0,5.0,3.0
islamabad,2026-05-30 19:00:00+00:00,163.0,79.4,178.8,62.0,45.6,8.0,895.0,25.2,61.0,948.4,8.3,0.0,31.0,5.0,6.0,2.0
islamabad,2026-05-30 20:00:00+00:00,165.0,82.0,195.1,64.0,40.7,7.7,720.0,24.8,64.0,948.7,7.5,1.0,31.0,5.0,6.0,2.0
islamabad,2026-05-30 21:00:00+00:00,162.0,77.1,186.7,66.0,36.0,7.4,585.0,24.4,65.0,949.0,7.4,2.0,31.0,5.0,6.0,-3.0
islamabad,2026-05-30 22:00:00+00:00,160.0,72.2,163.9,61.0,33.4,6.9,526.0,23.9,67.0,949.0,8.3,3.0,31.0,5.0,6.0,-2.0
islamabad,2026-05-30 23:00:00+00:00,158.0,68.5,143.4,55.0,31.1,6.5,506.0,23.5,70.0,949.1,9.9,4.0,31.0,5.0,6.0,-2.0
islamabad,2026-05-31 00:00:00+00:00,115.0,41.1,69.8,74.0,19.4,5.8,488.0,23.7,69.0,949.5,10.3,5.0,31.0,5.0,6.0,-43.0
islamabad,2026-05-31 01:00:00+00:00,119.0,42.7,78.2,94.0,16.4,6.7,456.0,24.0,68.0,950.0,9.1,6.0,31.0,5.0,6.0,4.0
islamabad,2026-05-31 02:00:00+00:00,124.0,44.9,100.1,122.0,12.2,7.9,424.0,25.2,63.0,950.5,8.3,7.0,31.0,5.0,6.0,5.0
islamabad,2026-05-31 03:00:00+00:00,120.0,43.3,105.9,145.0,8.6,8.8,401.0,27.0,54.0,951.2,6.7,8.0,31.0,5.0,6.0,-4.0
islamabad,2026-05-31 04:00:00+00:00,117.0,41.9,111.8,160.0,6.2,9.2,391.0,28.8,45.0,951.5,5.8,9.0,31.0,5.0,6.0,-3.0
islamabad,2026-05-31 05:00:00+00:00,135.0,49.2,140.6,170.0,4.4,9.3,388.0,30.4,40.0,951.5,6.8,10.0,31.0,5.0,6.0,18.0
islamabad,2026-05-31 06:00:00+00:00,131.0,47.5,139.2,177.0,3.2,9.4,385.0,31.6,34.0,952.0,6.8,11.0,31.0,5.0,6.0,-4.0
islamabad,2026-05-31 07:00:00+00:00,126.0,45.8,132.2,182.0,2.7,9.6,374.0,32.7,32.0,951.5,6.2,12.0,31.0,5.0,6.0,-5.0
islamabad,2026-05-31 08:00:00+00:00,128.0,46.6,129.9,183.0,2.8,9.8,362.0,33.4,32.0,951.1,8.1,13.0,31.0,5.0,6.0,2.0
islamabad,2026-05-31 09:00:00+00:00,129.0,46.7,128.5,183.0,3.1,9.9,359.0,33.2,33.0,950.6,9.7,14.0,31.0,5.0,6.0,1.0
islamabad,2026-05-31 10:00:00+00:00,133.0,48.3,131.8,182.0,3.5,10.0,352.0,32.9,33.0,950.2,8.2,15.0,31.0,5.0,6.0,4.0
islamabad,2026-05-31 11:00:00+00:00,129.0,46.8,125.7,179.0,4.1,10.1,355.0,32.9,33.0,949.7,6.6,16.0,31.0,5.0,6.0,-4.0
islamabad,2026-05-31 12:00:00+00:00,126.0,45.6,122.5,176.0,5.5,10.2,416.0,33.0,31.0,949.0,6.6,17.0,31.0,5.0,6.0,-3.0
islamabad,2026-05-31 13:00:00+00:00,124.0,44.7,119.0,165.0,7.8,10.2,605.0,32.2,32.0,948.7,7.8,18.0,31.0,5.0,6.0,-2.0
islamabad,2026-05-31 14:00:00+00:00,125.0,45.1,115.9,150.0,11.1,10.1,852.0,30.7,35.0,948.9,11.0,19.0,31.0,5.0,6.0,1.0
islamabad,2026-05-31 15:00:00+00:00,128.0,46.6,110.4,135.0,14.2,9.8,1001.0,29.4,38.0,949.2,7.0,20.0,31.0,5.0,6.0,3.0
islamabad,2026-05-31 16:00:00+00:00,134.0,49.1,115.9,122.0,16.8,9.1,967.0,28.7,41.0,949.9,5.9,21.0,31.0,5.0,6.0,6.0
islamabad,2026-05-31 17:00:00+00:00,141.0,51.6,119.0,110.0,19.3,8.2,834.0,27.9,42.0,950.5,7.4,22.0,31.0,5.0,6.0,7.0
islamabad,2026-05-31 18:00:00+00:00,148.0,54.4,124.8,98.0,21.5,7.4,700.0,27.7,46.0,950.6,7.0,23.0,31.0,5.0,6.0,7.0
islamabad,2026-05-31 19:00:00+00:00,152.0,57.7,132.2,84.0,24.0,6.9,586.0,26.8,50.0,950.3,9.4,0.0,1.0,6.0,0.0,4.0
islamabad,2026-05-31 20:00:00+00:00,153.0,60.3,134.6,71.0,26.2,6.4,472.0,26.3,51.0,950.0,8.6,1.0,1.0,6.0,0.0,1.0
islamabad,2026-05-31 21:00:00+00:00,154.0,61.0,132.2,63.0,26.9,6.2,390.0,26.0,52.0,949.4,7.3,2.0,1.0,6.0,0.0,1.0
islamabad,2026-05-31 22:00:00+00:00,153.0,59.8,126.2,63.0,25.0,6.0,353.0,25.6,53.0,949.0,6.4,3.0,1.0,6.0,0.0,-1.0
islamabad,2026-05-31 23:00:00+00:00,152.0,58.0,119.7,70.0,21.5,5.9,349.0,25.0,55.0,948.8,6.1,4.0,1.0,6.0,0.0,-1.0
islamabad,2026-06-01 00:00:00+00:00,152.0,58.2,118.3,69.0,20.8,6.7,373.0,25.0,58.0,949.1,6.1,5.0,1.0,6.0,0.0,0.0
islamabad,2026-06-01 01:00:00+00:00,153.0,59.6,123.4,89.0,18.5,9.4,447.0,25.2,57.0,949.5,7.6,6.0,1.0,6.0,0.0,1.0
islamabad,2026-06-01 02:00:00+00:00,151.0,55.8,138.3,118.0,15.2,13.0,550.0,26.8,51.0,950.4,8.8,7.0,1.0,6.0,0.0,-2.0
islamabad,2026-06-01 03:00:00+00:00,135.0,49.5,129.5,143.0,12.0,15.6,607.0,28.3,47.0,950.9,9.7,8.0,1.0,6.0,0.0,-16.0
islamabad,2026-06-01 04:00:00+00:00,128.0,46.4,122.5,160.0,9.0,16.1,573.0,29.8,41.0,951.4,10.0,9.0,1.0,6.0,0.0,-7.0
islamabad,2026-06-01 05:00:00+00:00,125.0,45.2,117.1,173.0,6.0,15.5,494.0,31.0,39.0,951.7,9.9,10.0,1.0,6.0,0.0,-3.0
islamabad,2026-06-01 06:00:00+00:00,124.0,44.7,114.6,182.0,3.9,14.6,434.0,32.0,37.0,951.9,9.4,11.0,1.0,6.0,0.0,-1.0
islamabad,2026-06-01 07:00:00+00:00,129.0,46.8,121.5,185.0,3.0,13.6,417.0,33.2,35.0,951.5,5.6,12.0,1.0,6.0,0.0,5.0
islamabad,2026-06-01 08:00:00+00:00,155.0,63.1,162.1,184.0,3.0,12.3,420.0,33.9,34.0,951.1,5.4,13.0,1.0,6.0,0.0,26.0
islamabad,2026-06-01 09:00:00+00:00,129.0,46.7,119.2,181.0,3.6,11.5,434.0,34.1,34.0,950.2,5.3,14.0,1.0,6.0,0.0,-26.0
islamabad,2026-06-01 10:00:00+00:00,125.0,45.3,113.9,177.0,4.9,11.6,398.0,34.0,35.0,949.5,6.4,15.0,1.0,6.0,0.0,-4.0
islamabad,2026-06-01 11:00:00+00:00,123.0,44.5,111.1,172.0,6.9,12.1,373.0,32.2,43.0,949.2,7.4,16.0,1.0,6.0,0.0,-2.0
islamabad,2026-06-01 12:00:00+00:00,139.0,51.0,130.4,165.0,8.3,10.8,537.0,33.6,33.0,948.9,9.4,17.0,1.0,6.0,0.0,16.0
islamabad,2026-06-01 13:00:00+00:00,142.0,52.3,132.2,154.0,11.6,11.0,1123.0,32.7,35.0,948.2,11.1,18.0,1.0,6.0,0.0,3.0
islamabad,2026-06-01 14:00:00+00:00,144.0,53.0,133.6,139.0,16.4,11.3,1898.0,31.7,37.0,948.5,8.8,19.0,1.0,6.0,0.0,2.0
islamabad,2026-06-01 15:00:00+00:00,147.0,54.1,126.2,122.0,22.0,11.3,2341.0,30.5,41.0,948.9,4.2,20.0,1.0,6.0,0.0,3.0
islamabad,2026-06-01 16:00:00+00:00,152.0,56.7,122.0,103.0,29.6,11.0,2148.0,29.7,45.0,949.5,2.6,21.0,1.0,6.0,0.0,5.0
islamabad,2026-06-01 17:00:00+00:00,155.0,62.4,132.2,82.0,37.9,10.5,1623.0,29.1,46.0,949.7,4.2,22.0,1.0,6.0,0.0,3.0
islamabad,2026-06-01 18:00:00+00:00,156.0,64.5,135.5,68.0,42.4,9.9,1158.0,29.6,48.0,949.4,4.7,23.0,1.0,6.0,0.0,1.0
islamabad,2026-06-01 19:00:00+00:00,155.0,62.9,131.8,64.0,39.9,9.2,884.0,28.1,54.0,949.2,4.9,0.0,2.0,6.0,1.0,-1.0
islamabad,2026-06-01 20:00:00+00:00,155.0,62.4,130.9,67.0,33.5,8.3,671.0,27.5,56.0,949.2,6.4,1.0,2.0,6.0,1.0,0.0
islamabad,2026-06-01 21:00:00+00:00,155.0,63.1,131.8,70.0,27.9,7.7,516.0,27.2,56.0,949.0,7.8,2.0,2.0,6.0,1.0,0.0
islamabad,2026-06-01 22:00:00+00:00,154.0,60.8,121.5,69.0,24.8,7.3,428.0,27.0,57.0,949.2,7.1,3.0,2.0,6.0,1.0,-1.0
islamabad,2026-06-01 23:00:00+00:00,152.0,57.3,106.9,69.0,22.4,7.0,399.0,26.6,58.0,949.6,8.4,4.0,2.0,6.0,1.0,-2.0
islamabad,2026-06-02 00:00:00+00:00,136.0,49.8,97.1,111.0,11.2,7.4,400.0,27.2,55.0,950.0,11.4,5.0,2.0,6.0,1.0,-16.0
islamabad,2026-06-02 01:00:00+00:00,146.0,53.6,107.3,117.0,12.4,8.5,441.0,26.8,55.0,950.4,10.5,6.0,2.0,6.0,1.0,10.0
islamabad,2026-06-02 02:00:00+00:00,149.0,54.9,116.4,126.0,14.0,9.9,512.0,28.1,50.0,951.1,6.1,7.0,2.0,6.0,1.0,3.0
islamabad,2026-06-02 03:00:00+00:00,151.0,56.1,126.2,137.0,14.1,11.2,560.0,30.1,44.0,951.4,7.3,8.0,2.0,6.0,1.0,2.0
islamabad,2026-06-02 04:00:00+00:00,152.0,57.6,138.8,150.0,11.4,12.0,556.0,31.5,41.0,951.7,7.2,9.0,2.0,6.0,1.0,1.0
islamabad,2026-06-02 05:00:00+00:00,158.0,68.2,173.7,165.0,7.3,12.6,528.0,32.5,39.0,951.5,4.4,10.0,2.0,6.0,1.0,6.0
islamabad,2026-06-02 06:00:00+00:00,155.0,63.6,166.2,176.0,4.2,12.9,506.0,33.4,36.0,951.4,2.7,11.0,2.0,6.0,1.0,-3.0
islamabad,2026-06-02 07:00:00+00:00,162.0,76.4,200.7,182.0,3.2,12.8,499.0,34.4,34.0,950.7,2.6,12.0,2.0,6.0,1.0,7.0
islamabad,2026-06-02 08:00:00+00:00,156.0,65.2,168.6,184.0,3.3,12.4,498.0,34.9,33.0,950.3,2.5,13.0,2.0,6.0,1.0,-6.0
islamabad,2026-06-02 09:00:00+00:00,154.0,60.5,149.9,184.0,3.8,11.9,510.0,35.2,33.0,949.4,3.1,14.0,2.0,6.0,1.0,-2.0
islamabad,2026-06-02 10:00:00+00:00,152.0,56.7,137.8,181.0,4.4,11.4,507.0,35.0,33.0,948.4,6.1,15.0,2.0,6.0,1.0,-2.0
islamabad,2026-06-02 11:00:00+00:00,147.0,54.2,130.4,175.0,5.4,10.8,517.0,34.7,33.0,948.2,6.7,16.0,2.0,6.0,1.0,-5.0
islamabad,2026-06-02 12:00:00+00:00,129.0,46.9,104.8,156.0,10.2,8.0,631.0,35.4,28.0,947.2,8.5,17.0,2.0,6.0,1.0,-18.0
islamabad,2026-06-02 13:00:00+00:00,133.0,48.3,100.8,149.0,13.1,9.1,964.0,34.2,30.0,946.9,9.9,18.0,2.0,6.0,1.0,4.0
islamabad,2026-06-02 14:00:00+00:00,135.0,49.5,98.7,138.0,17.2,10.5,1402.0,30.1,45.0,947.6,14.5,19.0,2.0,6.0,1.0,2.0
islamabad,2026-06-02 15:00:00+00:00,136.0,49.8,92.4,125.0,21.0,11.1,1694.0,29.2,49.0,947.9,7.6,20.0,2.0,6.0,1.0,1.0
islamabad,2026-06-02 16:00:00+00:00,136.0,49.7,85.2,110.0,24.0,10.2,1720.0,28.5,53.0,948.1,6.1,21.0,2.0,6.0,1.0,0.0
islamabad,2026-06-02 17:00:00+00:00,132.0,48.0,76.1,94.0,26.7,8.5,1600.0,27.8,57.0,947.9,2.4,22.0,2.0,6.0,1.0,-4.0
islamabad,2026-06-02 18:00:00+00:00,125.0,45.1,69.4,79.0,28.5,6.9,1444.0,27.1,59.0,948.2,3.6,23.0,2.0,6.0,1.0,-7.0
islamabad,2026-06-02 19:00:00+00:00,120.0,43.1,60.8,65.0,29.4,5.8,1269.0,26.8,59.0,947.9,5.5,0.0,3.0,6.0,2.0,-5.0
islamabad,2026-06-02 20:00:00+00:00,110.0,39.1,51.1,51.0,29.5,4.9,1059.0,26.8,57.0,947.6,7.6,1.0,3.0,6.0,2.0,-10.0
islamabad,2026-06-02 21:00:00+00:00,100.0,35.2,43.7,44.0,28.4,4.3,875.0,26.6,57.0,947.1,8.3,2.0,3.0,6.0,2.0,-10.0
islamabad,2026-06-02 22:00:00+00:00,93.0,32.0,39.2,44.0,25.4,3.8,731.0,26.3,56.0,946.8,5.0,3.0,3.0,6.0,2.0,-7.0
islamabad,2026-06-02 23:00:00+00:00,88.0,29.6,38.6,49.0,21.3,3.6,614.0,26.0,58.0,946.7,4.0,4.0,3.0,6.0,2.0,-5.0
islamabad,2026-06-03 00:00:00+00:00,89.0,30.2,55.8,91.0,11.0,4.9,544.0,25.4,63.0,946.7,5.8,5.0,3.0,6.0,2.0,1.0
islamabad,2026-06-03 01:00:00+00:00,86.0,28.8,52.2,99.0,12.4,7.1,555.0,25.6,63.0,947.4,3.8,6.0,3.0,6.0,2.0,-3.0
islamabad,2026-06-03 02:00:00+00:00,87.0,29.2,54.6,110.0,14.1,10.3,613.0,26.6,59.0,948.2,6.0,7.0,3.0,6.0,2.0,1.0
islamabad,2026-06-03 03:00:00+00:00,98.0,34.5,72.4,124.0,14.3,12.8,635.0,28.6,51.0,948.4,6.0,8.0,3.0,6.0,2.0,11.0
islamabad,2026-06-03 04:00:00+00:00,111.0,39.7,86.4,144.0,11.6,14.3,573.0,30.6,44.0,948.6,7.4,9.0,3.0,6.0,2.0,13.0
islamabad,2026-06-03 05:00:00+00:00,118.0,42.5,100.4,167.0,7.4,15.2,476.0,29.7,49.0,948.6,17.9,10.0,3.0,6.0,2.0,7.0
islamabad,2026-06-03 06:00:00+00:00,125.0,45.2,108.7,183.0,4.2,15.3,404.0,32.6,38.0,948.4,7.3,11.0,3.0,6.0,2.0,7.0
islamabad,2026-06-03 07:00:00+00:00,123.0,44.5,106.4,187.0,3.1,14.1,387.0,33.1,37.0,947.8,5.4,12.0,3.0,6.0,2.0,-2.0
islamabad,2026-06-03 08:00:00+00:00,120.0,43.4,103.4,184.0,3.0,11.9,395.0,34.1,36.0,947.3,4.3,13.0,3.0,6.0,2.0,-3.0
islamabad,2026-06-03 09:00:00+00:00,118.0,42.3,100.4,178.0,3.5,10.1,408.0,34.6,35.0,946.3,6.5,14.0,3.0,6.0,2.0,-2.0
islamabad,2026-06-03 10:00:00+00:00,117.0,41.9,100.4,170.0,3.7,8.9,357.0,35.1,33.0,945.4,5.4,15.0,3.0,6.0,2.0,-1.0
islamabad,2026-06-03 11:00:00+00:00,112.0,40.0,96.9,158.0,4.3,7.9,310.0,34.7,33.0,944.9,4.3,16.0,3.0,6.0,2.0,-5.0
islamabad,2026-06-03 12:00:00+00:00,87.0,29.0,74.0,150.0,7.1,8.0,448.0,35.4,29.0,943.8,7.1,17.0,3.0,6.0,2.0,-25.0
islamabad,2026-06-03 13:00:00+00:00,87.0,29.0,74.0,142.0,11.0,8.3,971.0,34.7,30.0,943.7,8.6,18.0,3.0,6.0,2.0,0.0
islamabad,2026-06-03 14:00:00+00:00,86.0,28.9,61.7,131.0,16.4,8.6,1679.0,33.6,31.0,943.8,10.8,19.0,3.0,6.0,2.0,-1.0
islamabad,2026-06-03 15:00:00+00:00,91.0,31.1,51.6,119.0,21.1,8.7,2159.0,32.3,34.0,943.8,9.2,20.0,3.0,6.0,2.0,5.0
islamabad,2026-06-03 16:00:00+00:00,94.0,32.5,46.2,107.0,24.4,8.3,2221.0,30.8,39.0,943.9,7.5,21.0,3.0,6.0,2.0,3.0
islamabad,2026-06-03 17:00:00+00:00,95.0,32.8,44.6,94.0,26.8,7.5,2053.0,29.7,43.0,943.7,5.4,22.0,3.0,6.0,2.0,1.0
islamabad,2026-06-03 18:00:00+00:00,96.0,33.5,43.0,83.0,27.9,6.8,1809.0,30.0,43.0,943.7,0.8,23.0,3.0,6.0,2.0,1.0
islamabad,2026-06-03 19:00:00+00:00,95.0,33.2,39.1,74.0,27.0,6.1,1478.0,28.8,47.0,943.0,2.9,0.0,4.0,6.0,3.0,-1.0
islamabad,2026-06-03 20:00:00+00:00,91.0,30.9,36.6,67.0,24.6,5.3,1071.0,28.0,50.0,942.8,6.1,1.0,4.0,6.0,3.0,-4.0
islamabad,2026-06-03 21:00:00+00:00,85.0,28.4,34.5,62.0,22.3,4.7,766.0,27.4,51.0,942.8,6.5,2.0,4.0,6.0,3.0,-6.0
islamabad,2026-06-03 22:00:00+00:00,81.0,26.4,32.5,59.0,20.2,4.1,641.0,27.1,49.0,942.6,9.0,3.0,4.0,6.0,3.0,-4.0
islamabad,2026-06-03 23:00:00+00:00,78.0,25.0,31.9,58.0,18.1,3.7,618.0,26.8,49.0,942.3,10.2,4.0,4.0,6.0,3.0,-3.0
islamabad,2026-06-04 00:00:00+00:00,71.0,21.7,32.7,79.0,13.9,3.7,648.0,27.1,51.0,943.3,11.2,5.0,4.0,6.0,3.0,-7.0
islamabad,2026-06-04 01:00:00+00:00,72.0,22.2,34.0,93.0,14.5,6.0,766.0,25.8,56.0,943.8,11.5,6.0,4.0,6.0,3.0,1.0
islamabad,2026-06-04 02:00:00+00:00,77.0,24.7,39.8,112.0,15.2,9.1,937.0,23.5,75.0,945.2,10.2,7.0,4.0,6.0,3.0,5.0
islamabad,2026-06-04 03:00:00+00:00,87.0,29.0,61.2,130.0,14.6,11.3,1006.0,22.1,91.0,946.3,3.6,8.0,4.0,6.0,3.0,10.0
islamabad,2026-06-04 04:00:00+00:00,97.0,33.8,77.8,144.0,11.4,11.8,870.0,21.8,96.0,945.4,16.0,9.0,4.0,6.0,3.0,10.0
islamabad,2026-06-04 05:00:00+00:00,100.0,35.4,83.4,156.0,7.0,11.4,633.0,25.3,70.0,945.1,15.4,10.0,4.0,6.0,3.0,3.0
islamabad,2026-06-04 06:00:00+00:00,101.0,35.6,85.4,165.0,4.3,11.2,452.0,27.1,63.0,946.1,12.0,11.0,4.0,6.0,3.0,1.0
islamabad,2026-06-04 07:00:00+00:00,96.0,33.6,73.1,168.0,4.9,11.4,392.0,27.0,59.0,946.2,8.0,12.0,4.0,6.0,3.0,-5.0
islamabad,2026-06-04 08:00:00+00:00,93.0,31.9,58.7,168.0,7.2,11.8,388.0,26.9,59.0,946.8,10.4,13.0,4.0,6.0,3.0,-3.0
islamabad,2026-06-04 09:00:00+00:00,93.0,32.2,64.5,167.0,9.2,12.1,405.0,26.7,59.0,945.3,11.0,14.0,4.0,6.0,3.0,0.0
islamabad,2026-06-04 10:00:00+00:00,92.0,31.4,62.9,171.0,7.7,12.3,425.0,27.6,53.0,945.0,6.3,15.0,4.0,6.0,3.0,-1.0
islamabad,2026-06-04 11:00:00+00:00,89.0,30.4,58.9,175.0,6.0,12.4,466.0,29.8,43.0,944.8,2.9,16.0,4.0,6.0,3.0,-3.0
islamabad,2026-06-04 12:00:00+00:00,98.0,34.5,81.3,145.0,8.1,9.0,548.0,26.0,61.0,945.1,6.6,17.0,4.0,6.0,3.0,9.0
islamabad,2026-06-04 13:00:00+00:00,99.0,35.0,81.5,125.0,21.4,10.1,704.0,25.9,62.0,944.7,5.5,18.0,4.0,6.0,3.0,1.0
islamabad,2026-06-04 14:00:00+00:00,100.0,35.3,80.8,97.0,40.2,11.6,900.0,25.7,67.0,944.5,4.0,19.0,4.0,6.0,3.0,1.0
islamabad,2026-06-04 15:00:00+00:00,127.0,46.0,90.1,70.0,57.8,12.6,1058.0,25.0,70.0,944.1,6.1,20.0,4.0,6.0,3.0,27.0
islamabad,2026-06-04 16:00:00+00:00,132.0,48.2,87.8,44.0,73.7,12.6,1176.0,24.7,70.0,943.9,7.5,21.0,4.0,6.0,3.0,5.0
islamabad,2026-06-04 17:00:00+00:00,140.0,51.3,85.7,18.0,88.4,12.1,1255.0,23.9,73.0,943.8,5.9,22.0,4.0,6.0,3.0,8.0
islamabad,2026-06-04 18:00:00+00:00,152.0,57.3,86.8,0.0,97.1,11.3,1219.0,23.7,81.0,943.5,4.9,23.0,4.0,6.0,3.0,12.0
islamabad,2026-06-04 19:00:00+00:00,152.0,58.3,80.8,0.0,96.4,10.0,972.0,23.2,81.0,943.4,2.1,0.0,5.0,6.0,4.0,0.0
islamabad,2026-06-04 20:00:00+00:00,149.0,54.9,71.7,0.0,89.6,8.3,609.0,22.9,80.0,943.0,3.1,1.0,5.0,6.0,4.0,-3.0
islamabad,2026-06-04 21:00:00+00:00,139.0,51.0,65.4,1.0,81.6,7.0,343.0,22.6,77.0,943.3,3.6,2.0,5.0,6.0,4.0,-10.0
islamabad,2026-06-04 22:00:00+00:00,131.0,47.7,61.0,3.0,74.3,6.2,266.0,22.1,79.0,943.2,2.6,3.0,5.0,6.0,4.0,-8.0
islamabad,2026-06-04 23:00:00+00:00,126.0,45.5,56.0,6.0,65.8,5.8,285.0,21.9,80.0,943.5,2.5,4.0,5.0,6.0,4.0,-5.0
islamabad,2026-06-05 00:00:00+00:00,114.0,40.9,54.2,13.0,49.7,6.0,331.0,21.7,84.0,943.6,1.5,5.0,5.0,6.0,4.0,-12.0
islamabad,2026-06-05 01:00:00+00:00,106.0,37.7,47.4,39.0,39.9,7.3,401.0,22.4,83.0,944.7,5.6,6.0,5.0,6.0,4.0,-8.0
islamabad,2026-06-05 02:00:00+00:00,87.0,29.2,41.4,77.0,26.3,9.2,498.0,23.6,75.0,945.6,7.3,7.0,5.0,6.0,4.0,-19.0
islamabad,2026-06-05 03:00:00+00:00,81.0,26.4,52.6,108.0,15.3,10.3,558.0,25.9,60.0,946.3,8.3,8.0,5.0,6.0,4.0,-6.0
islamabad,2026-06-05 04:00:00+00:00,86.0,28.9,62.4,128.0,9.3,10.0,546.0,27.7,54.0,946.8,8.3,9.0,5.0,6.0,4.0,5.0
islamabad,2026-06-05 05:00:00+00:00,88.0,29.5,64.3,142.0,5.9,9.1,496.0,29.3,48.0,946.9,9.2,10.0,5.0,6.0,4.0,2.0
islamabad,2026-06-05 06:00:00+00:00,86.0,28.9,61.9,153.0,3.8,8.5,450.0,30.5,41.0,947.5,8.1,11.0,5.0,6.0,4.0,-2.0
islamabad,2026-06-05 07:00:00+00:00,88.0,29.5,61.5,163.0,2.8,8.7,411.0,31.0,38.0,947.4,8.2,12.0,5.0,6.0,4.0,2.0
islamabad,2026-06-05 08:00:00+00:00,89.0,30.0,61.7,170.0,3.1,9.3,376.0,31.3,35.0,946.9,3.3,13.0,5.0,6.0,4.0,1.0
islamabad,2026-06-05 09:00:00+00:00,89.0,30.2,60.1,175.0,3.9,10.0,369.0,31.3,35.0,946.3,3.9,14.0,5.0,6.0,4.0,0.0
islamabad,2026-06-05 10:00:00+00:00,89.0,30.0,58.9,180.0,3.8,10.6,352.0,32.0,29.0,945.7,3.9,15.0,5.0,6.0,4.0,0.0
islamabad,2026-06-05 11:00:00+00:00,89.0,30.4,58.9,183.0,4.2,11.3,365.0,31.6,30.0,945.2,7.8,16.0,5.0,6.0,4.0,0.0
islamabad,2026-06-05 12:00:00+00:00,76.0,23.9,41.3,174.0,8.0,11.1,551.0,32.6,26.0,944.8,4.3,17.0,5.0,6.0,4.0,-13.0
islamabad,2026-06-05 13:00:00+00:00,76.0,24.2,41.4,147.0,22.4,11.5,1120.0,31.2,37.0,944.7,4.0,18.0,5.0,6.0,4.0,0.0
islamabad,2026-06-05 14:00:00+00:00,85.0,28.3,44.4,110.0,42.0,12.0,1864.0,28.8,51.0,944.3,2.3,19.0,5.0,6.0,4.0,9.0
islamabad,2026-06-05 15:00:00+00:00,99.0,35.0,49.4,80.0,55.0,11.8,2299.0,26.9,58.0,944.4,5.2,20.0,5.0,6.0,4.0,14.0
islamabad,2026-06-05 16:00:00+00:00,96.0,33.6,44.6,66.0,55.4,10.4,2162.0,26.0,54.0,944.7,7.8,21.0,5.0,6.0,4.0,-3.0
islamabad,2026-06-05 17:00:00+00:00,94.0,32.5,41.8,59.0,49.2,8.5,1717.0,24.5,62.0,944.6,4.8,22.0,5.0,6.0,4.0,-2.0
islamabad,2026-06-05 18:00:00+00:00,92.0,31.4,39.6,55.0,42.2,6.7,1277.0,24.7,65.0,944.8,1.6,23.0,5.0,6.0,4.0,-2.0
islamabad,2026-06-05 19:00:00+00:00,87.0,29.1,35.9,54.0,35.5,5.5,907.0,24.2,67.0,944.6,1.5,0.0,6.0,6.0,5.0,-5.0
islamabad,2026-06-05 20:00:00+00:00,80.0,26.1,31.3,56.0,28.0,4.5,542.0,24.2,66.0,944.6,1.5,1.0,6.0,6.0,5.0,-7.0
islamabad,2026-06-05 21:00:00+00:00,75.0,23.7,28.3,58.0,21.9,3.8,293.0,24.4,62.0,944.4,2.5,2.0,6.0,6.0,5.0,-5.0
islamabad,2026-06-05 22:00:00+00:00,72.0,22.0,26.1,58.0,17.7,3.4,225.0,24.1,64.0,944.3,0.4,3.0,6.0,6.0,5.0,-3.0
islamabad,2026-06-05 23:00:00+00:00,70.0,20.9,24.8,58.0,14.9,3.3,273.0,23.7,65.0,944.4,1.7,4.0,6.0,6.0,5.0,-2.0
islamabad,2026-06-06 00:00:00+00:00,68.0,20.1,24.3,57.0,15.2,3.6,363.0,24.2,60.0,944.7,1.8,5.0,6.0,6.0,5.0,-2.0
islamabad,2026-06-06 01:00:00+00:00,67.0,19.9,24.2,69.0,16.6,4.7,512.0,23.7,63.0,945.1,5.6,6.0,6.0,6.0,5.0,-1.0
islamabad,2026-06-06 02:00:00+00:00,71.0,21.7,27.7,85.0,18.2,6.1,702.0,25.9,55.0,945.7,4.7,7.0,6.0,6.0,5.0,4.0
islamabad,2026-06-06 03:00:00+00:00,74.0,22.8,34.1,104.0,18.0,7.4,803.0,29.1,44.0,946.8,1.1,8.0,6.0,6.0,5.0,3.0
islamabad,2026-06-06 04:00:00+00:00,69.0,20.5,33.2,126.0,14.0,8.3,732.0,31.3,36.0,947.3,2.7,9.0,6.0,6.0,5.0,-5.0
islamabad,2026-06-06 05:00:00+00:00,59.0,15.8,26.4,150.0,8.2,9.0,572.0,32.7,31.0,947.5,5.5,10.0,6.0,6.0,5.0,-10.0
islamabad,2026-06-06 06:00:00+00:00,57.0,15.0,26.0,167.0,3.9,9.2,441.0,32.5,29.0,947.4,5.6,11.0,6.0,6.0,5.0,-2.0
islamabad,2026-06-06 07:00:00+00:00,56.0,14.7,25.8,174.0,2.6,8.6,383.0,34.0,26.0,947.5,0.4,12.0,6.0,6.0,5.0,-1.0
islamabad,2026-06-06 08:00:00+00:00,56.0,14.5,25.7,174.0,2.9,7.5,355.0,34.5,26.0,946.8,2.6,13.0,6.0,6.0,5.0,0.0
islamabad,2026-06-06 09:00:00+00:00,56.0,14.3,25.7,172.0,3.5,6.6,343.0,35.1,25.0,946.1,2.6,14.0,6.0,6.0,5.0,0.0
islamabad,2026-06-06 10:00:00+00:00,55.0,13.9,25.5,172.0,1.8,6.0,318.0,35.3,24.0,945.5,3.0,15.0,6.0,6.0,5.0,-1.0
islamabad,2026-06-06 11:00:00+00:00,54.0,13.6,25.1,169.0,0.6,5.7,310.0,35.2,24.0,945.1,4.8,16.0,6.0,6.0,5.0,-1.0
islamabad,2026-06-06 12:00:00+00:00,34.0,8.2,13.1,156.0,6.7,4.9,395.0,35.1,23.0,944.2,4.2,17.0,6.0,6.0,5.0,-20.0
islamabad,2026-06-06 13:00:00+00:00,37.0,8.9,13.9,131.0,20.3,5.4,670.0,33.3,31.0,944.4,6.1,18.0,6.0,6.0,5.0,3.0
islamabad,2026-06-06 14:00:00+00:00,53.0,12.9,17.3,95.0,39.5,6.1,1037.0,30.5,41.0,944.4,4.6,19.0,6.0,6.0,5.0,16.0
islamabad,2026-06-06 15:00:00+00:00,69.0,20.8,25.5,64.0,56.2,6.6,1281.0,28.3,54.0,944.3,2.9,20.0,6.0,6.0,5.0,16.0
islamabad,2026-06-06 16:00:00+00:00,78.0,24.9,29.7,41.0,68.9,6.9,1311.0,26.6,59.0,944.9,3.9,21.0,6.0,6.0,5.0,9.0
islamabad,2026-06-06 17:00:00+00:00,81.0,26.6,31.3,23.0,79.2,7.1,1218.0,25.4,61.0,944.9,7.0,22.0,6.0,6.0,5.0,3.0
islamabad,2026-06-06 18:00:00+00:00,90.0,30.6,34.9,12.0,83.8,7.0,1060.0,26.5,48.0,945.0,9.4,23.0,6.0,6.0,5.0,9.0
islamabad,2026-06-06 19:00:00+00:00,91.0,31.1,34.7,11.0,79.9,6.4,806.0,25.5,50.0,944.5,7.9,0.0,7.0,6.0,6.0,1.0
islamabad,2026-06-06 20:00:00+00:00,86.0,28.6,31.5,16.0,70.5,5.5,487.0,25.1,49.0,944.2,6.6,1.0,7.0,6.0,6.0,-5.0
islamabad,2026-06-06 21:00:00+00:00,79.0,25.4,27.9,22.0,60.8,4.8,260.0,24.5,50.0,944.2,4.9,2.0,7.0,6.0,6.0,-7.0
islamabad,2026-06-06 22:00:00+00:00,73.0,22.6,25.0,24.0,52.7,4.2,194.0,24.0,51.0,944.1,5.1,3.0,7.0,6.0,6.0,-6.0
islamabad,2026-06-06 23:00:00+00:00,68.0,20.4,22.6,26.0,44.4,3.8,219.0,23.6,51.0,944.2,4.8,4.0,7.0,6.0,6.0,-5.0
islamabad,2026-06-07 00:00:00+00:00,78.0,24.8,27.6,26.0,49.4,4.3,281.0,23.4,56.0,944.5,1.7,5.0,7.0,6.0,6.0,10.0
islamabad,2026-06-07 01:00:00+00:00,71.0,21.5,23.9,57.0,39.2,6.1,397.0,24.6,53.0,945.0,3.0,6.0,7.0,6.0,6.0,-7.0
islamabad,2026-06-07 02:00:00+00:00,67.0,19.9,22.6,99.0,25.0,8.7,550.0,27.0,45.0,946.0,3.8,7.0,7.0,6.0,6.0,-4.0
islamabad,2026-06-07 03:00:00+00:00,55.0,14.1,21.0,135.0,13.6,10.5,637.0,29.6,39.0,946.6,2.6,8.0,7.0,6.0,6.0,-12.0
islamabad,2026-06-07 04:00:00+00:00,54.0,13.6,22.6,156.0,7.9,11.0,595.0,32.3,29.0,947.3,2.1,9.0,7.0,6.0,6.0,-1.0
islamabad,2026-06-07 05:00:00+00:00,54.0,13.4,23.0,170.0,5.0,10.7,486.0,33.9,24.0,947.8,7.4,10.0,7.0,6.0,6.0,0.0
islamabad,2026-06-07 06:00:00+00:00,54.0,13.6,23.1,179.0,3.2,10.2,394.0,34.5,24.0,948.0,8.4,11.0,7.0,6.0,6.0,0.0
islamabad,2026-06-07 07:00:00+00:00,55.0,14.2,24.1,183.0,2.2,9.6,348.0,35.3,22.0,947.8,2.1,12.0,7.0,6.0,6.0,1.0
islamabad,2026-06-07 08:00:00+00:00,57.0,14.8,25.4,183.0,2.3,8.7,318.0,35.4,21.0,947.0,2.2,13.0,7.0,6.0,6.0,2.0
islamabad,2026-06-07 09:00:00+00:00,57.0,14.8,26.1,181.0,2.6,7.9,299.0,35.4,23.0,946.4,7.2,14.0,7.0,6.0,6.0,0.0
islamabad,2026-06-07 10:00:00+00:00,56.0,14.3,26.3,178.0,2.5,7.1,270.0,35.0,24.0,946.2,8.4,15.0,7.0,6.0,6.0,-1.0
islamabad,2026-06-07 11:00:00+00:00,54.0,13.6,25.8,173.0,2.6,6.4,252.0,35.5,21.0,945.8,5.9,16.0,7.0,6.0,6.0,-2.0
islamabad,2026-06-07 12:00:00+00:00,49.0,11.8,21.1,165.0,4.4,6.2,305.0,36.3,19.0,945.0,2.3,17.0,7.0,6.0,6.0,-5.0
islamabad,2026-06-07 13:00:00+00:00,46.0,11.0,20.0,150.0,9.7,6.2,505.0,35.2,22.0,944.8,4.0,18.0,7.0,6.0,6.0,-3.0
islamabad,2026-06-07 14:00:00+00:00,52.0,12.6,19.8,129.0,17.5,6.3,776.0,32.7,33.0,944.7,4.9,19.0,7.0,6.0,6.0,6.0
islamabad,2026-06-07 15:00:00+00:00,59.0,16.0,22.8,105.0,27.1,6.4,944.0,30.7,41.0,944.6,4.3,20.0,7.0,6.0,6.0,7.0
islamabad,2026-06-07 16:00:00+00:00,67.0,19.7,26.0,76.0,41.2,6.8,924.0,29.4,45.0,944.7,3.4,21.0,7.0,6.0,6.0,8.0
islamabad,2026-06-07 17:00:00+00:00,83.0,27.4,33.4,44.0,57.1,7.3,802.0,28.0,51.0,944.6,2.1,22.0,7.0,6.0,6.0,16.0
islamabad,2026-06-07 18:00:00+00:00,93.0,32.1,37.0,24.0,65.3,7.3,659.0,27.7,52.0,944.3,2.3,23.0,7.0,6.0,6.0,10.0
islamabad,2026-06-07 19:00:00+00:00,86.0,28.6,31.8,25.0,59.8,6.5,500.0,26.5,53.0,943.5,2.6,0.0,8.0,6.0,0.0,-7.0
islamabad,2026-06-07 20:00:00+00:00,76.0,24.2,26.5,37.0,46.6,5.2,320.0,26.6,50.0,943.2,3.2,1.0,8.0,6.0,0.0,-10.0
islamabad,2026-06-07 21:00:00+00:00,68.0,20.1,21.8,47.0,35.2,4.2,193.0,26.7,44.0,942.7,4.2,2.0,8.0,6.0,0.0,-8.0
islamabad,2026-06-07 22:00:00+00:00,60.0,16.5,17.9,47.0,28.8,3.5,135.0,26.3,42.0,942.6,3.5,3.0,8.0,6.0,0.0,-8.0
islamabad,2026-06-07 23:00:00+00:00,55.0,14.0,15.1,44.0,24.1,2.9,129.0,25.6,41.0,942.5,2.7,4.0,8.0,6.0,0.0,-5.0
islamabad,2026-06-08 00:00:00+00:00,54.0,13.7,14.6,50.0,20.6,3.4,200.0,25.5,50.0,942.9,0.5,5.0,8.0,6.0,0.0,-1.0
islamabad,2026-06-08 01:00:00+00:00,53.0,13.1,13.9,69.0,19.6,5.1,431.0,26.2,53.0,943.2,0.8,6.0,8.0,6.0,0.0,-1.0
islamabad,2026-06-08 02:00:00+00:00,54.0,13.5,14.7,95.0,18.0,7.3,738.0,28.5,41.0,944.2,0.8,7.0,8.0,6.0,0.0,1.0
islamabad,2026-06-08 03:00:00+00:00,42.0,10.2,12.8,119.0,15.7,8.8,898.0,31.1,32.0,945.1,1.7,8.0,8.0,6.0,0.0,-12.0
islamabad,2026-06-08 04:00:00+00:00,40.0,9.7,14.3,139.0,11.9,8.8,762.0,33.6,27.0,945.6,2.7,9.0,8.0,6.0,0.0,-2.0
islamabad,2026-06-08 05:00:00+00:00,41.0,9.9,17.8,156.0,7.3,8.1,478.0,35.7,22.0,945.6,4.5,10.0,8.0,6.0,0.0,1.0
islamabad,2026-06-08 06:00:00+00:00,42.0,10.1,19.7,169.0,4.0,7.3,265.0,36.5,20.0,945.3,5.2,11.0,8.0,6.0,0.0,1.0
islamabad,2026-06-08 07:00:00+00:00,43.0,10.4,21.2,175.0,2.8,6.7,218.0,37.5,18.0,945.1,4.3,12.0,8.0,6.0,0.0,1.0
islamabad,2026-06-08 08:00:00+00:00,43.0,10.3,21.5,177.0,2.9,6.0,242.0,38.2,16.0,944.5,4.4,13.0,8.0,6.0,0.0,0.0
islamabad,2026-06-08 09:00:00+00:00,43.0,10.4,21.8,177.0,3.4,5.5,275.0,38.8,14.0,943.8,6.5,14.0,8.0,6.0,0.0,0.0
islamabad,2026-06-08 10:00:00+00:00,42.0,10.2,21.4,179.0,2.7,5.1,251.0,38.7,14.0,943.4,8.3,15.0,8.0,6.0,0.0,-1.0
islamabad,2026-06-08 11:00:00+00:00,42.0,10.1,20.7,179.0,2.5,4.9,237.0,38.4,14.0,943.1,8.8,16.0,8.0,6.0,0.0,0.0
islamabad,2026-06-08 12:00:00+00:00,32.0,7.6,14.5,174.0,6.4,5.2,365.0,38.7,12.0,942.9,9.6,17.0,8.0,6.0,0.0,-10.0
islamabad,2026-06-08 13:00:00+00:00,32.0,7.7,13.6,148.0,19.8,5.8,821.0,37.4,13.0,942.6,10.0,18.0,8.0,6.0,0.0,0.0
islamabad,2026-06-08 14:00:00+00:00,48.0,11.6,16.0,112.0,38.7,6.7,1420.0,35.1,18.0,942.2,6.4,19.0,8.0,6.0,0.0,16.0
islamabad,2026-06-08 15:00:00+00:00,66.0,19.2,23.4,79.0,56.4,7.4,1743.0,32.6,24.0,941.9,6.6,20.0,8.0,6.0,0.0,18.0
islamabad,2026-06-08 16:00:00+00:00,81.0,26.3,30.5,50.0,73.2,8.0,1535.0,30.8,26.0,941.9,6.5,21.0,8.0,6.0,0.0,15.0
islamabad,2026-06-08 17:00:00+00:00,96.0,33.6,38.0,25.0,88.7,8.5,1051.0,29.7,27.0,941.8,7.3,22.0,8.0,6.0,0.0,15.0
islamabad,2026-06-08 18:00:00+00:00,100.0,35.4,39.0,10.0,95.1,8.5,642.0,30.8,23.0,941.9,6.0,23.0,8.0,6.0,0.0,4.0
islamabad,2026-06-08 19:00:00+00:00,89.0,30.4,33.2,13.0,86.1,7.7,430.0,28.8,27.0,941.5,2.5,0.0,9.0,6.0,1.0,-11.0
islamabad,2026-06-08 20:00:00+00:00,80.0,25.7,28.0,26.0,68.0,6.4,292.0,28.6,25.0,941.2,4.6,1.0,9.0,6.0,1.0,-9.0
islamabad,2026-06-08 21:00:00+00:00,72.0,22.0,24.0,38.0,52.0,5.4,209.0,28.3,24.0,940.8,3.8,2.0,9.0,6.0,1.0,-8.0
islamabad,2026-06-08 22:00:00+00:00,66.0,19.1,21.0,40.0,42.0,4.6,169.0,27.3,26.0,940.7,2.2,3.0,9.0,6.0,1.0,-6.0
islamabad,2026-06-08 23:00:00+00:00,60.0,16.6,18.3,41.0,34.0,4.1,184.0,26.8,26.0,940.6,2.8,4.0,9.0,6.0,1.0,-6.0
islamabad,2026-06-09 00:00:00+00:00,69.0,20.5,22.6,33.0,39.4,4.4,270.0,27.6,28.0,940.8,1.5,5.0,9.0,6.0,1.0,9.0
islamabad,2026-06-09 01:00:00+00:00,61.0,16.9,18.7,64.0,34.3,7.0,506.0,28.1,31.0,941.2,1.1,6.0,9.0,6.0,1.0,-8.0
islamabad,2026-06-09 02:00:00+00:00,57.0,14.8,16.9,106.0,27.1,10.6,813.0,30.3,22.0,941.9,1.5,7.0,9.0,6.0,1.0,-4.0
islamabad,2026-06-09 03:00:00+00:00,51.0,12.2,15.5,141.0,20.3,12.8,968.0,32.9,18.0,942.5,4.1,8.0,9.0,6.0,1.0,-6.0
islamabad,2026-06-09 04:00:00+00:00,47.0,11.3,15.6,161.0,14.3,12.5,823.0,35.3,16.0,942.9,4.0,9.0,9.0,6.0,1.0,-4.0
islamabad,2026-06-09 05:00:00+00:00,49.0,11.8,19.0,172.0,8.7,10.8,527.0,37.4,15.0,942.8,3.9,10.0,9.0,6.0,1.0,2.0
islamabad,2026-06-09 06:00:00+00:00,50.0,11.9,19.8,180.0,4.7,9.2,303.0,37.8,15.0,942.9,1.5,11.0,9.0,6.0,1.0,1.0
islamabad,2026-06-09 07:00:00+00:00,50.0,12.0,19.9,184.0,3.1,8.0,246.0,39.5,13.0,942.8,1.6,12.0,9.0,6.0,1.0,0.0
islamabad,2026-06-09 08:00:00+00:00,48.0,11.4,18.7,183.0,3.1,6.9,261.0,40.3,12.0,942.1,4.6,13.0,9.0,6.0,1.0,-2.0
islamabad,2026-06-09 09:00:00+00:00,46.0,11.1,17.9,181.0,3.6,6.0,291.0,40.6,12.0,941.4,7.3,14.0,9.0,6.0,1.0,-2.0
islamabad,2026-06-09 10:00:00+00:00,45.0,10.7,17.1,180.0,2.7,5.5,262.0,40.6,12.0,941.0,10.3,15.0,9.0,6.0,1.0,-1.0
islamabad,2026-06-09 11:00:00+00:00,42.0,10.2,16.2,179.0,2.2,5.3,248.0,40.0,12.0,940.9,12.0,16.0,9.0,6.0,1.0,-3.0
islamabad,2026-06-09 12:00:00+00:00,18.0,4.4,5.2,174.0,7.0,5.1,412.0,40.1,10.0,940.3,10.7,17.0,9.0,6.0,1.0,-24.0
islamabad,2026-06-09 13:00:00+00:00,19.0,4.6,5.6,152.0,20.4,5.9,972.0,38.7,11.0,940.2,6.2,18.0,9.0,6.0,1.0,1.0
islamabad,2026-06-09 14:00:00+00:00,38.0,9.1,10.2,120.0,39.3,7.0,1709.0,36.3,17.0,940.0,3.6,19.0,9.0,6.0,1.0,19.0
islamabad,2026-06-09 15:00:00+00:00,62.0,17.2,18.7,89.0,57.0,7.9,2135.0,34.0,21.0,940.2,6.2,20.0,9.0,6.0,1.0,24.0
islamabad,2026-06-09 16:00:00+00:00,83.0,27.5,29.3,59.0,74.4,8.4,1962.0,32.8,25.0,940.3,7.0,21.0,9.0,6.0,1.0,21.0
islamabad,2026-06-09 17:00:00+00:00,102.0,35.9,37.7,30.0,90.6,8.6,1476.0,32.7,24.0,940.7,5.0,22.0,9.0,6.0,1.0,19.0
islamabad,2026-06-09 18:00:00+00:00,95.0,33.2,34.5,16.0,95.4,8.4,1050.0,31.7,25.0,940.9,3.6,23.0,9.0,6.0,1.0,-7.0
islamabad,2026-06-09 19:00:00+00:00,80.0,25.8,26.4,26.0,80.2,7.6,806.0,29.9,27.0,940.5,5.9,0.0,10.0,6.0,2.0,-15.0
islamabad,2026-06-09 20:00:00+00:00,67.0,19.6,20.0,51.0,53.6,6.4,621.0,28.8,29.0,940.2,5.5,1.0,10.0,6.0,2.0,-13.0
islamabad,2026-06-09 21:00:00+00:00,58.0,15.4,15.7,70.0,32.2,5.4,500.0,28.5,29.0,940.1,4.5,2.0,10.0,6.0,2.0,-9.0
islamabad,2026-06-09 22:00:00+00:00,52.0,12.5,13.0,74.0,22.0,4.8,445.0,27.9,31.0,939.7,3.8,3.0,10.0,6.0,2.0,-6.0
islamabad,2026-06-09 23:00:00+00:00,46.0,11.0,11.5,73.0,16.9,4.4,455.0,27.9,31.0,940.2,3.1,4.0,10.0,6.0,2.0,-6.0
islamabad,2026-06-10 00:00:00+00:00,36.0,8.7,8.9,67.0,16.7,4.5,530.0,27.8,32.0,940.6,3.0,5.0,10.0,6.0,2.0,-10.0
islamabad,2026-06-10 01:00:00+00:00,41.0,9.9,10.5,87.0,17.8,6.0,741.0,28.5,30.0,941.3,5.8,6.0,10.0,6.0,2.0,5.0
islamabad,2026-06-10 02:00:00+00:00,54.0,13.5,15.0,116.0,19.0,8.1,1018.0,30.4,27.0,941.9,5.7,7.0,10.0,6.0,2.0,13.0
islamabad,2026-06-10 03:00:00+00:00,59.0,15.8,23.3,143.0,18.6,10.2,1153.0,33.0,23.0,942.5,5.2,8.0,10.0,6.0,2.0,5.0
islamabad,2026-06-10 04:00:00+00:00,74.0,22.8,44.4,167.0,14.8,12.5,1009.0,35.5,21.0,943.1,8.1,9.0,10.0,6.0,2.0,15.0
islamabad,2026-06-10 05:00:00+00:00,79.0,25.2,50.1,189.0,9.3,14.7,723.0,37.2,22.0,943.1,6.6,10.0,10.0,6.0,2.0,5.0
islamabad,2026-06-10 06:00:00+00:00,75.0,23.3,44.9,203.0,5.2,15.5,496.0,38.4,19.0,943.1,6.8,11.0,10.0,6.0,2.0,-4.0
islamabad,2026-06-10 07:00:00+00:00,68.0,20.4,38.3,204.0,3.7,13.9,408.0,39.7,17.0,943.0,6.5,12.0,10.0,6.0,2.0,-7.0
islamabad,2026-06-10 08:00:00+00:00,64.0,18.1,33.2,197.0,3.5,10.8,378.0,40.4,16.0,942.0,8.0,13.0,10.0,6.0,2.0,-4.0
islamabad,2026-06-10 09:00:00+00:00,60.0,16.4,29.5,190.0,3.8,8.4,369.0,40.8,15.0,941.3,8.1,14.0,10.0,6.0,2.0,-4.0
islamabad,2026-06-10 10:00:00+00:00,58.0,15.3,27.1,186.0,2.9,7.2,330.0,40.9,14.0,940.8,7.4,15.0,10.0,6.0,2.0,-2.0
islamabad,2026-06-10 11:00:00+00:00,55.0,14.2,24.9,182.0,2.4,6.6,310.0,40.9,13.0,940.4,8.4,16.0,10.0,6.0,2.0,-3.0
islamabad,2026-06-10 12:00:00+00:00,43.0,10.4,16.6,171.0,6.9,5.9,421.0,41.7,9.0,939.6,9.6,17.0,10.0,6.0,2.0,-12.0
islamabad,2026-06-10 13:00:00+00:00,45.0,10.7,16.6,142.0,25.0,6.6,808.0,39.9,12.0,939.6,7.9,18.0,10.0,6.0,2.0,2.0
islamabad,2026-06-10 14:00:00+00:00,58.0,15.4,21.0,101.0,50.3,7.5,1326.0,37.3,17.0,939.6,6.0,19.0,10.0,6.0,2.0,13.0
islamabad,2026-06-10 15:00:00+00:00,79.0,25.5,31.7,65.0,71.4,8.3,1649.0,35.3,20.0,939.6,5.8,20.0,10.0,6.0,2.0,21.0
islamabad,2026-06-10 16:00:00+00:00,106.0,37.4,44.5,39.0,85.8,8.9,1598.0,33.8,22.0,939.9,7.9,21.0,10.0,6.0,2.0,27.0
islamabad,2026-06-10 17:00:00+00:00,125.0,45.4,52.3,18.0,96.0,9.4,1352.0,31.8,26.0,940.2,5.6,22.0,10.0,6.0,2.0,19.0
islamabad,2026-06-10 18:00:00+00:00,129.0,46.7,52.7,8.0,97.7,9.4,1118.0,30.9,28.0,940.6,6.7,23.0,10.0,6.0,2.0,4.0
islamabad,2026-06-10 19:00:00+00:00,113.0,40.4,45.1,14.0,85.9,8.5,961.0,30.3,26.0,940.0,9.4,0.0,11.0,6.0,3.0,-16.0
islamabad,2026-06-10 20:00:00+00:00,94.0,32.4,35.7,31.0,65.7,7.1,817.0,29.6,27.0,939.7,6.6,1.0,11.0,6.0,3.0,-19.0
islamabad,2026-06-10 21:00:00+00:00,81.0,26.5,29.5,46.0,47.9,6.0,700.0,29.3,28.0,939.5,6.9,2.0,11.0,6.0,3.0,-13.0
islamabad,2026-06-10 22:00:00+00:00,74.0,22.8,25.9,53.0,36.1,5.4,603.0,28.8,29.0,939.2,8.1,3.0,11.0,6.0,3.0,-7.0
islamabad,2026-06-10 23:00:00+00:00,68.0,20.3,23.7,58.0,26.6,5.1,533.0,28.4,30.0,939.3,7.4,4.0,11.0,6.0,3.0,-6.0
islamabad,2026-06-11 00:00:00+00:00,72.0,22.3,24.5,49.0,35.3,5.6,522.0,30.4,31.0,939.7,5.7,5.0,11.0,6.0,3.0,4.0
islamabad,2026-06-11 01:00:00+00:00,68.0,20.0,22.1,76.0,31.3,6.9,627.0,30.1,33.0,940.1,7.6,6.0,11.0,6.0,3.0,-4.0
islamabad,2026-06-11 02:00:00+00:00,69.0,20.5,23.1,113.0,25.5,8.8,790.0,31.3,33.0,940.5,3.6,7.0,11.0,6.0,3.0,1.0
islamabad,2026-06-11 03:00:00+00:00,65.0,18.7,25.6,147.0,19.9,10.6,874.0,33.5,30.0,941.1,4.9,8.0,11.0,6.0,3.0,-4.0
islamabad,2026-06-11 04:00:00+00:00,67.0,19.7,28.2,174.0,14.7,12.6,791.0,35.5,25.0,941.7,7.8,9.0,11.0,6.0,3.0,2.0
islamabad,2026-06-11 05:00:00+00:00,69.0,20.5,29.3,198.0,9.7,14.6,629.0,37.2,21.0,941.8,7.0,10.0,11.0,6.0,3.0,2.0
islamabad,2026-06-11 06:00:00+00:00,68.0,20.3,28.9,214.0,6.0,15.4,510.0,38.8,16.0,941.9,2.9,11.0,11.0,6.0,3.0,-1.0
islamabad,2026-06-11 07:00:00+00:00,67.0,19.6,28.3,220.0,4.2,14.1,493.0,40.3,13.0,941.8,2.2,12.0,11.0,6.0,3.0,-1.0
islamabad,2026-06-11 08:00:00+00:00,66.0,19.3,28.3,217.0,3.8,11.7,521.0,40.6,13.0,941.3,6.1,13.0,11.0,6.0,3.0,-1.0
islamabad,2026-06-11 09:00:00+00:00,66.0,19.3,28.8,212.0,4.0,9.7,539.0,40.0,14.0,941.2,12.7,14.0,11.0,6.0,3.0,0.0
islamabad,2026-06-11 10:00:00+00:00,66.0,19.4,29.9,204.0,4.7,8.8,521.0,39.4,15.0,941.2,11.6,15.0,11.0,6.0,3.0,0.0
islamabad,2026-06-11 11:00:00+00:00,68.0,20.2,31.9,193.0,6.1,8.3,494.0,39.1,15.0,941.1,10.3,16.0,11.0,6.0,3.0,2.0
islamabad,2026-06-11 12:00:00+00:00,51.0,12.3,21.5,176.0,7.6,6.8,489.0,40.3,13.0,939.6,8.7,17.0,11.0,6.0,3.0,-17.0
islamabad,2026-06-11 13:00:00+00:00,54.0,13.7,21.8,176.0,8.3,7.4,530.0,39.0,14.0,940.0,11.0,18.0,11.0,6.0,3.0,3.0
islamabad,2026-06-11 14:00:00+00:00,78.0,25.0,31.1,175.0,9.4,8.2,592.0,36.3,22.0,940.8,19.7,19.0,11.0,6.0,3.0,24.0
islamabad,2026-06-11 15:00:00+00:00,101.0,35.7,46.4,169.0,11.5,8.7,638.0,33.2,31.0,941.6,14.6,20.0,11.0,6.0,3.0,23.0
islamabad,2026-06-11 16:00:00+00:00,106.0,37.6,48.1,153.0,15.7,8.6,652.0,31.8,35.0,942.3,10.5,21.0,11.0,6.0,3.0,5.0
islamabad,2026-06-11 17:00:00+00:00,99.0,35.0,41.4,131.0,20.9,8.2,649.0,30.9,37.0,943.0,9.4,22.0,11.0,6.0,3.0,-7.0
islamabad,2026-06-11 18:00:00+00:00,98.0,34.6,38.3,113.0,24.4,7.7,635.0,30.9,39.0,942.4,11.2,23.0,11.0,6.0,3.0,-1.0
islamabad,2026-06-11 19:00:00+00:00,96.0,33.4,36.7,101.0,24.8,7.2,608.0,29.5,39.0,942.8,14.2,0.0,12.0,6.0,4.0,-2.0
islamabad,2026-06-11 20:00:00+00:00,91.0,31.0,33.8,92.0,23.5,6.5,570.0,28.0,41.0,943.4,14.7,1.0,12.0,6.0,4.0,-5.0
islamabad,2026-06-11 21:00:00+00:00,85.0,28.2,30.7,86.0,22.0,6.1,527.0,27.0,45.0,943.4,15.5,2.0,12.0,6.0,4.0,-6.0
islamabad,2026-06-11 22:00:00+00:00,81.0,26.3,29.8,82.0,20.6,5.8,466.0,26.4,46.0,943.5,14.6,3.0,12.0,6.0,4.0,-4.0
islamabad,2026-06-11 23:00:00+00:00,80.0,25.8,34.5,81.0,18.9,5.8,401.0,21.7,77.0,945.0,16.4,4.0,12.0,6.0,4.0,-1.0
islamabad,2026-06-12 00:00:00+00:00,135.0,49.4,75.9,93.0,12.2,9.9,374.0,26.6,43.0,944.7,15.0,5.0,12.0,6.0,4.0,55.0
islamabad,2026-06-12 01:00:00+00:00,125.0,45.3,71.2,98.0,12.3,10.4,427.0,27.1,42.0,945.6,14.8,6.0,12.0,6.0,4.0,-10.0
islamabad,2026-06-12 02:00:00+00:00,125.0,45.1,86.8,106.0,12.3,10.9,518.0,28.2,42.0,946.7,16.6,7.0,12.0,6.0,4.0,0.0
islamabad,2026-06-12 03:00:00+00:00,120.0,43.3,104.1,115.0,11.6,11.1,570.0,23.5,77.0,948.5,11.0,8.0,12.0,6.0,4.0,-5.0
islamabad,2026-06-12 04:00:00+00:00,128.0,46.6,130.4,126.0,9.4,10.4,538.0,22.8,84.0,948.3,12.1,9.0,12.0,6.0,4.0,8.0
islamabad,2026-06-12 05:00:00+00:00,122.0,44.1,122.9,138.0,6.4,9.3,465.0,24.9,71.0,949.1,9.9,10.0,12.0,6.0,4.0,-6.0
islamabad,2026-06-12 06:00:00+00:00,111.0,39.7,111.1,148.0,4.2,8.4,406.0,29.3,49.0,949.2,19.2,11.0,12.0,6.0,4.0,-11.0
islamabad,2026-06-12 07:00:00+00:00,104.0,36.8,102.9,155.0,3.4,8.0,372.0,30.5,44.0,949.3,17.4,12.0,12.0,6.0,4.0,-7.0
islamabad,2026-06-12 08:00:00+00:00,98.0,34.3,92.0,161.0,3.4,7.8,350.0,31.1,40.0,949.0,14.8,13.0,12.0,6.0,4.0,-6.0
islamabad,2026-06-12 09:00:00+00:00,95.0,32.8,83.4,164.0,3.9,7.8,357.0,31.4,40.0,948.6,8.9,14.0,12.0,6.0,4.0,-3.0
islamabad,2026-06-12 10:00:00+00:00,94.0,32.6,81.3,166.0,4.4,8.1,370.0,30.8,40.0,949.0,4.7,15.0,12.0,6.0,4.0,-1.0
islamabad,2026-06-12 11:00:00+00:00,96.0,33.3,83.1,167.0,5.4,8.7,412.0,30.2,42.0,948.4,9.2,16.0,12.0,6.0,4.0,2.0
islamabad,2026-06-12 12:00:00+00:00,93.0,32.1,78.2,168.0,8.0,10.3,564.0,30.7,37.0,946.3,10.3,17.0,12.0,6.0,4.0,-3.0
islamabad,2026-06-12 13:00:00+00:00,89.0,30.2,70.3,148.0,14.5,9.9,934.0,25.9,66.0,947.9,11.7,18.0,12.0,6.0,4.0,-4.0
islamabad,2026-06-12 14:00:00+00:00,85.0,28.1,54.6,120.0,23.5,9.3,1415.0,25.8,62.0,948.0,8.0,19.0,12.0,6.0,4.0,-4.0
islamabad,2026-06-12 15:00:00+00:00,86.0,28.9,51.3,99.0,30.0,8.8,1765.0,25.2,62.0,948.5,12.9,20.0,12.0,6.0,4.0,1.0
islamabad,2026-06-12 16:00:00+00:00,88.0,29.5,49.0,92.0,31.8,8.6,1913.0,25.9,59.0,949.0,10.8,21.0,12.0,6.0,4.0,2.0
islamabad,2026-06-12 17:00:00+00:00,88.0,29.9,45.1,92.0,31.1,8.5,1929.0,26.5,55.0,949.1,8.4,22.0,12.0,6.0,4.0,0.0
islamabad,2026-06-12 18:00:00+00:00,92.0,31.4,45.1,90.0,29.9,8.2,1787.0,26.0,59.0,947.7,4.1,23.0,12.0,6.0,4.0,4.0
islamabad,2026-06-12 19:00:00+00:00,93.0,32.2,43.3,85.0,28.6,7.4,1367.0,25.6,62.0,947.4,2.3,0.0,13.0,6.0,5.0,1.0
islamabad,2026-06-12 20:00:00+00:00,92.0,31.7,39.9,79.0,26.7,6.4,788.0,25.2,67.0,947.0,0.6,1.0,13.0,6.0,5.0,-1.0
islamabad,2026-06-12 21:00:00+00:00,90.0,30.7,42.6,71.0,25.6,5.5,379.0,25.0,66.0,947.1,3.5,2.0,13.0,6.0,5.0,-2.0
islamabad,2026-06-12 22:00:00+00:00,90.0,30.5,40.3,58.0,26.1,4.7,311.0,24.8,69.0,947.1,1.7,3.0,13.0,6.0,5.0,0.0
islamabad,2026-06-12 23:00:00+00:00,91.0,30.9,37.7,43.0,27.3,4.2,413.0,24.4,73.0,947.4,2.9,4.0,13.0,6.0,5.0,1.0
islamabad,2026-06-13 00:00:00+00:00,99.0,35.0,62.6,91.0,17.9,9.4,501.0,24.6,60.0,946.1,4.5,5.0,13.0,6.0,5.0,8.0
islamabad,2026-06-13 01:00:00+00:00,88.0,29.9,48.7,101.0,16.8,8.7,514.0,24.9,59.0,947.0,5.4,6.0,13.0,6.0,5.0,-11.0
islamabad,2026-06-13 02:00:00+00:00,83.0,27.2,48.4,115.0,15.1,7.8,513.0,26.2,53.0,948.4,7.6,7.0,13.0,6.0,5.0,-5.0
islamabad,2026-06-13 03:00:00+00:00,83.0,27.5,51.8,128.0,12.9,7.1,501.0,27.7,49.0,949.3,10.1,8.0,13.0,6.0,5.0,0.0
islamabad,2026-06-13 04:00:00+00:00,90.0,30.6,61.9,139.0,9.8,6.9,471.0,28.2,47.0,950.1,11.1,9.0,13.0,6.0,5.0,7.0
islamabad,2026-06-13 05:00:00+00:00,89.0,30.3,66.4,150.0,6.2,6.9,430.0,29.4,43.0,950.0,6.4,10.0,13.0,6.0,5.0,-1.0
islamabad,2026-06-13 06:00:00+00:00,85.0,28.5,62.4,158.0,3.6,6.8,398.0,31.9,34.0,950.5,12.7,11.0,13.0,6.0,5.0,-4.0
islamabad,2026-06-13 07:00:00+00:00,83.0,27.2,59.5,163.0,2.7,6.5,381.0,31.7,34.0,950.3,14.8,12.0,13.0,6.0,5.0,-2.0
islamabad,2026-06-13 08:00:00+00:00,89.0,30.4,68.0,165.0,2.8,6.1,372.0,32.5,33.0,949.8,14.8,13.0,13.0,6.0,5.0,6.0
islamabad,2026-06-13 09:00:00+00:00,80.0,25.7,56.9,165.0,3.5,5.8,372.0,32.0,34.0,949.0,15.5,14.0,13.0,6.0,5.0,-9.0
islamabad,2026-06-13 10:00:00+00:00,78.0,25.0,55.1,163.0,4.1,5.5,366.0,32.3,34.0,948.6,14.1,15.0,13.0,6.0,5.0,-2.0
islamabad,2026-06-13 11:00:00+00:00,80.0,25.7,54.7,159.0,5.3,5.2,369.0,32.6,32.0,948.3,13.7,16.0,13.0,6.0,5.0,2.0
islamabad,2026-06-13 12:00:00+00:00,71.0,21.4,46.2,150.0,8.7,4.6,430.0,32.3,31.0,948.2,11.7,17.0,13.0,6.0,5.0,-9.0
islamabad,2026-06-13 13:00:00+00:00,71.0,21.7,43.5,146.0,10.3,5.2,585.0,32.1,30.0,947.8,14.3,18.0,13.0,6.0,5.0,0.0
islamabad,2026-06-13 14:00:00+00:00,71.0,21.5,41.0,140.0,12.9,6.1,798.0,29.4,42.0,947.9,18.4,19.0,13.0,6.0,5.0,0.0
islamabad,2026-06-13 15:00:00+00:00,76.0,23.8,41.0,127.0,18.6,6.7,1008.0,28.3,47.0,948.0,10.7,20.0,13.0,6.0,5.0,5.0
islamabad,2026-06-13 16:00:00+00:00,84.0,27.9,41.3,102.0,30.7,6.9,1261.0,27.8,47.0,948.5,6.5,21.0,13.0,6.0,5.0,8.0
islamabad,2026-06-13 17:00:00+00:00,92.0,31.7,43.7,71.0,45.7,6.9,1512.0,27.1,48.0,948.4,3.4,22.0,13.0,6.0,5.0,8.0
islamabad,2026-06-13 18:00:00+00:00,102.0,36.1,46.0,47.0,55.7,6.7,1566.0,27.5,45.0,947.9,4.0,23.0,13.0,6.0,5.0,10.0
islamabad,2026-06-13 19:00:00+00:00,104.0,36.8,43.9,37.0,56.5,6.2,1245.0,26.6,49.0,947.5,1.1,0.0,14.0,6.0,6.0,2.0
islamabad,2026-06-13 20:00:00+00:00,101.0,35.6,42.4,35.0,52.1,5.5,727.0,26.0,50.0,947.0,1.0,1.0,14.0,6.0,6.0,-3.0
islamabad,2026-06-13 21:00:00+00:00,104.0,36.9,41.8,35.0,46.8,4.9,349.0,25.6,51.0,946.6,1.5,2.0,14.0,6.0,6.0,3.0
islamabad,2026-06-13 22:00:00+00:00,103.0,36.4,41.2,34.0,41.6,4.3,269.0,25.3,53.0,946.4,2.1,3.0,14.0,6.0,6.0,-1.0
islamabad,2026-06-13 23:00:00+00:00,102.0,35.9,40.6,36.0,35.4,3.9,329.0,25.0,54.0,946.1,1.9,4.0,14.0,6.0,6.0,-1.0
islamabad,2026-06-14 00:00:00+00:00,105.0,37.3,41.1,32.0,37.5,4.9,387.0,25.4,60.0,946.1,1.0,5.0,14.0,6.0,6.0,3.0
islamabad,2026-06-14 01:00:00+00:00,100.0,35.2,39.3,62.0,30.4,7.8,399.0,25.3,59.0,946.3,3.3,6.0,14.0,6.0,6.0,-5.0
islamabad,2026-06-14 02:00:00+00:00,84.0,27.6,36.0,105.0,20.4,11.8,410.0,26.9,53.0,946.6,3.5,7.0,14.0,6.0,6.0,-16.0
islamabad,2026-06-14 03:00:00+00:00,73.0,22.5,41.1,139.0,12.3,14.2,409.0,29.0,45.0,947.1,1.7,8.0,14.0,6.0,6.0,-11.0
islamabad,2026-06-14 04:00:00+00:00,79.0,25.2,57.0,157.0,7.7,13.7,388.0,30.9,39.0,947.3,3.3,9.0,14.0,6.0,6.0,6.0
islamabad,2026-06-14 05:00:00+00:00,86.0,28.6,66.6,166.0,4.9,11.7,355.0,32.1,36.0,947.2,4.5,10.0,14.0,6.0,6.0,7.0
islamabad,2026-06-14 06:00:00+00:00,88.0,29.7,68.7,172.0,3.1,10.0,327.0,32.9,32.0,947.2,4.5,11.0,14.0,6.0,6.0,2.0
islamabad,2026-06-14 07:00:00+00:00,89.0,30.0,68.9,174.0,2.2,9.1,310.0,33.8,30.0,946.9,4.6,12.0,14.0,6.0,6.0,1.0
islamabad,2026-06-14 08:00:00+00:00,87.0,29.0,66.1,172.0,2.2,8.5,298.0,34.4,31.0,946.3,5.9,13.0,14.0,6.0,6.0,-2.0
islamabad,2026-06-14 09:00:00+00:00,85.0,28.5,64.7,169.0,2.6,8.1,292.0,35.1,30.0,945.5,6.2,14.0,14.0,6.0,6.0,-2.0
islamabad,2026-06-14 10:00:00+00:00,83.0,27.4,62.6,166.0,2.8,7.9,253.0,34.7,31.0,945.0,6.1,15.0,14.0,6.0,6.0,-2.0
islamabad,2026-06-14 11:00:00+00:00,82.0,26.8,61.7,162.0,3.4,7.8,219.0,34.2,30.0,944.5,1.3,16.0,14.0,6.0,6.0,-1.0
islamabad,2026-06-14 12:00:00+00:00,78.0,24.9,58.0,151.0,4.8,7.1,314.0,35.6,24.0,943.5,5.6,17.0,14.0,6.0,6.0,-4.0
islamabad,2026-06-14 13:00:00+00:00,79.0,25.6,59.8,142.0,8.7,7.9,683.0,34.9,24.0,943.3,4.1,18.0,14.0,6.0,6.0,1.0
islamabad,2026-06-14 14:00:00+00:00,81.0,26.4,58.1,128.0,14.2,8.9,1181.0,33.6,26.0,943.2,4.0,19.0,14.0,6.0,6.0,2.0
islamabad,2026-06-14 15:00:00+00:00,85.0,28.1,53.0,114.0,19.0,9.5,1486.0,31.8,31.0,943.4,3.3,20.0,14.0,6.0,6.0,4.0
islamabad,2026-06-14 16:00:00+00:00,88.0,29.5,48.2,100.0,22.8,9.2,1423.0,30.4,35.0,944.1,5.1,21.0,14.0,6.0,6.0,3.0
islamabad,2026-06-14 17:00:00+00:00,89.0,30.4,44.4,85.0,25.9,8.3,1168.0,29.6,36.0,944.6,6.3,22.0,14.0,6.0,6.0,1.0
islamabad,2026-06-14 18:00:00+00:00,89.0,30.3,41.6,73.0,27.6,7.4,930.0,29.8,38.0,943.9,3.3,23.0,14.0,6.0,6.0,0.0
islamabad,2026-06-14 19:00:00+00:00,87.0,29.0,39.0,65.0,27.0,6.4,774.0,28.3,42.0,943.7,5.8,0.0,15.0,6.0,0.0,-2.0
islamabad,2026-06-14 20:00:00+00:00,83.0,27.4,36.4,60.0,25.0,5.4,635.0,27.7,43.0,943.3,6.9,1.0,15.0,6.0,0.0,-4.0
islamabad,2026-06-14 21:00:00+00:00,79.0,25.6,33.3,56.0,23.0,4.6,525.0,27.1,45.0,943.3,8.8,2.0,15.0,6.0,0.0,-4.0
islamabad,2026-06-14 22:00:00+00:00,75.0,23.5,29.9,50.0,21.8,3.9,445.0,26.8,46.0,943.3,8.6,3.0,15.0,6.0,0.0,-4.0
islamabad,2026-06-14 23:00:00+00:00,71.0,21.5,27.0,46.0,20.7,3.5,394.0,26.5,47.0,943.6,8.0,4.0,15.0,6.0,0.0,-4.0
islamabad,2026-06-15 00:00:00+00:00,67.0,19.8,23.7,49.0,20.1,3.8,377.0,26.9,50.0,943.8,7.4,5.0,15.0,6.0,0.0,-4.0
islamabad,2026-06-15 01:00:00+00:00,64.0,18.5,22.8,72.0,18.0,6.5,420.0,27.4,48.0,944.5,8.7,6.0,15.0,6.0,0.0,-3.0
islamabad,2026-06-15 02:00:00+00:00,65.0,18.7,27.2,104.0,14.9,10.3,497.0,29.2,43.0,945.2,7.3,7.0,15.0,6.0,0.0,1.0
islamabad,2026-06-15 03:00:00+00:00,73.0,22.7,46.6,131.0,12.0,12.9,541.0,31.4,37.0,946.0,9.2,8.0,15.0,6.0,0.0,8.0
islamabad,2026-06-15 04:00:00+00:00,78.0,25.0,53.7,146.0,9.2,13.3,512.0,33.1,34.0,946.7,10.2,9.0,15.0,6.0,0.0,5.0
islamabad,2026-06-15 05:00:00+00:00,80.0,25.8,56.5,155.0,6.6,12.6,449.0,32.7,36.0,947.1,8.8,10.0,15.0,6.0,0.0,2.0
islamabad,2026-06-15 06:00:00+00:00,77.0,24.7,53.6,162.0,4.6,11.7,401.0,32.4,36.0,946.7,13.7,11.0,15.0,6.0,0.0,-3.0
islamabad,2026-06-15 07:00:00+00:00,77.0,24.4,51.6,168.0,3.6,10.8,387.0,33.4,31.0,946.8,13.1,12.0,15.0,6.0,0.0,0.0
islamabad,2026-06-15 08:00:00+00:00,76.0,24.1,49.8,172.0,3.3,9.8,389.0,33.4,31.0,946.9,7.5,13.0,15.0,6.0,0.0,-1.0
islamabad,2026-06-15 09:00:00+00:00,78.0,25.0,50.9,174.0,3.6,9.0,400.0,35.1,27.0,946.2,8.5,14.0,15.0,6.0,0.0,2.0
islamabad,2026-06-15 10:00:00+00:00,79.0,25.4,50.4,173.0,3.9,8.5,355.0,34.8,28.0,945.8,11.4,15.0,15.0,6.0,0.0,1.0
islamabad,2026-06-15 11:00:00+00:00,79.0,25.4,49.7,170.0,4.7,8.1,319.0,34.5,29.0,945.4,7.4,16.0,15.0,6.0,0.0,0.0
islamabad,2026-06-15 12:00:00+00:00,117.0,41.9,72.2,156.0,10.0,9.5,483.0,30.7,44.0,944.9,18.0,17.0,15.0,6.0,0.0,38.0
islamabad,2026-06-15 13:00:00+00:00,116.0,41.4,70.8,149.0,12.5,10.0,1081.0,31.7,41.0,944.3,6.4,18.0,15.0,6.0,0.0,-1.0
islamabad,2026-06-15 14:00:00+00:00,116.0,41.4,69.2,139.0,16.2,10.5,1879.0,31.7,42.0,944.7,10.3,19.0,15.0,6.0,0.0,0.0
islamabad,2026-06-15 15:00:00+00:00,116.0,41.4,66.8,125.0,20.6,10.7,2368.0,30.6,45.0,945.0,10.5,20.0,15.0,6.0,0.0,0.0
islamabad,2026-06-15 16:00:00+00:00,113.0,40.2,61.9,105.0,26.7,10.1,2263.0,29.7,46.0,945.8,9.4,21.0,15.0,6.0,0.0,-3.0
islamabad,2026-06-15 17:00:00+00:00,108.0,38.5,58.6,82.0,33.5,9.1,1850.0,29.0,48.0,946.2,7.8,22.0,15.0,6.0,0.0,-5.0
islamabad,2026-06-15 18:00:00+00:00,114.0,40.6,54.2,64.0,37.8,8.0,1474.0,29.5,49.0,945.9,6.1,23.0,15.0,6.0,0.0,6.0
islamabad,2026-06-15 19:00:00+00:00,112.0,39.9,50.5,53.0,38.1,7.0,1260.0,23.3,80.0,946.5,22.4,0.0,16.0,6.0,1.0,-2.0
islamabad,2026-06-15 20:00:00+00:00,108.0,38.3,47.0,46.0,35.8,5.9,1083.0,23.2,84.0,946.7,10.3,1.0,16.0,6.0,1.0,-4.0
islamabad,2026-06-15 21:00:00+00:00,102.0,35.9,44.1,43.0,32.8,5.1,920.0,23.5,90.0,946.2,5.8,2.0,16.0,6.0,1.0,-6.0
islamabad,2026-06-15 22:00:00+00:00,102.0,36.1,46.6,42.0,29.0,4.5,749.0,23.1,92.0,945.9,7.2,3.0,16.0,6.0,1.0,0.0
islamabad,2026-06-15 23:00:00+00:00,97.0,34.0,44.6,44.0,24.4,4.2,591.0,23.4,89.0,945.8,5.2,4.0,16.0,6.0,1.0,-5.0
islamabad,2026-06-16 00:00:00+00:00,88.0,29.7,38.2,49.0,21.6,4.2,487.0,25.7,61.0,945.6,8.4,5.0,16.0,6.0,1.0,-9.0
islamabad,2026-06-16 01:00:00+00:00,86.0,28.9,39.2,70.0,19.6,5.9,474.0,25.4,64.0,946.8,7.5,6.0,16.0,6.0,1.0,-2.0
islamabad,2026-06-16 02:00:00+00:00,88.0,29.8,50.8,99.0,16.7,8.2,514.0,26.1,64.0,947.6,13.1,7.0,16.0,6.0,1.0,2.0
islamabad,2026-06-16 03:00:00+00:00,107.0,38.1,68.2,125.0,13.7,10.1,533.0,27.4,59.0,947.6,11.2,8.0,16.0,6.0,1.0,19.0
islamabad,2026-06-16 04:00:00+00:00,116.0,41.4,72.6,146.0,10.3,11.2,494.0,29.2,51.0,948.4,12.9,9.0,16.0,6.0,1.0,9.0
islamabad,2026-06-16 05:00:00+00:00,118.0,42.4,75.0,165.0,6.8,11.8,433.0,30.9,45.0,948.7,12.9,10.0,16.0,6.0,1.0,2.0
islamabad,2026-06-16 06:00:00+00:00,116.0,41.6,73.1,178.0,4.3,11.9,386.0,31.6,41.0,949.0,13.8,11.0,16.0,6.0,1.0,-2.0
islamabad,2026-06-16 07:00:00+00:00,115.0,41.2,72.4,182.0,3.4,11.3,365.0,32.1,41.0,949.0,13.5,12.0,16.0,6.0,1.0,-1.0
islamabad,2026-06-16 08:00:00+00:00,118.0,42.4,74.7,179.0,3.7,10.1,359.0,33.3,38.0,948.8,10.2,13.0,16.0,6.0,1.0,3.0
islamabad,2026-06-16 09:00:00+00:00,117.0,41.9,72.2,174.0,4.5,9.1,368.0,32.0,40.0,948.4,14.8,14.0,16.0,6.0,1.0,-1.0
islamabad,2026-06-16 10:00:00+00:00,115.0,41.3,69.4,170.0,4.0,8.5,382.0,31.9,43.0,947.7,9.3,15.0,16.0,6.0,1.0,-2.0
islamabad,2026-06-16 11:00:00+00:00,119.0,42.8,71.0,164.0,4.2,8.0,412.0,32.1,42.0,947.3,9.7,16.0,16.0,6.0,1.0,4.0
islamabad,2026-06-16 12:00:00+00:00,115.0,41.1,60.8,153.0,9.8,7.7,491.0,32.6,42.0,946.0,10.2,17.0,16.0,6.0,1.0,-4.0
islamabad,2026-06-16 13:00:00+00:00,98.0,34.3,46.3,138.0,16.0,7.6,672.0,31.7,44.0,946.2,8.3,18.0,16.0,6.0,1.0,-17.0
islamabad,2026-06-16 14:00:00+00:00,91.0,31.2,40.6,117.0,24.5,7.5,901.0,30.5,53.0,946.4,4.3,19.0,16.0,6.0,1.0,-7.0
islamabad,2026-06-16 15:00:00+00:00,97.0,34.1,40.6,99.0,31.1,7.3,1051.0,28.9,62.0,946.4,3.1,20.0,16.0,6.0,1.0,6.0
islamabad,2026-06-16 16:00:00+00:00,107.0,37.8,44.2,88.0,33.8,7.0,1061.0,28.4,65.0,947.2,3.9,21.0,16.0,6.0,1.0,10.0
islamabad,2026-06-16 17:00:00+00:00,106.0,37.5,45.4,80.0,34.6,6.5,991.0,27.7,68.0,947.4,4.5,22.0,16.0,6.0,1.0,-1.0
islamabad,2026-06-16 18:00:00+00:00,109.0,38.6,47.3,71.0,35.1,6.1,902.0,27.5,64.0,947.3,6.1,23.0,16.0,6.0,1.0,3.0
islamabad,2026-06-16 19:00:00+00:00,112.0,39.9,48.3,60.0,36.2,5.7,798.0,26.7,68.0,947.1,4.1,0.0,17.0,6.0,2.0,3.0
islamabad,2026-06-16 20:00:00+00:00,112.0,39.9,46.8,48.0,37.0,5.2,673.0,26.2,70.0,947.1,4.8,1.0,17.0,6.0,2.0,0.0
islamabad,2026-06-16 21:00:00+00:00,110.0,39.3,45.1,39.0,36.9,4.8,570.0,25.8,70.0,946.9,4.7,2.0,17.0,6.0,2.0,-2.0
islamabad,2026-06-16 22:00:00+00:00,108.0,38.3,43.3,31.0,35.5,4.1,494.0,25.6,69.0,946.7,4.4,3.0,17.0,6.0,2.0,-2.0
islamabad,2026-06-16 23:00:00+00:00,104.0,36.9,41.4,26.0,33.1,3.4,439.0,25.4,69.0,946.8,4.8,4.0,17.0,6.0,2.0,-4.0
islamabad,2026-06-17 00:00:00+00:00,107.0,38.1,44.4,43.0,24.5,4.2,435.0,25.6,69.0,946.6,7.1,5.0,17.0,6.0,2.0,3.0
islamabad,2026-06-17 01:00:00+00:00,103.0,36.4,45.1,63.0,22.9,6.7,532.0,25.9,70.0,947.4,6.0,6.0,17.0,6.0,2.0,-4.0
islamabad,2026-06-17 02:00:00+00:00,99.0,34.9,44.5,90.0,20.5,10.1,679.0,27.4,62.0,948.3,6.2,7.0,17.0,6.0,2.0,-4.0
islamabad,2026-06-17 03:00:00+00:00,93.0,32.1,46.8,117.0,17.5,12.9,756.0,27.7,59.0,948.9,5.4,8.0,17.0,6.0,2.0,-6.0
islamabad,2026-06-17 04:00:00+00:00,90.0,30.5,43.5,141.0,13.3,14.7,683.0,26.4,66.0,949.2,5.9,9.0,17.0,6.0,2.0,-3.0
islamabad,2026-06-17 05:00:00+00:00,93.0,32.0,48.8,164.0,8.6,15.9,540.0,30.4,52.0,949.4,9.4,10.0,17.0,6.0,2.0,3.0
islamabad,2026-06-17 06:00:00+00:00,98.0,34.6,54.8,180.0,5.1,16.1,441.0,32.9,41.0,949.2,5.3,11.0,17.0,6.0,2.0,5.0
islamabad,2026-06-17 07:00:00+00:00,100.0,35.4,56.3,185.0,3.7,14.7,437.0,33.5,39.0,948.9,4.4,12.0,17.0,6.0,2.0,2.0
islamabad,2026-06-17 08:00:00+00:00,121.0,43.7,70.1,182.0,3.7,12.3,478.0,34.2,38.0,948.2,5.0,13.0,17.0,6.0,2.0,21.0
islamabad,2026-06-17 09:00:00+00:00,119.0,42.8,66.4,177.0,4.6,10.5,524.0,34.8,36.0,947.3,6.4,14.0,17.0,6.0,2.0,-2.0
islamabad,2026-06-17 10:00:00+00:00,111.0,39.5,60.8,171.0,6.0,9.8,494.0,35.0,35.0,946.9,6.8,15.0,17.0,6.0,2.0,-8.0
islamabad,2026-06-17 11:00:00+00:00,117.0,42.1,64.5,163.0,8.3,9.6,469.0,34.5,36.0,946.4,5.4,16.0,17.0,6.0,2.0,6.0
islamabad,2026-06-17 12:00:00+00:00,93.0,31.9,48.2,155.0,9.7,8.1,655.0,33.0,39.0,946.0,10.3,17.0,17.0,6.0,2.0,-24.0
islamabad,2026-06-17 13:00:00+00:00,97.0,34.0,47.8,134.0,19.6,7.9,1294.0,32.7,39.0,946.0,7.1,18.0,17.0,6.0,2.0,4.0
islamabad,2026-06-17 14:00:00+00:00,98.0,34.6,40.7,104.0,33.2,7.6,2145.0,31.6,44.0,946.1,6.2,19.0,17.0,6.0,2.0,1.0
islamabad,2026-06-17 15:00:00+00:00,101.0,35.6,40.9,80.0,43.6,7.3,2687.0,30.3,50.0,946.1,5.5,20.0,17.0,6.0,2.0,3.0
islamabad,2026-06-17 16:00:00+00:00,107.0,37.8,42.4,66.0,48.0,7.0,2658.0,29.2,54.0,946.4,4.7,21.0,17.0,6.0,2.0,6.0
islamabad,2026-06-17 17:00:00+00:00,106.0,37.4,41.8,57.0,49.1,6.7,2320.0,28.2,59.0,946.5,1.8,22.0,17.0,6.0,2.0,-1.0
islamabad,2026-06-17 18:00:00+00:00,102.0,35.9,39.6,50.0,48.1,6.2,1939.0,26.7,59.0,947.5,2.7,23.0,17.0,6.0,2.0,-4.0
islamabad,2026-06-17 19:00:00+00:00,96.0,33.5,36.8,45.0,44.6,5.3,1548.0,25.3,72.0,946.9,2.7,0.0,18.0,6.0,3.0,-6.0
islamabad,2026-06-17 20:00:00+00:00,92.0,31.7,34.3,43.0,39.2,4.2,1113.0,24.8,78.0,946.4,3.6,1.0,18.0,6.0,3.0,-4.0
islamabad,2026-06-17 21:00:00+00:00,90.0,30.5,32.7,41.0,34.2,3.4,803.0,24.4,81.0,945.8,2.7,2.0,18.0,6.0,3.0,-2.0
islamabad,2026-06-17 22:00:00+00:00,87.0,29.3,31.5,36.0,30.7,2.8,703.0,24.4,80.0,945.7,3.8,3.0,18.0,6.0,3.0,-3.0
islamabad,2026-06-17 23:00:00+00:00,84.0,27.9,30.0,31.0,27.7,2.4,728.0,24.6,75.0,945.8,2.8,4.0,18.0,6.0,3.0,-3.0
islamabad,2026-06-18 00:00:00+00:00,73.0,22.6,25.6,55.0,19.5,3.7,785.0,25.1,74.0,946.1,1.5,5.0,18.0,6.0,3.0,-11.0
islamabad,2026-06-18 01:00:00+00:00,73.0,22.4,25.2,67.0,20.2,4.4,885.0,25.1,76.0,947.0,8.7,6.0,18.0,6.0,3.0,0.0
islamabad,2026-06-18 02:00:00+00:00,75.0,23.6,27.9,83.0,21.0,5.5,1017.0,25.6,70.0,947.1,8.8,7.0,18.0,6.0,3.0,2.0
islamabad,2026-06-18 03:00:00+00:00,80.0,25.8,35.0,103.0,20.1,7.2,1059.0,27.9,62.0,947.7,3.4,8.0,18.0,6.0,3.0,5.0
islamabad,2026-06-18 04:00:00+00:00,86.0,28.6,43.0,128.0,15.9,10.4,919.0,30.5,47.0,947.9,5.7,9.0,18.0,6.0,3.0,6.0
islamabad,2026-06-18 05:00:00+00:00,89.0,30.2,46.6,155.0,10.1,14.1,688.0,32.7,37.0,948.1,5.2,10.0,18.0,6.0,3.0,3.0
islamabad,2026-06-18 06:00:00+00:00,92.0,31.4,50.6,175.0,5.6,16.4,517.0,34.1,30.0,948.4,5.9,11.0,18.0,6.0,3.0,3.0
islamabad,2026-06-18 07:00:00+00:00,99.0,34.7,62.2,182.0,3.9,15.8,470.0,33.7,32.0,948.0,9.7,12.0,18.0,6.0,3.0,7.0
islamabad,2026-06-18 08:00:00+00:00,94.0,32.7,53.8,182.0,3.6,13.7,482.0,33.6,33.0,947.9,5.8,13.0,18.0,6.0,3.0,-5.0
islamabad,2026-06-18 09:00:00+00:00,94.0,32.5,53.4,179.0,3.8,11.9,509.0,34.1,34.0,947.0,6.1,14.0,18.0,6.0,3.0,0.0
islamabad,2026-06-18 10:00:00+00:00,93.0,32.0,52.5,177.0,2.0,10.9,482.0,34.0,35.0,946.2,7.5,15.0,18.0,6.0,3.0,-1.0
islamabad,2026-06-18 11:00:00+00:00,92.0,31.5,52.2,173.0,0.7,10.2,469.0,33.0,36.0,946.3,6.3,16.0,18.0,6.0,3.0,-1.0
islamabad,2026-06-18 12:00:00+00:00,78.0,24.8,40.5,161.0,7.4,10.9,630.0,35.8,25.0,944.7,3.8,17.0,18.0,6.0,3.0,-14.0
islamabad,2026-06-18 13:00:00+00:00,76.0,24.0,39.1,144.0,11.6,10.3,1184.0,34.7,27.0,944.6,9.1,18.0,18.0,6.0,3.0,-2.0
islamabad,2026-06-18 14:00:00+00:00,80.0,26.1,38.0,120.0,17.7,9.5,1912.0,33.1,33.0,944.7,8.3,19.0,18.0,6.0,3.0,4.0
islamabad,2026-06-18 15:00:00+00:00,78.0,25.1,36.3,98.0,24.1,9.0,2320.0,31.6,38.0,944.8,7.8,20.0,18.0,6.0,3.0,-2.0
islamabad,2026-06-18 16:00:00+00:00,83.0,27.1,36.7,80.0,31.0,9.0,2111.0,30.8,42.0,945.3,5.9,21.0,18.0,6.0,3.0,5.0
islamabad,2026-06-18 17:00:00+00:00,93.0,32.1,42.0,65.0,38.2,9.2,1581.0,30.1,45.0,945.7,6.5,22.0,18.0,6.0,3.0,10.0
islamabad,2026-06-18 18:00:00+00:00,97.0,34.0,42.5,52.0,43.5,9.3,1123.0,29.7,45.0,945.0,4.3,23.0,18.0,6.0,3.0,4.0
islamabad,2026-06-18 19:00:00+00:00,99.0,34.8,43.4,43.0,45.9,9.0,875.0,28.2,52.0,945.0,5.1,0.0,19.0,6.0,4.0,2.0
islamabad,2026-06-18 20:00:00+00:00,102.0,36.1,43.9,36.0,46.5,8.5,698.0,27.9,54.0,945.2,6.0,1.0,19.0,6.0,4.0,3.0
islamabad,2026-06-18 21:00:00+00:00,104.0,36.6,43.1,31.0,46.0,8.0,568.0,27.4,56.0,944.8,5.0,2.0,19.0,6.0,4.0,2.0
islamabad,2026-06-18 22:00:00+00:00,103.0,36.3,41.9,25.0,44.8,7.4,453.0,27.1,57.0,944.9,5.4,3.0,19.0,6.0,4.0,-1.0
islamabad,2026-06-18 23:00:00+00:00,100.0,35.4,40.3,22.0,42.6,6.8,385.0,26.8,58.0,945.0,3.8,4.0,19.0,6.0,4.0,-3.0
islamabad,2026-06-19 00:00:00+00:00,88.0,29.7,33.5,57.0,23.4,6.9,435.0,27.1,56.0,945.1,3.4,5.0,19.0,6.0,4.0,-12.0
islamabad,2026-06-19 01:00:00+00:00,85.0,28.1,32.2,71.0,21.9,7.8,731.0,26.1,61.0,946.0,8.7,6.0,19.0,6.0,4.0,-3.0
islamabad,2026-06-19 02:00:00+00:00,77.0,24.6,30.4,92.0,19.7,9.1,1146.0,24.4,66.0,946.3,5.3,7.0,19.0,6.0,4.0,-8.0
islamabad,2026-06-19 03:00:00+00:00,73.0,22.6,32.7,111.0,16.8,10.1,1364.0,27.4,56.0,946.8,12.1,8.0,19.0,6.0,4.0,-4.0
islamabad,2026-06-19 04:00:00+00:00,72.0,22.3,34.3,128.0,12.7,10.6,1191.0,30.0,45.0,947.6,7.1,9.0,19.0,6.0,4.0,-1.0
islamabad,2026-06-19 05:00:00+00:00,74.0,22.9,36.9,145.0,8.0,10.7,822.0,31.6,40.0,947.8,1.3,10.0,19.0,6.0,4.0,2.0
islamabad,2026-06-19 06:00:00+00:00,72.0,22.1,36.4,158.0,4.5,10.7,528.0,33.5,34.0,947.5,5.8,11.0,19.0,6.0,4.0,-2.0
islamabad,2026-06-19 07:00:00+00:00,72.0,21.9,36.1,168.0,3.2,10.4,417.0,34.8,30.0,947.7,7.1,12.0,19.0,6.0,4.0,0.0
islamabad,2026-06-19 08:00:00+00:00,73.0,22.7,36.6,174.0,3.2,10.0,382.0,34.5,28.0,948.1,7.3,13.0,19.0,6.0,4.0,1.0
islamabad,2026-06-19 09:00:00+00:00,77.0,24.3,38.8,177.0,3.7,9.6,373.0,31.8,38.0,947.7,17.1,14.0,19.0,6.0,4.0,4.0
islamabad,2026-06-19 10:00:00+00:00,79.0,25.3,40.3,178.0,2.9,9.4,351.0,31.1,44.0,948.2,6.3,15.0,19.0,6.0,4.0,2.0
islamabad,2026-06-19 11:00:00+00:00,81.0,26.3,42.1,174.0,2.7,9.3,355.0,30.9,44.0,947.4,6.5,16.0,19.0,6.0,4.0,2.0
islamabad,2026-06-19 12:00:00+00:00,81.0,26.3,36.9,153.0,10.8,12.0,454.0,31.3,42.0,946.9,9.5,17.0,19.0,6.0,4.0,0.0
islamabad,2026-06-19 13:00:00+00:00,78.0,24.9,34.9,121.0,34.7,13.4,743.0,30.5,46.0,946.8,5.8,18.0,19.0,6.0,4.0,-3.0
islamabad,2026-06-19 14:00:00+00:00,80.0,25.9,35.7,77.0,67.8,15.3,1127.0,29.2,56.0,946.9,3.1,19.0,19.0,6.0,4.0,2.0
islamabad,2026-06-19 15:00:00+00:00,125.0,45.4,54.9,41.0,94.2,16.9,1386.0,27.6,64.0,946.8,4.4,20.0,19.0,6.0,4.0,45.0
islamabad,2026-06-19 16:00:00+00:00,152.0,56.7,66.4,22.0,108.3,18.0,1425.0,27.1,65.0,947.1,4.0,21.0,19.0,6.0,4.0,27.0
islamabad,2026-06-19 17:00:00+00:00,153.0,60.3,69.8,12.0,115.6,18.8,1338.0,26.8,67.0,947.3,3.2,22.0,19.0,6.0,4.0,1.0
islamabad,2026-06-19 18:00:00+00:00,157.0,67.1,76.4,5.0,117.2,18.4,1189.0,25.7,70.0,947.4,2.0,23.0,19.0,6.0,4.0,4.0
islamabad,2026-06-19 19:00:00+00:00,159.0,70.5,77.8,1.0,111.1,15.9,952.0,24.9,76.0,946.9,2.5,0.0,20.0,6.0,5.0,2.0
islamabad,2026-06-19 20:00:00+00:00,156.0,65.9,70.1,0.0,99.3,12.1,653.0,24.6,76.0,946.5,4.1,1.0,20.0,6.0,5.0,-3.0
islamabad,2026-06-19 21:00:00+00:00,153.0,59.6,62.4,2.0,88.2,9.2,429.0,24.1,76.0,946.4,4.0,2.0,20.0,6.0,5.0,-3.0
islamabad,2026-06-19 22:00:00+00:00,146.0,53.6,55.6,3.0,81.1,7.7,336.0,23.7,76.0,945.9,3.6,3.0,20.0,6.0,5.0,-7.0
islamabad,2026-06-19 23:00:00+00:00,132.0,48.1,50.2,5.0,74.7,6.9,318.0,23.4,77.0,945.8,3.1,4.0,20.0,6.0,5.0,-14.0
islamabad,2026-06-20 00:00:00+00:00,120.0,43.1,45.2,11.0,64.8,6.4,342.0,24.2,65.0,945.8,3.2,5.0,20.0,6.0,5.0,-12.0
islamabad,2026-06-20 01:00:00+00:00,109.0,38.6,40.3,38.0,53.0,7.7,435.0,24.4,66.0,946.2,2.7,6.0,20.0,6.0,5.0,-11.0
islamabad,2026-06-20 02:00:00+00:00,99.0,34.8,36.8,76.0,36.6,9.5,570.0,27.0,55.0,947.1,1.9,7.0,20.0,6.0,5.0,-10.0
islamabad,2026-06-20 03:00:00+00:00,72.0,22.2,28.1,110.0,22.9,10.8,640.0,29.2,47.0,947.7,2.3,8.0,20.0,6.0,5.0,-27.0
islamabad,2026-06-20 04:00:00+00:00,71.0,21.4,30.2,134.0,14.5,11.1,576.0,31.5,40.0,948.0,2.3,9.0,20.0,6.0,5.0,-1.0
islamabad,2026-06-20 05:00:00+00:00,70.0,21.3,32.1,153.0,8.8,10.8,446.0,33.3,34.0,948.1,4.2,10.0,20.0,6.0,5.0,-1.0
islamabad,2026-06-20 06:00:00+00:00,71.0,21.5,33.4,168.0,5.0,10.5,349.0,34.1,29.0,948.3,5.0,11.0,20.0,6.0,5.0,1.0
islamabad,2026-06-20 07:00:00+00:00,74.0,22.8,35.3,178.0,3.2,10.2,328.0,34.2,29.0,948.0,4.8,12.0,20.0,6.0,5.0,3.0
islamabad,2026-06-20 08:00:00+00:00,75.0,23.6,35.6,183.0,3.4,9.8,340.0,34.7,29.0,947.6,5.0,13.0,20.0,6.0,5.0,1.0
islamabad,2026-06-20 09:00:00+00:00,76.0,24.2,36.3,184.0,4.0,9.4,352.0,34.9,29.0,947.2,4.9,14.0,20.0,6.0,5.0,1.0
islamabad,2026-06-20 10:00:00+00:00,76.0,23.9,36.2,184.0,2.3,8.9,275.0,34.7,30.0,946.6,6.4,15.0,20.0,6.0,5.0,0.0
islamabad,2026-06-20 11:00:00+00:00,75.0,23.6,36.2,179.0,1.1,8.4,199.0,34.6,30.0,946.2,6.3,16.0,20.0,6.0,5.0,-1.0
islamabad,2026-06-20 12:00:00+00:00,46.0,11.0,13.2,152.0,8.4,6.8,361.0,35.4,27.0,945.7,5.9,17.0,20.0,6.0,5.0,-29.0
islamabad,2026-06-20 13:00:00+00:00,48.0,11.5,13.9,122.0,29.4,7.7,1043.0,34.7,26.0,945.5,8.7,18.0,20.0,6.0,5.0,2.0
islamabad,2026-06-20 14:00:00+00:00,62.0,17.5,19.9,81.0,57.9,9.0,1964.0,32.6,33.0,945.5,8.1,19.0,20.0,6.0,5.0,14.0
islamabad,2026-06-20 15:00:00+00:00,85.0,28.3,31.1,51.0,75.5,9.5,2518.0,30.5,43.0,945.4,4.4,20.0,20.0,6.0,5.0,23.0
islamabad,2026-06-20 16:00:00+00:00,77.0,24.5,27.4,45.0,72.0,8.6,2370.0,28.8,51.0,945.7,5.8,21.0,20.0,6.0,5.0,-8.0
islamabad,2026-06-20 17:00:00+00:00,77.0,24.4,27.6,50.0,57.5,6.9,1855.0,28.4,51.0,945.7,7.4,22.0,20.0,6.0,5.0,0.0
islamabad,2026-06-20 18:00:00+00:00,77.0,24.7,28.0,55.0,44.5,5.5,1379.0,29.3,40.0,946.0,4.0,23.0,20.0,6.0,5.0,0.0
islamabad,2026-06-20 19:00:00+00:00,76.0,23.8,27.1,54.0,37.3,4.6,1062.0,27.7,47.0,945.4,6.0,0.0,21.0,6.0,6.0,-1.0
islamabad,2026-06-20 20:00:00+00:00,72.0,22.2,25.3,53.0,31.5,3.9,784.0,23.1,75.0,945.3,12.7,1.0,21.0,6.0,6.0,-4.0
islamabad,2026-06-20 21:00:00+00:00,69.0,20.7,23.5,52.0,26.5,3.3,588.0,21.9,84.0,945.1,17.8,2.0,21.0,6.0,6.0,-3.0
islamabad,2026-06-20 22:00:00+00:00,66.0,19.0,21.4,50.0,22.2,2.7,515.0,22.2,84.0,944.4,8.8,3.0,21.0,6.0,6.0,-3.0
islamabad,2026-06-20 23:00:00+00:00,62.0,17.1,19.7,49.0,18.8,2.2,524.0,21.8,96.0,944.6,1.0,4.0,21.0,6.0,6.0,-4.0
islamabad,2026-06-21 00:00:00+00:00,62.0,17.2,20.4,60.0,12.7,2.6,539.0,22.6,77.0,944.6,7.1,5.0,21.0,6.0,6.0,0.0
islamabad,2026-06-21 01:00:00+00:00,63.0,17.9,21.0,75.0,12.5,4.1,541.0,23.6,75.0,944.9,2.3,6.0,21.0,6.0,6.0,1.0
islamabad,2026-06-21 02:00:00+00:00,68.0,20.0,23.6,95.0,12.0,6.2,548.0,26.9,58.0,945.7,3.4,7.0,21.0,6.0,6.0,5.0
islamabad,2026-06-21 03:00:00+00:00,68.0,20.0,28.2,115.0,10.9,7.9,536.0,30.0,41.0,946.4,1.6,8.0,21.0,6.0,6.0,0.0
islamabad,2026-06-21 04:00:00+00:00,61.0,16.8,24.2,133.0,8.4,9.1,485.0,32.1,34.0,946.4,1.5,9.0,21.0,6.0,6.0,-7.0
islamabad,2026-06-21 05:00:00+00:00,54.0,13.4,20.4,151.0,5.3,10.0,415.0,34.1,29.0,946.2,0.7,10.0,21.0,6.0,6.0,-7.0
islamabad,2026-06-21 06:00:00+00:00,53.0,13.1,20.7,162.0,3.0,10.3,362.0,35.1,26.0,946.2,5.7,11.0,21.0,6.0,6.0,-1.0
islamabad,2026-06-21 07:00:00+00:00,53.0,13.2,21.2,164.0,2.4,9.6,338.0,34.8,26.0,945.9,9.3,12.0,21.0,6.0,6.0,0.0
islamabad,2026-06-21 08:00:00+00:00,55.0,13.8,22.0,161.0,2.6,8.4,330.0,35.4,26.0,945.6,9.0,13.0,21.0,6.0,6.0,2.0
islamabad,2026-06-21 09:00:00+00:00,56.0,14.6,23.0,156.0,3.2,7.4,339.0,35.7,25.0,945.0,5.5,14.0,21.0,6.0,6.0,1.0
islamabad,2026-06-21 10:00:00+00:00,59.0,15.7,24.3,153.0,3.1,7.0,326.0,35.4,25.0,944.5,7.4,15.0,21.0,6.0,6.0,3.0
islamabad,2026-06-21 11:00:00+00:00,63.0,17.9,27.3,150.0,3.3,6.9,329.0,35.3,25.0,944.3,7.7,16.0,21.0,6.0,6.0,4.0
islamabad,2026-06-21 12:00:00+00:00,71.0,21.4,33.5,145.0,6.2,6.3,463.0,30.1,54.0,943.2,7.1,17.0,21.0,6.0,6.0,8.0
islamabad,2026-06-21 13:00:00+00:00,73.0,22.5,31.7,121.0,16.6,6.4,890.0,31.1,49.0,944.0,4.8,18.0,21.0,6.0,6.0,2.0
islamabad,2026-06-21 14:00:00+00:00,80.0,25.9,31.1,88.0,31.1,6.4,1448.0,29.6,54.0,944.0,4.6,19.0,21.0,6.0,6.0,7.0
islamabad,2026-06-21 15:00:00+00:00,89.0,30.4,35.0,60.0,42.8,6.5,1763.0,28.2,66.0,943.9,4.4,20.0,21.0,6.0,6.0,9.0
islamabad,2026-06-21 16:00:00+00:00,99.0,34.9,39.7,44.0,49.6,6.6,1603.0,27.4,73.0,944.3,3.5,21.0,21.0,6.0,6.0,10.0
islamabad,2026-06-21 17:00:00+00:00,104.0,36.8,41.3,33.0,53.6,6.7,1200.0,26.5,78.0,944.4,2.3,22.0,21.0,6.0,6.0,5.0
islamabad,2026-06-21 18:00:00+00:00,101.0,35.7,40.3,26.0,54.4,6.5,884.0,26.9,71.0,944.1,1.9,23.0,21.0,6.0,6.0,-3.0
islamabad,2026-06-21 19:00:00+00:00,95.0,32.8,36.9,22.0,50.9,5.7,806.0,26.2,67.0,944.3,4.4,0.0,22.0,6.0,0.0,-6.0
islamabad,2026-06-21 20:00:00+00:00,89.0,30.2,33.6,22.0,44.2,4.6,815.0,26.2,56.0,944.3,7.5,1.0,22.0,6.0,0.0,-6.0
islamabad,2026-06-21 21:00:00+00:00,85.0,28.5,31.2,27.0,36.9,3.6,785.0,22.9,77.0,944.8,13.6,2.0,22.0,6.0,0.0,-4.0
islamabad,2026-06-21 22:00:00+00:00,83.0,27.2,29.5,38.0,28.9,2.8,618.0,21.0,88.0,945.2,12.5,3.0,22.0,6.0,0.0,-2.0
islamabad,2026-06-21 23:00:00+00:00,75.0,23.3,25.7,53.0,20.5,2.2,412.0,21.6,84.0,944.9,14.1,4.0,22.0,6.0,0.0,-8.0
islamabad,2026-06-22 00:00:00+00:00,57.0,14.8,17.1,89.0,8.2,1.9,340.0,21.7,84.0,945.1,13.1,5.0,22.0,6.0,0.0,-18.0
islamabad,2026-06-22 01:00:00+00:00,56.0,14.5,18.3,89.0,11.7,2.5,554.0,21.7,84.0,945.1,10.9,6.0,22.0,6.0,0.0,-1.0
islamabad,2026-06-22 02:00:00+00:00,59.0,16.1,21.0,89.0,16.3,3.4,901.0,23.3,78.0,945.6,8.8,7.0,22.0,6.0,0.0,3.0
islamabad,2026-06-22 03:00:00+00:00,66.0,19.4,27.0,96.0,18.3,4.4,1095.0,26.1,66.0,946.4,3.6,8.0,22.0,6.0,0.0,7.0
islamabad,2026-06-22 04:00:00+00:00,72.0,22.2,33.8,114.0,14.9,5.6,971.0,29.0,49.0,947.3,1.5,9.0,22.0,6.0,0.0,6.0
islamabad,2026-06-22 05:00:00+00:00,72.0,22.1,34.1,139.0,8.9,7.0,693.0,30.8,40.0,947.5,2.4,10.0,22.0,6.0,0.0,0.0
islamabad,2026-06-22 06:00:00+00:00,69.0,20.8,31.8,158.0,4.3,7.9,473.0,30.3,43.0,948.1,8.1,11.0,22.0,6.0,0.0,-3.0
islamabad,2026-06-22 07:00:00+00:00,68.0,20.0,30.5,167.0,3.0,8.0,392.0,27.9,55.0,948.4,17.7,12.0,22.0,6.0,0.0,-1.0
islamabad,2026-06-22 08:00:00+00:00,67.0,19.6,30.2,170.0,3.1,7.7,368.0,29.0,50.0,947.8,14.0,13.0,22.0,6.0,0.0,-1.0
islamabad,2026-06-22 09:00:00+00:00,69.0,20.5,32.1,171.0,3.8,7.5,364.0,29.7,47.0,947.0,11.5,14.0,22.0,6.0,0.0,2.0
islamabad,2026-06-22 10:00:00+00:00,72.0,21.9,34.2,174.0,3.6,7.8,308.0,30.5,44.0,946.8,7.8,15.0,22.0,6.0,0.0,3.0
islamabad,2026-06-22 11:00:00+00:00,72.0,22.3,34.6,175.0,3.8,8.3,272.0,30.7,42.0,946.1,5.5,16.0,22.0,6.0,0.0,0.0
islamabad,2026-06-22 12:00:00+00:00,62.0,17.2,24.3,139.0,7.6,5.8,439.0,31.6,38.0,944.9,8.9,17.0,22.0,6.0,0.0,-10.0
islamabad,2026-06-22 13:00:00+00:00,64.0,18.5,24.8,110.0,24.8,6.5,1039.0,30.9,44.0,944.8,4.7,18.0,22.0,6.0,0.0,2.0
islamabad,2026-06-22 14:00:00+00:00,76.0,24.2,28.4,69.0,48.8,7.5,1842.0,29.0,53.0,944.7,6.3,19.0,22.0,6.0,0.0,12.0
islamabad,2026-06-22 15:00:00+00:00,90.0,30.6,34.5,36.0,67.9,8.2,2338.0,27.6,57.0,944.9,7.8,20.0,22.0,6.0,0.0,14.0
islamabad,2026-06-22 16:00:00+00:00,101.0,35.7,39.6,17.0,78.0,8.4,2262.0,26.8,59.0,945.2,8.0,21.0,22.0,6.0,0.0,11.0
islamabad,2026-06-22 17:00:00+00:00,113.0,40.2,43.8,6.0,83.2,8.4,1879.0,25.8,64.0,945.0,5.6,22.0,22.0,6.0,0.0,12.0
islamabad,2026-06-22 18:00:00+00:00,119.0,42.7,45.9,0.0,85.1,8.0,1476.0,26.0,64.0,944.5,4.0,23.0,22.0,6.0,0.0,6.0
islamabad,2026-06-22 19:00:00+00:00,117.0,41.9,44.7,0.0,83.3,7.2,1094.0,25.2,70.0,944.3,4.6,0.0,23.0,6.0,1.0,-2.0
islamabad,2026-06-22 20:00:00+00:00,110.0,39.3,41.7,4.0,78.1,6.1,693.0,24.7,73.0,944.0,4.6,1.0,23.0,6.0,1.0,-7.0
islamabad,2026-06-22 21:00:00+00:00,104.0,36.8,38.9,9.0,71.5,5.1,435.0,24.8,73.0,943.8,3.8,2.0,23.0,6.0,1.0,-6.0
islamabad,2026-06-22 22:00:00+00:00,99.0,35.0,37.0,9.0,63.5,3.8,412.0,24.6,74.0,943.7,2.0,3.0,23.0,6.0,1.0,-5.0
islamabad,2026-06-22 23:00:00+00:00,97.0,34.1,35.9,10.0,54.0,2.7,533.0,24.6,73.0,943.8,0.5,4.0,23.0,6.0,1.0,-2.0
islamabad,2026-06-23 00:00:00+00:00,80.0,25.9,27.5,33.0,35.0,4.7,685.0,24.8,68.0,944.0,0.6,5.0,23.0,6.0,1.0,-17.0
islamabad,2026-06-23 01:00:00+00:00,77.0,24.5,26.0,55.0,31.1,7.0,894.0,24.8,69.0,944.0,1.2,6.0,23.0,6.0,1.0,-3.0
islamabad,2026-06-23 02:00:00+00:00,75.0,23.6,25.4,86.0,25.5,10.2,1135.0,26.2,64.0,944.5,2.0,7.0,23.0,6.0,1.0,-2.0
islamabad,2026-06-23 03:00:00+00:00,69.0,20.8,26.5,114.0,19.8,12.3,1215.0,28.7,54.0,945.0,0.9,8.0,23.0,6.0,1.0,-6.0
islamabad,2026-06-23 04:00:00+00:00,68.0,20.3,27.2,137.0,14.1,12.2,982.0,30.8,47.0,945.1,1.5,9.0,23.0,6.0,1.0,-1.0
islamabad,2026-06-23 05:00:00+00:00,66.0,19.2,25.9,157.0,8.4,11.0,589.0,32.4,42.0,945.0,4.0,10.0,23.0,6.0,1.0,-2.0
islamabad,2026-06-23 06:00:00+00:00,70.0,20.9,27.7,172.0,4.3,9.8,299.0,33.5,35.0,944.9,3.9,11.0,23.0,6.0,1.0,4.0
islamabad,2026-06-23 07:00:00+00:00,66.0,19.1,24.9,179.0,2.8,9.1,229.0,34.0,33.0,944.2,5.1,12.0,23.0,6.0,1.0,-4.0
islamabad,2026-06-23 08:00:00+00:00,63.0,17.8,22.7,181.0,3.0,8.5,262.0,34.4,33.0,943.3,7.3,13.0,23.0,6.0,1.0,-3.0
islamabad,2026-06-23 09:00:00+00:00,62.0,17.3,21.8,179.0,3.6,8.0,310.0,34.6,33.0,942.5,9.0,14.0,23.0,6.0,1.0,-1.0
islamabad,2026-06-23 10:00:00+00:00,60.0,16.6,20.9,177.0,2.2,7.5,274.0,34.7,33.0,942.1,8.3,15.0,23.0,6.0,1.0,-2.0
islamabad,2026-06-23 11:00:00+00:00,59.0,15.8,20.0,173.0,1.3,7.1,252.0,34.6,33.0,941.6,6.9,16.0,23.0,6.0,1.0,-1.0
islamabad,2026-06-23 12:00:00+00:00,53.0,13.1,16.5,157.0,7.2,6.9,455.0,34.9,32.0,940.8,6.2,17.0,23.0,6.0,1.0,-6.0
islamabad,2026-06-23 13:00:00+00:00,52.0,12.5,16.4,124.0,27.6,7.9,1159.0,33.8,38.0,940.5,6.0,18.0,23.0,6.0,1.0,-1.0
islamabad,2026-06-23 14:00:00+00:00,66.0,19.4,22.6,78.0,55.7,9.2,2087.0,31.5,49.0,940.3,5.8,19.0,23.0,6.0,1.0,14.0
islamabad,2026-06-23 15:00:00+00:00,89.0,30.0,33.8,43.0,76.3,10.1,2617.0,29.7,57.0,940.4,4.3,20.0,23.0,6.0,1.0,23.0
islamabad,2026-06-23 16:00:00+00:00,100.0,35.2,38.8,27.0,83.4,10.1,2383.0,29.2,56.0,941.0,4.2,21.0,23.0,6.0,1.0,11.0
islamabad,2026-06-23 17:00:00+00:00,104.0,36.8,39.8,22.0,82.9,9.7,1751.0,28.3,61.0,941.2,3.2,22.0,23.0,6.0,1.0,4.0
islamabad,2026-06-23 18:00:00+00:00,104.0,36.6,39.1,23.0,77.4,9.1,1196.0,29.1,60.0,941.2,0.9,23.0,23.0,6.0,1.0,0.0
islamabad,2026-06-23 19:00:00+00:00,96.0,33.5,35.6,33.0,65.0,8.3,876.0,28.0,61.0,941.4,1.7,0.0,24.0,6.0,2.0,-8.0
islamabad,2026-06-23 20:00:00+00:00,87.0,29.4,31.3,49.0,47.6,7.2,633.0,27.7,59.0,941.9,2.3,1.0,24.0,6.0,2.0,-9.0
islamabad,2026-06-23 21:00:00+00:00,80.0,26.1,27.9,62.0,33.6,6.4,465.0,27.3,57.0,941.8,5.2,2.0,24.0,6.0,2.0,-7.0
islamabad,2026-06-23 22:00:00+00:00,76.0,24.0,25.7,65.0,26.7,5.8,384.0,26.5,60.0,941.8,6.0,3.0,24.0,6.0,2.0,-4.0
islamabad,2026-06-23 23:00:00+00:00,73.0,22.4,24.1,65.0,23.3,5.5,378.0,25.9,62.0,942.2,8.1,4.0,24.0,6.0,2.0,-3.0
islamabad,2026-06-24 00:00:00+00:00,70.0,21.1,22.9,84.0,16.4,4.4,413.0,26.3,64.0,942.5,6.7,5.0,24.0,6.0,2.0,-3.0
islamabad,2026-06-24 01:00:00+00:00,71.0,21.7,23.1,100.0,15.6,5.6,511.0,26.6,62.0,943.2,8.7,6.0,24.0,6.0,2.0,1.0
islamabad,2026-06-24 02:00:00+00:00,70.0,21.2,22.6,122.0,14.4,7.2,651.0,28.2,60.0,943.9,8.0,7.0,24.0,6.0,2.0,-1.0
islamabad,2026-06-24 03:00:00+00:00,66.0,19.1,23.7,140.0,12.6,8.5,730.0,30.0,52.0,944.5,7.9,8.0,24.0,6.0,2.0,-4.0
islamabad,2026-06-24 04:00:00+00:00,70.0,20.9,29.6,151.0,9.8,9.1,690.0,31.8,47.0,945.0,7.7,9.0,24.0,6.0,2.0,4.0
islamabad,2026-06-24 05:00:00+00:00,73.0,22.6,36.2,158.0,6.5,9.4,590.0,33.2,43.0,945.2,6.8,10.0,24.0,6.0,2.0,3.0
islamabad,2026-06-24 06:00:00+00:00,75.0,23.6,42.5,162.0,4.1,9.4,505.0,33.9,39.0,944.8,4.7,11.0,24.0,6.0,2.0,2.0
islamabad,2026-06-24 07:00:00+00:00,79.0,25.3,48.1,163.0,3.1,9.0,461.0,35.4,36.0,944.4,3.4,12.0,24.0,6.0,2.0,4.0
islamabad,2026-06-24 08:00:00+00:00,79.0,25.4,48.3,161.0,3.0,8.4,431.0,36.3,33.0,943.7,2.6,13.0,24.0,6.0,2.0,0.0
islamabad,2026-06-24 09:00:00+00:00,78.0,25.1,46.7,158.0,3.5,7.9,412.0,37.2,32.0,942.7,3.3,14.0,24.0,6.0,2.0,-1.0
islamabad,2026-06-24 10:00:00+00:00,77.0,24.4,44.5,156.0,2.9,7.5,375.0,37.7,30.0,942.2,6.5,15.0,24.0,6.0,2.0,-1.0
islamabad,2026-06-24 11:00:00+00:00,76.0,24.2,43.8,152.0,2.9,7.3,349.0,37.3,29.0,941.8,6.4,16.0,24.0,6.0,2.0,-1.0
islamabad,2026-06-24 12:00:00+00:00,78.0,24.8,44.1,140.0,8.5,7.4,412.0,37.8,29.0,940.4,4.6,17.0,24.0,6.0,2.0,2.0
islamabad,2026-06-24 13:00:00+00:00,85.0,28.2,48.4,112.0,25.3,8.2,666.0,36.3,32.0,940.6,10.3,18.0,24.0,6.0,2.0,7.0
islamabad,2026-06-24 14:00:00+00:00,91.0,31.3,48.1,77.0,47.7,9.2,1010.0,34.2,40.0,940.9,8.2,19.0,24.0,6.0,2.0,6.0
islamabad,2026-06-24 15:00:00+00:00,110.0,39.2,54.8,49.0,64.3,9.9,1221.0,32.9,44.0,941.6,6.5,20.0,24.0,6.0,2.0,19.0
islamabad,2026-06-24 16:00:00+00:00,118.0,42.4,56.3,35.0,70.5,9.8,1182.0,31.5,50.0,942.4,7.2,21.0,24.0,6.0,2.0,8.0
islamabad,2026-06-24 17:00:00+00:00,120.0,43.3,54.7,29.0,70.9,9.3,1009.0,30.6,52.0,943.3,11.4,22.0,24.0,6.0,2.0,2.0
islamabad,2026-06-24 18:00:00+00:00,118.0,42.3,51.5,29.0,67.1,8.6,831.0,30.3,54.0,943.6,11.6,23.0,24.0,6.0,2.0,-2.0
islamabad,2026-06-24 19:00:00+00:00,112.0,39.9,47.3,35.0,57.9,7.8,674.0,29.6,55.0,943.5,11.1,0.0,25.0,6.0,3.0,-6.0
islamabad,2026-06-24 20:00:00+00:00,103.0,36.2,42.1,46.0,44.6,6.8,513.0,29.3,54.0,943.9,17.5,1.0,25.0,6.0,3.0,-9.0
islamabad,2026-06-24 21:00:00+00:00,94.0,32.6,37.7,57.0,32.9,5.9,394.0,25.4,67.0,944.7,13.0,2.0,25.0,6.0,3.0,-9.0
islamabad,2026-06-24 22:00:00+00:00,88.0,29.9,35.2,66.0,24.6,5.0,338.0,24.2,78.0,944.3,12.8,3.0,25.0,6.0,3.0,-6.0
islamabad,2026-06-24 23:00:00+00:00,81.0,26.5,31.9,75.0,17.9,4.3,324.0,25.0,74.0,944.5,8.3,4.0,25.0,6.0,3.0,-7.0
islamabad,2026-06-25 00:00:00+00:00,78.0,24.9,30.7,85.0,13.6,4.1,344.0,25.2,81.0,943.9,11.0,5.0,25.0,6.0,3.0,-3.0
islamabad,2026-06-25 01:00:00+00:00,76.0,24.1,30.2,96.0,13.3,4.8,420.0,25.8,77.0,944.8,6.9,6.0,25.0,6.0,3.0,-2.0
islamabad,2026-06-25 02:00:00+00:00,79.0,25.6,32.2,107.0,15.4,6.0,530.0,26.7,71.0,946.0,9.0,7.0,25.0,6.0,3.0,3.0
islamabad,2026-06-25 03:00:00+00:00,83.0,27.4,45.6,120.0,15.9,7.3,592.0,27.5,66.0,947.0,11.0,8.0,25.0,6.0,3.0,4.0
islamabad,2026-06-25 04:00:00+00:00,88.0,29.7,56.0,137.0,12.6,8.8,559.0,28.5,60.0,947.7,14.6,9.0,25.0,6.0,3.0,5.0
islamabad,2026-06-25 05:00:00+00:00,92.0,31.8,62.2,155.0,7.7,10.5,478.0,29.6,56.0,947.9,14.0,10.0,25.0,6.0,3.0,4.0
islamabad,2026-06-25 06:00:00+00:00,98.0,34.6,68.9,168.0,4.1,11.6,418.0,29.8,54.0,948.1,15.2,11.0,25.0,6.0,3.0,6.0
islamabad,2026-06-25 07:00:00+00:00,102.0,36.1,72.6,174.0,2.9,11.6,401.0,31.0,50.0,948.0,14.9,12.0,25.0,6.0,3.0,4.0
islamabad,2026-06-25 08:00:00+00:00,107.0,38.1,75.2,175.0,3.0,11.1,403.0,31.3,50.0,947.5,12.4,13.0,25.0,6.0,3.0,5.0
islamabad,2026-06-25 09:00:00+00:00,103.0,36.2,69.6,174.0,3.6,10.6,423.0,31.9,48.0,946.7,8.1,14.0,25.0,6.0,3.0,-4.0
islamabad,2026-06-25 10:00:00+00:00,104.0,36.7,69.6,173.0,2.3,10.2,414.0,32.6,46.0,945.9,6.2,15.0,25.0,6.0,3.0,1.0
islamabad,2026-06-25 11:00:00+00:00,99.0,34.7,65.2,168.0,1.5,9.9,422.0,32.7,45.0,945.3,7.3,16.0,25.0,6.0,3.0,-5.0
islamabad,2026-06-25 12:00:00+00:00,82.0,26.8,40.6,166.0,8.4,7.7,580.0,32.1,47.0,945.5,5.3,17.0,25.0,6.0,3.0,-17.0
islamabad,2026-06-25 13:00:00+00:00,85.0,28.4,42.5,135.0,27.8,8.7,1048.0,31.7,48.0,945.1,5.1,18.0,25.0,6.0,3.0,3.0
islamabad,2026-06-25 14:00:00+00:00,97.0,34.0,45.9,91.0,54.7,10.2,1667.0,30.4,59.0,944.8,2.9,19.0,25.0,6.0,3.0,12.0
islamabad,2026-06-25 15:00:00+00:00,121.0,43.7,54.5,55.0,76.2,11.0,2090.0,29.1,65.0,944.5,1.9,20.0,25.0,6.0,3.0,24.0
islamabad,2026-06-25 16:00:00+00:00,131.0,47.6,57.0,32.0,88.3,10.9,2162.0,28.4,70.0,945.0,1.5,21.0,25.0,6.0,3.0,10.0
islamabad,2026-06-25 17:00:00+00:00,141.0,51.7,60.3,16.0,94.9,10.2,2039.0,28.0,75.0,945.2,0.7,22.0,25.0,6.0,3.0,10.0
islamabad,2026-06-25 18:00:00+00:00,148.0,54.7,62.4,8.0,94.8,9.2,1845.0,28.4,70.0,945.0,3.0,23.0,25.0,6.0,3.0,7.0
islamabad,2026-06-25 19:00:00+00:00,143.0,52.6,58.0,11.0,84.8,7.8,1585.0,27.4,76.0,945.0,2.5,0.0,26.0,6.0,4.0,-5.0
islamabad,2026-06-25 20:00:00+00:00,130.0,47.4,51.2,22.0,68.2,6.2,1255.0,26.9,79.0,945.4,3.7,1.0,26.0,6.0,4.0,-13.0
islamabad,2026-06-25 21:00:00+00:00,119.0,43.0,46.2,33.0,53.2,5.0,959.0,26.9,75.0,945.3,4.8,2.0,26.0,6.0,4.0,-11.0
islamabad,2026-06-25 22:00:00+00:00,112.0,39.8,43.1,38.0,42.6,4.4,713.0,26.5,75.0,945.6,6.5,3.0,26.0,6.0,4.0,-7.0
islamabad,2026-06-25 23:00:00+00:00,106.0,37.4,40.2,42.0,33.8,4.2,503.0,26.3,74.0,945.9,6.4,4.0,26.0,6.0,4.0,-6.0
islamabad,2026-06-26 00:00:00+00:00,115.0,41.2,43.8,33.0,38.3,4.9,388.0,26.3,73.0,946.1,7.6,5.0,26.0,6.0,4.0,9.0
islamabad,2026-06-26 01:00:00+00:00,108.0,38.2,41.4,57.0,32.5,6.7,437.0,26.8,71.0,946.8,6.9,6.0,26.0,6.0,4.0,-7.0
islamabad,2026-06-26 02:00:00+00:00,92.0,31.5,36.6,91.0,24.3,9.3,583.0,28.3,66.0,947.3,6.6,7.0,26.0,6.0,4.0,-16.0
islamabad,2026-06-26 03:00:00+00:00,85.0,28.1,36.9,122.0,17.1,11.6,681.0,30.3,57.0,948.0,6.5,8.0,26.0,6.0,4.0,-7.0
islamabad,2026-06-26 04:00:00+00:00,87.0,29.2,40.5,147.0,11.9,13.5,666.0,32.0,51.0,948.2,5.1,9.0,26.0,6.0,4.0,2.0
islamabad,2026-06-26 05:00:00+00:00,92.0,31.7,46.0,169.0,7.6,15.2,604.0,33.4,46.0,948.3,4.2,10.0,26.0,6.0,4.0,5.0
islamabad,2026-06-26 06:00:00+00:00,96.0,33.3,48.9,186.0,4.7,16.0,553.0,34.2,41.0,948.3,3.0,11.0,26.0,6.0,4.0,4.0
islamabad,2026-06-26 07:00:00+00:00,97.0,34.2,49.0,196.0,3.5,15.5,530.0,35.5,38.0,948.0,4.0,12.0,26.0,6.0,4.0,1.0
islamabad,2026-06-26 08:00:00+00:00,98.0,34.3,48.1,200.0,3.6,14.3,517.0,35.9,36.0,947.6,4.3,13.0,26.0,6.0,4.0,1.0
islamabad,2026-06-26 09:00:00+00:00,99.0,34.9,47.8,201.0,4.3,13.2,522.0,36.3,35.0,946.6,3.6,14.0,26.0,6.0,4.0,1.0
islamabad,2026-06-26 10:00:00+00:00,103.0,36.2,49.2,203.0,3.0,12.7,484.0,36.2,36.0,946.1,3.0,15.0,26.0,6.0,4.0,4.0
islamabad,2026-06-26 11:00:00+00:00,103.0,36.3,49.5,201.0,2.2,12.4,464.0,36.1,35.0,945.6,4.4,16.0,26.0,6.0,4.0,0.0
islamabad,2026-06-26 12:00:00+00:00,100.0,35.2,50.6,186.0,9.1,11.7,650.0,36.7,31.0,944.9,7.8,17.0,26.0,6.0,4.0,-3.0
islamabad,2026-06-26 13:00:00+00:00,102.0,35.9,51.2,148.0,32.6,12.4,1292.0,36.0,32.0,945.0,6.6,18.0,26.0,6.0,4.0,2.0
islamabad,2026-06-26 14:00:00+00:00,125.0,45.4,59.8,96.0,64.8,13.2,2140.0,33.8,42.0,944.9,4.6,19.0,26.0,6.0,4.0,23.0
islamabad,2026-06-26 15:00:00+00:00,146.0,53.7,69.8,55.0,87.1,13.4,2635.0,32.2,49.0,945.1,2.1,20.0,26.0,6.0,4.0,21.0
islamabad,2026-06-26 16:00:00+00:00,151.0,55.9,72.4,37.0,91.0,12.3,2430.0,31.1,56.0,945.4,3.8,21.0,26.0,6.0,4.0,5.0
islamabad,2026-06-26 17:00:00+00:00,144.0,53.1,65.2,32.0,84.9,10.4,1872.0,30.1,59.0,946.0,3.6,22.0,26.0,6.0,4.0,-7.0
islamabad,2026-06-26 18:00:00+00:00,136.0,49.7,59.5,31.0,75.7,8.7,1439.0,30.2,59.0,946.0,5.2,23.0,26.0,6.0,4.0,-8.0
islamabad,2026-06-26 19:00:00+00:00,125.0,45.1,52.9,36.0,63.5,7.2,1358.0,28.9,61.0,945.8,6.9,0.0,27.0,6.0,5.0,-11.0
islamabad,2026-06-26 20:00:00+00:00,111.0,39.7,45.5,45.0,48.1,5.9,1403.0,28.2,61.0,945.8,6.5,1.0,27.0,6.0,5.0,-14.0
islamabad,2026-06-26 21:00:00+00:00,99.0,35.0,39.9,53.0,35.6,4.9,1374.0,27.7,62.0,945.6,6.9,2.0,27.0,6.0,5.0,-12.0
islamabad,2026-06-26 22:00:00+00:00,93.0,32.1,36.9,53.0,28.8,4.2,1149.0,27.5,62.0,945.7,7.4,3.0,27.0,6.0,5.0,-6.0
islamabad,2026-06-26 23:00:00+00:00,89.0,30.4,34.9,51.0,24.9,3.9,850.0,27.3,61.0,945.7,7.3,4.0,27.0,6.0,5.0,-4.0
islamabad,2026-06-27 00:00:00+00:00,87.0,29.0,31.9,49.0,26.4,3.9,639.0,28.0,61.0,945.7,7.9,5.0,27.0,6.0,5.0,-2.0
islamabad,2026-06-27 01:00:00+00:00,85.0,28.5,31.4,72.0,24.1,5.2,610.0,28.3,60.0,946.2,6.8,6.0,27.0,6.0,5.0,-2.0
islamabad,2026-06-27 02:00:00+00:00,88.0,29.8,33.8,105.0,20.8,7.1,669.0,29.7,57.0,946.6,5.0,7.0,27.0,6.0,5.0,3.0
islamabad,2026-06-27 03:00:00+00:00,97.0,34.2,51.1,134.0,17.1,9.1,703.0,31.8,49.0,947.0,5.6,8.0,27.0,6.0,5.0,9.0
islamabad,2026-06-27 04:00:00+00:00,112.0,39.8,63.6,157.0,12.8,11.3,663.0,33.4,45.0,947.2,6.3,9.0,27.0,6.0,5.0,15.0
islamabad,2026-06-27 05:00:00+00:00,116.0,41.7,66.4,177.0,8.2,13.5,597.0,35.1,40.0,947.2,5.0,10.0,27.0,6.0,5.0,4.0
islamabad,2026-06-27 06:00:00+00:00,118.0,42.6,66.4,191.0,4.8,14.7,533.0,36.0,35.0,947.2,2.0,11.0,27.0,6.0,5.0,2.0
islamabad,2026-06-27 07:00:00+00:00,117.0,42.0,64.3,195.0,3.4,14.0,473.0,37.6,32.0,946.7,3.2,12.0,27.0,6.0,5.0,-1.0
islamabad,2026-06-27 08:00:00+00:00,115.0,41.2,61.7,193.0,3.3,12.2,415.0,38.7,30.0,945.9,5.0,13.0,27.0,6.0,5.0,-2.0
islamabad,2026-06-27 09:00:00+00:00,113.0,40.2,59.3,188.0,3.7,10.8,382.0,38.6,31.0,944.9,6.9,14.0,27.0,6.0,5.0,-2.0
islamabad,2026-06-27 10:00:00+00:00,109.0,38.8,56.7,185.0,2.2,10.2,325.0,37.9,32.0,944.3,6.1,15.0,27.0,6.0,5.0,-4.0
islamabad,2026-06-27 11:00:00+00:00,106.0,37.5,54.9,181.0,1.3,9.9,293.0,37.9,32.0,943.4,3.0,16.0,27.0,6.0,5.0,-3.0
islamabad,2026-06-27 12:00:00+00:00,76.0,23.9,34.0,159.0,7.9,8.9,458.0,38.5,28.0,942.9,3.1,17.0,27.0,6.0,5.0,-30.0
islamabad,2026-06-27 13:00:00+00:00,76.0,23.9,34.9,123.0,33.7,10.0,1050.0,37.7,29.0,942.6,1.3,18.0,27.0,6.0,5.0,0.0
islamabad,2026-06-27 14:00:00+00:00,98.0,34.3,44.9,72.0,69.0,11.4,1839.0,36.1,33.0,942.5,2.2,19.0,27.0,6.0,5.0,22.0
islamabad,2026-06-27 15:00:00+00:00,123.0,44.4,55.1,35.0,93.3,12.2,2302.0,33.7,43.0,942.3,6.9,20.0,27.0,6.0,5.0,25.0
islamabad,2026-06-27 16:00:00+00:00,133.0,48.5,58.3,22.0,97.0,11.9,2142.0,32.7,47.0,942.8,7.3,21.0,27.0,6.0,5.0,10.0
islamabad,2026-06-27 17:00:00+00:00,134.0,48.7,56.2,23.0,89.6,11.1,1656.0,32.1,50.0,943.1,7.2,22.0,27.0,6.0,5.0,1.0
islamabad,2026-06-27 18:00:00+00:00,129.0,46.9,53.6,27.0,79.2,10.1,1210.0,31.8,52.0,942.8,6.6,23.0,27.0,6.0,5.0,-5.0
islamabad,2026-06-27 19:00:00+00:00,122.0,44.0,50.1,34.0,66.7,9.0,916.0,31.0,53.0,942.8,7.3,0.0,28.0,6.0,6.0,-7.0
islamabad,2026-06-27 20:00:00+00:00,113.0,40.4,45.9,45.0,51.1,7.8,662.0,30.4,54.0,942.6,7.9,1.0,28.0,6.0,6.0,-9.0
islamabad,2026-06-27 21:00:00+00:00,103.0,36.2,41.2,55.0,38.0,6.9,480.0,29.9,54.0,942.5,8.0,2.0,28.0,6.0,6.0,-10.0
islamabad,2026-06-27 22:00:00+00:00,94.0,32.4,36.6,61.0,29.5,6.3,396.0,29.4,56.0,942.6,7.3,3.0,28.0,6.0,6.0,-9.0
islamabad,2026-06-27 23:00:00+00:00,88.0,29.6,33.5,66.0,23.5,5.9,385.0,29.0,58.0,942.7,7.7,4.0,28.0,6.0,6.0,-6.0
islamabad,2026-06-28 00:00:00+00:00,87.0,29.3,32.7,66.0,22.0,5.7,395.0,29.3,55.0,942.5,10.2,5.0,28.0,6.0,6.0,-1.0
islamabad,2026-06-28 01:00:00+00:00,86.0,28.8,32.7,89.0,18.4,7.1,426.0,29.4,55.0,942.5,10.1,6.0,28.0,6.0,6.0,-1.0
islamabad,2026-06-28 02:00:00+00:00,89.0,30.0,35.6,120.0,13.4,9.1,480.0,31.0,51.0,943.1,7.5,7.0,28.0,6.0,6.0,3.0
islamabad,2026-06-28 03:00:00+00:00,94.0,32.7,45.6,146.0,9.1,10.7,511.0,33.2,45.0,943.8,9.0,8.0,28.0,6.0,6.0,5.0
islamabad,2026-06-28 04:00:00+00:00,102.0,36.0,52.5,159.0,6.4,11.6,497.0,34.6,43.0,944.1,10.8,9.0,28.0,6.0,6.0,8.0
islamabad,2026-06-28 05:00:00+00:00,103.0,36.2,53.3,167.0,4.5,12.1,460.0,35.7,41.0,944.3,10.4,10.0,28.0,6.0,6.0,1.0
islamabad,2026-06-28 06:00:00+00:00,98.0,34.6,51.9,171.0,3.2,12.2,426.0,37.0,38.0,944.2,8.4,11.0,28.0,6.0,6.0,-5.0
islamabad,2026-06-28 07:00:00+00:00,95.0,32.8,50.2,172.0,2.5,11.6,399.0,38.1,34.0,943.6,7.3,12.0,28.0,6.0,6.0,-3.0
islamabad,2026-06-28 08:00:00+00:00,91.0,30.9,47.4,170.0,2.5,10.7,375.0,39.3,30.0,943.2,6.6,13.0,28.0,6.0,6.0,-4.0
islamabad,2026-06-28 09:00:00+00:00,87.0,29.3,44.9,168.0,2.7,9.9,363.0,39.7,28.0,942.3,7.6,14.0,28.0,6.0,6.0,-4.0
islamabad,2026-06-28 10:00:00+00:00,85.0,28.2,43.1,168.0,2.3,9.6,347.0,39.9,27.0,941.6,7.3,15.0,28.0,6.0,6.0,-2.0
islamabad,2026-06-28 11:00:00+00:00,83.0,27.2,41.8,166.0,2.2,9.5,343.0,40.0,27.0,940.9,5.9,16.0,28.0,6.0,6.0,-2.0
islamabad,2026-06-28 12:00:00+00:00,81.0,26.5,41.2,159.0,5.1,9.6,406.0,39.7,26.0,940.4,5.3,17.0,28.0,6.0,6.0,-2.0
islamabad,2026-06-28 13:00:00+00:00,80.0,26.0,40.9,140.0,13.9,9.9,618.0,38.4,29.0,940.3,10.2,18.0,28.0,6.0,6.0,-1.0
islamabad,2026-06-28 14:00:00+00:00,94.0,32.4,45.4,114.0,25.7,10.4,898.0,36.2,38.0,940.4,12.8,19.0,28.0,6.0,6.0,14.0
islamabad,2026-06-28 15:00:00+00:00,103.0,36.2,48.4,93.0,34.9,10.7,1057.0,34.9,44.0,940.5,8.8,20.0,28.0,6.0,6.0,9.0
islamabad,2026-06-28 16:00:00+00:00,108.0,38.3,50.9,80.0,39.5,10.7,984.0,33.7,49.0,941.1,7.5,21.0,28.0,6.0,6.0,5.0
islamabad,2026-06-28 17:00:00+00:00,117.0,41.8,55.8,71.0,41.5,10.4,790.0,32.7,51.0,941.2,5.4,22.0,28.0,6.0,6.0,9.0
islamabad,2026-06-28 18:00:00+00:00,127.0,45.9,60.5,64.0,41.6,10.0,617.0,32.8,47.0,941.0,7.7,23.0,28.0,6.0,6.0,10.0
islamabad,2026-06-28 19:00:00+00:00,131.0,47.8,61.7,59.0,39.4,9.2,510.0,31.9,49.0,940.8,9.4,0.0,29.0,6.0,0.0,4.0
islamabad,2026-06-28 20:00:00+00:00,128.0,46.3,57.7,55.0,35.4,8.1,424.0,31.4,50.0,940.6,8.3,1.0,29.0,6.0,0.0,-3.0
islamabad,2026-06-28 21:00:00+00:00,119.0,43.0,52.0,55.0,31.0,7.3,363.0,30.9,51.0,940.5,6.8,2.0,29.0,6.0,0.0,-9.0
islamabad,2026-06-28 22:00:00+00:00,112.0,39.8,47.4,57.0,26.5,6.8,325.0,30.4,53.0,940.6,7.1,3.0,29.0,6.0,0.0,-7.0
islamabad,2026-06-28 23:00:00+00:00,106.0,37.5,44.2,63.0,21.7,6.5,312.0,29.9,55.0,940.7,8.2,4.0,29.0,6.0,0.0,-6.0
islamabad,2026-06-29 00:00:00+00:00,110.0,39.3,48.5,61.0,19.4,6.0,337.0,29.8,54.0,940.1,8.0,5.0,29.0,6.0,0.0,4.0
islamabad,2026-06-29 01:00:00+00:00,110.0,39.2,48.3,83.0,17.5,7.5,435.0,29.9,54.0,940.2,7.7,6.0,29.0,6.0,0.0,0.0
islamabad,2026-06-29 02:00:00+00:00,113.0,40.4,52.2,114.0,14.7,9.7,571.0,31.5,50.0,940.6,6.2,7.0,29.0,6.0,0.0,3.0
islamabad,2026-06-29 03:00:00+00:00,115.0,41.2,58.1,141.0,12.0,11.4,651.0,33.8,44.0,941.4,7.2,8.0,29.0,6.0,0.0,2.0
islamabad,2026-06-29 04:00:00+00:00,114.0,40.6,58.1,160.0,9.3,12.4,618.0,35.3,42.0,941.7,9.3,9.0,29.0,6.0,0.0,-1.0
islamabad,2026-06-29 05:00:00+00:00,110.0,39.3,56.6,175.0,6.5,13.0,530.0,36.6,41.0,941.8,9.2,10.0,29.0,6.0,0.0,-4.0
islamabad,2026-06-29 06:00:00+00:00,108.0,38.2,55.1,186.0,4.5,13.2,460.0,37.2,40.0,942.1,11.1,11.0,29.0,6.0,0.0,-2.0
islamabad,2026-06-29 07:00:00+00:00,108.0,38.5,55.6,191.0,3.6,12.7,437.0,37.0,43.0,942.0,10.4,12.0,29.0,6.0,0.0,0.0
islamabad,2026-06-29 08:00:00+00:00,105.0,37.1,53.2,191.0,3.4,11.8,433.0,37.7,41.0,941.7,10.0,13.0,29.0,6.0,0.0,-3.0
islamabad,2026-06-29 09:00:00+00:00,99.0,34.9,50.1,189.0,3.7,11.1,442.0,38.1,41.0,941.0,10.7,14.0,29.0,6.0,0.0,-6.0
islamabad,2026-06-29 10:00:00+00:00,96.0,33.3,48.0,188.0,3.5,10.8,441.0,38.5,40.0,940.7,11.8,15.0,29.0,6.0,0.0,-3.0
islamabad,2026-06-29 11:00:00+00:00,94.0,32.7,47.3,184.0,3.8,10.8,453.0,38.1,41.0,939.9,12.3,16.0,29.0,6.0,0.0,-2.0
islamabad,2026-06-29 12:00:00+00:00,107.0,38.1,52.4,177.0,7.6,10.7,542.0,38.5,40.0,939.7,13.0,17.0,29.0,6.0,0.0,13.0
islamabad,2026-06-29 13:00:00+00:00,108.0,38.5,51.7,158.0,13.8,10.6,802.0,37.5,42.0,939.5,13.0,18.0,29.0,6.0,0.0,1.0
islamabad,2026-06-29 14:00:00+00:00,115.0,41.3,51.0,132.0,22.5,10.3,1138.0,36.3,46.0,939.3,12.4,19.0,29.0,6.0,0.0,7.0
islamabad,2026-06-29 15:00:00+00:00,121.0,43.5,53.1,109.0,29.7,10.1,1331.0,35.1,49.0,939.5,10.5,20.0,29.0,6.0,0.0,6.0
islamabad,2026-06-29 16:00:00+00:00,125.0,45.2,55.4,93.0,34.4,9.9,1257.0,34.2,50.0,940.0,8.1,21.0,29.0,6.0,0.0,4.0
islamabad,2026-06-29 17:00:00+00:00,131.0,47.7,58.4,81.0,37.6,9.6,1040.0,33.3,52.0,940.4,9.0,22.0,29.0,6.0,0.0,6.0
islamabad,2026-06-29 18:00:00+00:00,137.0,50.2,61.0,73.0,38.4,9.3,833.0,33.6,53.0,940.1,10.3,23.0,29.0,6.0,0.0,6.0
islamabad,2026-06-29 19:00:00+00:00,140.0,51.2,62.2,70.0,35.8,8.8,679.0,32.6,57.0,940.0,8.3,0.0,30.0,6.0,1.0,3.0
islamabad,2026-06-29 20:00:00+00:00,138.0,50.6,61.5,72.0,30.8,8.2,534.0,32.1,58.0,940.1,7.3,1.0,30.0,6.0,1.0,-2.0
islamabad,2026-06-29 21:00:00+00:00,135.0,49.5,60.1,75.0,26.1,7.8,427.0,31.6,60.0,940.0,8.6,2.0,30.0,6.0,1.0,-3.0
islamabad,2026-06-29 22:00:00+00:00,133.0,48.4,59.1,78.0,22.4,7.5,367.0,31.1,63.0,940.1,9.0,3.0,30.0,6.0,1.0,-2.0
islamabad,2026-06-29 23:00:00+00:00,131.0,47.5,58.8,83.0,18.9,7.2,344.0,30.7,66.0,940.2,10.4,4.0,30.0,6.0,1.0,-2.0
islamabad,2026-06-30 00:00:00+00:00,133.0,48.4,59.5,79.0,20.6,7.9,351.0,30.9,69.0,940.2,9.7,5.0,30.0,6.0,1.0,2.0
islamabad,2026-06-30 01:00:00+00:00,131.0,47.8,58.1,99.0,18.1,9.5,405.0,31.1,69.0,940.5,9.4,6.0,30.0,6.0,1.0,-2.0
islamabad,2026-06-30 02:00:00+00:00,132.0,48.0,65.2,126.0,14.6,11.7,489.0,32.1,64.0,941.0,11.0,7.0,30.0,6.0,1.0,1.0
islamabad,2026-06-30 03:00:00+00:00,133.0,48.5,71.2,150.0,11.4,13.5,542.0,33.1,59.0,941.4,11.8,8.0,30.0,6.0,1.0,1.0
islamabad,2026-06-30 04:00:00+00:00,133.0,48.3,74.7,168.0,8.8,14.7,535.0,34.4,54.0,941.6,9.6,9.0,30.0,6.0,1.0,0.0
islamabad,2026-06-30 05:00:00+00:00,134.0,49.1,77.5,182.0,6.4,15.5,498.0,35.9,49.0,941.6,9.3,10.0,30.0,6.0,1.0,1.0
islamabad,2026-06-30 06:00:00+00:00,136.0,49.9,78.5,190.0,4.7,15.7,460.0,37.1,44.0,942.2,12.2,11.0,30.0,6.0,1.0,2.0
islamabad,2026-06-30 07:00:00+00:00,135.0,49.5,75.7,190.0,3.8,14.8,423.0,37.7,43.0,942.2,11.5,12.0,30.0,6.0,1.0,-1.0
islamabad,2026-06-30 08:00:00+00:00,151.0,55.8,82.7,185.0,3.6,13.2,386.0,38.9,39.0,941.8,11.2,13.0,30.0,6.0,1.0,16.0
islamabad,2026-06-30 09:00:00+00:00,127.0,46.1,67.1,179.0,4.1,11.9,373.0,39.1,37.0,941.3,11.7,14.0,30.0,6.0,1.0,-24.0
islamabad,2026-06-30 10:00:00+00:00,121.0,43.5,62.2,173.0,5.3,11.2,412.0,36.4,48.0,941.0,7.1,15.0,30.0,6.0,1.0,-6.0
islamabad,2026-06-30 11:00:00+00:00,125.0,45.2,64.0,167.0,7.2,10.7,476.0,36.5,47.0,940.5,12.0,16.0,30.0,6.0,1.0,4.0
islamabad,2026-06-30 12:00:00+00:00,123.0,44.5,62.2,169.0,8.2,10.6,505.0,38.7,37.0,940.0,13.6,17.0,30.0,6.0,1.0,-2.0
islamabad,2026-06-30 13:00:00+00:00,140.0,51.5,70.3,160.0,10.2,10.5,447.0,34.6,51.0,939.8,14.8,18.0,30.0,6.0,1.0,17.0
islamabad,2026-06-30 14:00:00+00:00,152.0,58.0,76.8,147.0,13.2,10.2,355.0,34.0,52.0,939.9,15.1,19.0,30.0,6.0,1.0,12.0
islamabad,2026-06-30 15:00:00+00:00,152.0,57.0,73.8,133.0,16.3,9.9,331.0,32.8,57.0,940.1,8.9,20.0,30.0,6.0,1.0,0.0
islamabad,2026-06-30 16:00:00+00:00,151.0,56.0,69.8,120.0,19.6,9.3,460.0,32.7,58.0,941.3,10.2,21.0,30.0,6.0,1.0,-1.0
islamabad,2026-06-30 17:00:00+00:00,147.0,54.1,68.2,106.0,23.1,8.6,656.0,32.1,60.0,941.9,10.7,22.0,30.0,6.0,1.0,-4.0
islamabad,2026-06-30 18:00:00+00:00,145.0,53.4,68.0,93.0,26.1,8.0,771.0,33.0,61.0,941.5,12.2,23.0,30.0,6.0,1.0,-2.0
islamabad,2026-06-30 19:00:00+00:00,146.0,53.7,67.1,79.0,28.8,7.5,719.0,32.0,63.0,941.1,9.3,0.0,1.0,7.0,2.0,1.0
islamabad,2026-06-30 20:00:00+00:00,144.0,52.9,64.0,67.0,31.0,7.0,585.0,31.4,64.0,941.1,9.7,1.0,1.0,7.0,2.0,-2.0
islamabad,2026-06-30 21:00:00+00:00,138.0,50.5,60.5,60.0,31.1,6.6,473.0,30.8,67.0,941.1,9.8,2.0,1.0,7.0,2.0,-6.0
islamabad,2026-06-30 22:00:00+00:00,133.0,48.4,59.6,62.0,27.6,6.3,409.0,30.2,67.0,941.2,11.4,3.0,1.0,7.0,2.0,-5.0
islamabad,2026-06-30 23:00:00+00:00,132.0,48.2,62.4,70.0,22.1,6.0,366.0,29.1,68.0,941.7,14.2,4.0,1.0,7.0,2.0,-1.0
islamabad,2026-07-01 00:00:00+00:00,100.0,35.4,48.3,126.0,7.5,5.7,369.0,27.1,76.0,940.6,8.8,5.0,1.0,7.0,2.0,-32.0
islamabad,2026-07-01 01:00:00+00:00,86.0,28.8,37.7,125.0,10.1,6.3,462.0,27.3,78.0,941.2,9.3,6.0,1.0,7.0,2.0,-14.0
islamabad,2026-07-01 02:00:00+00:00,84.0,27.6,41.0,125.0,13.5,7.2,601.0,28.4,74.0,941.3,5.4,7.0,1.0,7.0,2.0,-2.0
islamabad,2026-07-01 03:00:00+00:00,91.0,30.9,50.4,129.0,14.9,8.2,675.0,29.8,66.0,942.4,12.5,8.0,1.0,7.0,2.0,7.0
islamabad,2026-07-01 04:00:00+00:00,118.0,42.5,79.4,143.0,12.3,9.4,615.0,29.7,68.0,943.3,15.3,9.0,1.0,7.0,2.0,27.0
islamabad,2026-07-01 05:00:00+00:00,129.0,47.0,92.4,161.0,7.8,10.7,490.0,31.6,60.0,943.3,13.0,10.0,1.0,7.0,2.0,11.0
islamabad,2026-07-01 06:00:00+00:00,132.0,48.2,96.2,174.0,4.4,11.4,398.0,33.8,50.0,943.1,15.3,11.0,1.0,7.0,2.0,3.0
islamabad,2026-07-01 07:00:00+00:00,131.0,47.8,97.3,178.0,3.5,11.1,370.0,35.0,48.0,943.4,14.6,12.0,1.0,7.0,2.0,-1.0
islamabad,2026-07-01 08:00:00+00:00,129.0,47.0,97.3,176.0,3.7,10.2,374.0,31.3,65.0,943.4,10.8,13.0,1.0,7.0,2.0,-2.0
islamabad,2026-07-01 09:00:00+00:00,127.0,46.1,97.6,173.0,4.5,9.5,417.0,34.2,55.0,942.6,11.9,14.0,1.0,7.0,2.0,-2.0
islamabad,2026-07-01 10:00:00+00:00,133.0,48.3,108.5,170.0,5.1,9.6,519.0,34.3,53.0,942.0,11.1,15.0,1.0,7.0,2.0,6.0
islamabad,2026-07-01 11:00:00+00:00,122.0,44.2,95.2,164.0,6.1,9.9,659.0,33.6,56.0,941.5,11.6,16.0,1.0,7.0,2.0,-11.0
islamabad,2026-07-01 12:00:00+00:00,153.0,59.8,145.3,153.0,10.2,10.0,784.0,31.6,60.0,941.5,11.4,17.0,1.0,7.0,2.0,31.0
islamabad,2026-07-01 13:00:00+00:00,155.0,63.6,154.6,141.0,13.6,10.2,879.0,28.9,74.0,941.5,16.3,18.0,1.0,7.0,2.0,2.0
islamabad,2026-07-01 14:00:00+00:00,156.0,65.4,156.0,125.0,18.2,10.5,959.0,28.8,75.0,942.1,11.8,19.0,1.0,7.0,2.0,1.0
islamabad,2026-07-01 15:00:00+00:00,153.0,60.1,122.5,111.0,22.1,10.4,1012.0,28.4,75.0,942.4,12.5,20.0,1.0,7.0,2.0,-3.0
islamabad,2026-07-01 16:00:00+00:00,137.0,50.3,91.5,101.0,24.7,9.7,1044.0,28.4,73.0,942.7,8.7,21.0,1.0,7.0,2.0,-16.0
islamabad,2026-07-01 17:00:00+00:00,133.0,48.4,86.8,94.0,26.4,8.7,1051.0,28.2,71.0,943.5,7.2,22.0,1.0,7.0,2.0,-4.0
islamabad,2026-07-01 18:00:00+00:00,134.0,48.7,85.7,89.0,26.6,7.6,1005.0,24.3,91.0,943.4,9.1,23.0,1.0,7.0,2.0,1.0
islamabad,2026-07-01 19:00:00+00:00,131.0,47.7,81.5,88.0,24.4,6.4,871.0,24.8,87.0,942.8,3.0,0.0,2.0,7.0,3.0,-3.0
islamabad,2026-07-01 20:00:00+00:00,112.0,39.9,62.4,89.0,20.7,5.2,685.0,25.2,86.0,942.7,2.1,1.0,2.0,7.0,3.0,-19.0
islamabad,2026-07-01 21:00:00+00:00,93.0,32.1,44.5,92.0,17.2,4.3,530.0,25.2,88.0,942.5,6.0,2.0,2.0,7.0,3.0,-19.0
islamabad,2026-07-01 22:00:00+00:00,94.0,32.5,43.1,96.0,14.0,3.7,428.0,25.2,85.0,943.0,10.4,3.0,2.0,7.0,3.0,1.0
islamabad,2026-07-01 23:00:00+00:00,87.0,29.0,36.7,101.0,11.1,3.4,357.0,25.1,84.0,943.2,7.5,4.0,2.0,7.0,3.0,-7.0
islamabad,2026-07-02 00:00:00+00:00,120.0,43.2,55.6,59.0,27.8,7.5,331.0,26.0,86.0,943.2,7.4,5.0,2.0,7.0,3.0,33.0
islamabad,2026-07-02 01:00:00+00:00,133.0,48.3,60.3,67.0,26.6,8.8,381.0,25.5,85.0,943.9,8.5,6.0,2.0,7.0,3.0,13.0
islamabad,2026-07-02 02:00:00+00:00,124.0,44.9,62.9,79.0,24.7,10.7,476.0,26.3,79.0,944.6,9.5,7.0,2.0,7.0,3.0,-9.0
islamabad,2026-07-02 03:00:00+00:00,130.0,47.1,84.8,97.0,22.1,12.9,539.0,27.5,74.0,945.0,7.0,8.0,2.0,7.0,3.0,6.0
islamabad,2026-07-02 04:00:00+00:00,135.0,49.2,91.3,125.0,18.2,15.9,530.0,29.3,65.0,945.3,9.0,9.0,2.0,7.0,3.0,5.0
islamabad,2026-07-02 05:00:00+00:00,130.0,47.3,87.5,158.0,13.6,19.1,489.0,30.5,61.0,945.3,8.0,10.0,2.0,7.0,3.0,-5.0
islamabad,2026-07-02 06:00:00+00:00,122.0,44.2,79.6,184.0,9.8,20.9,459.0,31.2,57.0,945.9,8.1,11.0,2.0,7.0,3.0,-8.0
islamabad,2026-07-02 07:00:00+00:00,125.0,45.3,80.6,197.0,7.3,20.0,455.0,32.4,53.0,945.4,8.1,12.0,2.0,7.0,3.0,3.0
islamabad,2026-07-02 08:00:00+00:00,129.0,46.9,84.3,203.0,5.6,17.7,461.0,33.2,50.0,944.5,7.9,13.0,2.0,7.0,3.0,4.0
islamabad,2026-07-02 09:00:00+00:00,132.0,48.0,87.8,203.0,4.9,15.7,472.0,33.6,49.0,944.0,10.0,14.0,2.0,7.0,3.0,3.0
islamabad,2026-07-02 10:00:00+00:00,134.0,48.8,90.8,199.0,4.1,14.7,465.0,33.8,47.0,943.4,10.0,15.0,2.0,7.0,3.0,2.0
islamabad,2026-07-02 11:00:00+00:00,135.0,49.5,93.4,190.0,4.2,14.0,464.0,33.8,47.0,943.0,10.1,16.0,2.0,7.0,3.0,1.0
islamabad,2026-07-02 12:00:00+00:00,123.0,44.6,85.2,155.0,7.8,9.5,533.0,33.5,48.0,943.1,9.3,17.0,2.0,7.0,3.0,-12.0
islamabad,2026-07-02 13:00:00+00:00,129.0,47.0,97.6,132.0,20.4,9.8,740.0,33.0,49.0,943.1,7.6,18.0,2.0,7.0,3.0,6.0
islamabad,2026-07-02 14:00:00+00:00,142.0,52.0,97.1,99.0,37.7,10.1,1018.0,32.2,52.0,943.1,7.9,19.0,2.0,7.0,3.0,13.0
islamabad,2026-07-02 15:00:00+00:00,152.0,58.0,103.1,73.0,50.8,10.2,1231.0,31.3,56.0,943.3,7.6,20.0,2.0,7.0,3.0,10.0
islamabad,2026-07-02 16:00:00+00:00,154.0,60.5,103.8,60.0,56.0,9.9,1347.0,30.4,61.0,944.1,8.5,21.0,2.0,7.0,3.0,2.0
islamabad,2026-07-02 17:00:00+00:00,153.0,60.1,96.6,54.0,56.9,9.3,1398.0,29.7,65.0,944.4,7.9,22.0,2.0,7.0,3.0,-1.0
islamabad,2026-07-02 18:00:00+00:00,152.0,57.9,87.1,49.0,55.9,8.6,1342.0,29.6,67.0,944.8,7.4,23.0,2.0,7.0,3.0,-1.0
islamabad,2026-07-02 19:00:00+00:00,151.0,56.0,81.0,44.0,53.2,7.8,1102.0,28.6,71.0,944.9,6.2,0.0,3.0,7.0,4.0,-1.0
islamabad,2026-07-02 20:00:00+00:00,145.0,53.4,75.9,41.0,48.6,7.0,755.0,28.0,74.0,945.2,3.8,1.0,3.0,7.0,4.0,-6.0
islamabad,2026-07-02 21:00:00+00:00,136.0,49.9,70.5,41.0,43.3,6.2,489.0,26.2,77.0,946.0,13.6,2.0,3.0,7.0,4.0,-9.0
islamabad,2026-07-02 22:00:00+00:00,135.0,49.5,70.1,44.0,37.0,5.5,376.0,23.2,97.0,945.5,18.9,3.0,3.0,7.0,4.0,-1.0
islamabad,2026-07-02 23:00:00+00:00,131.0,47.5,72.4,49.0,30.1,4.8,344.0,23.2,95.0,945.7,8.6,4.0,3.0,7.0,4.0,-4.0
islamabad,2026-07-03 00:00:00+00:00,84.0,27.7,34.5,72.0,19.7,4.4,361.0,23.3,95.0,945.4,11.2,5.0,3.0,7.0,4.0,-47.0
islamabad,2026-07-03 01:00:00+00:00,82.0,26.9,32.7,88.0,19.8,6.2,454.0,23.7,97.0,945.1,9.2,6.0,3.0,7.0,4.0,-2.0
islamabad,2026-07-03 02:00:00+00:00,82.0,26.7,34.9,110.0,19.7,8.6,596.0,25.1,87.0,945.4,6.3,7.0,3.0,7.0,4.0,0.0
islamabad,2026-07-03 03:00:00+00:00,86.0,28.9,49.1,133.0,18.4,10.8,680.0,27.4,73.0,946.1,3.1,8.0,3.0,7.0,4.0,4.0
islamabad,2026-07-03 04:00:00+00:00,105.0,37.3,77.1,155.0,14.5,12.3,646.0,30.0,61.0,946.7,0.9,9.0,3.0,7.0,4.0,19.0
islamabad,2026-07-03 05:00:00+00:00,122.0,44.2,96.2,177.0,9.2,13.5,553.0,31.9,54.0,946.9,3.2,10.0,3.0,7.0,4.0,17.0
islamabad,2026-07-03 06:00:00+00:00,129.0,47.0,101.5,194.0,5.4,14.3,475.0,32.6,50.0,946.5,7.4,11.0,3.0,7.0,4.0,7.0
islamabad,2026-07-03 07:00:00+00:00,129.0,46.8,99.2,204.0,4.1,14.4,432.0,33.9,49.0,946.5,8.7,12.0,3.0,7.0,4.0,0.0
islamabad,2026-07-03 08:00:00+00:00,124.0,44.9,92.9,210.0,4.2,14.1,403.0,34.4,49.0,946.0,6.1,13.0,3.0,7.0,4.0,-5.0
islamabad,2026-07-03 09:00:00+00:00,117.0,41.9,83.8,212.0,4.9,13.8,395.0,35.0,46.0,945.0,5.9,14.0,3.0,7.0,4.0,-7.0
islamabad,2026-07-03 10:00:00+00:00,117.0,41.8,81.0,215.0,2.8,13.7,385.0,35.5,43.0,944.1,6.5,15.0,3.0,7.0,4.0,0.0
islamabad,2026-07-03 11:00:00+00:00,116.0,41.6,78.5,215.0,1.3,13.8,396.0,35.5,41.0,943.2,8.9,16.0,3.0,7.0,4.0,-1.0
islamabad,2026-07-03 12:00:00+00:00,79.0,25.6,45.5,160.0,8.9,8.5,506.0,35.2,38.0,942.5,12.2,17.0,3.0,7.0,4.0,-37.0
islamabad,2026-07-03 13:00:00+00:00,80.0,26.0,47.0,119.0,37.5,9.5,816.0,34.2,42.0,942.5,10.6,18.0,3.0,7.0,4.0,1.0
islamabad,2026-07-03 14:00:00+00:00,100.0,35.2,53.9,62.0,76.9,11.0,1226.0,32.7,51.0,942.3,6.1,19.0,3.0,7.0,4.0,20.0
islamabad,2026-07-03 15:00:00+00:00,132.0,48.0,69.2,19.0,106.3,12.3,1513.0,31.2,60.0,942.2,5.2,20.0,3.0,7.0,4.0,32.0
islamabad,2026-07-03 16:00:00+00:00,153.0,58.9,81.5,3.0,117.8,13.7,1591.0,29.9,67.0,942.5,4.9,21.0,3.0,7.0,4.0,21.0
islamabad,2026-07-03 17:00:00+00:00,155.0,62.4,85.2,2.0,119.3,15.0,1547.0,28.8,76.0,942.7,3.8,22.0,3.0,7.0,4.0,2.0
islamabad,2026-07-03 18:00:00+00:00,155.0,63.6,85.4,6.0,113.8,15.3,1418.0,28.8,75.0,942.7,2.0,23.0,3.0,7.0,4.0,0.0
islamabad,2026-07-03 19:00:00+00:00,154.0,61.2,80.6,14.0,99.0,13.8,1162.0,28.5,73.0,942.8,2.2,0.0,4.0,7.0,5.0,-1.0
islamabad,2026-07-03 20:00:00+00:00,148.0,54.7,70.3,28.0,77.2,11.4,822.0,28.1,71.0,942.8,2.6,1.0,4.0,7.0,5.0,-6.0
islamabad,2026-07-03 21:00:00+00:00,134.0,48.8,61.2,41.0,57.6,9.3,563.0,27.8,67.0,943.0,4.6,2.0,4.0,7.0,5.0,-14.0
islamabad,2026-07-03 22:00:00+00:00,119.0,42.8,53.2,50.0,43.1,8.0,452.0,27.6,62.0,943.3,7.4,3.0,4.0,7.0,5.0,-15.0
islamabad,2026-07-03 23:00:00+00:00,107.0,37.8,46.9,59.0,30.8,7.0,421.0,27.7,60.0,943.3,8.3,4.0,4.0,7.0,5.0,-12.0
islamabad,2026-07-04 00:00:00+00:00,121.0,43.7,53.1,55.0,31.7,7.4,433.0,28.0,61.0,943.6,7.5,5.0,4.0,7.0,5.0,14.0
islamabad,2026-07-04 01:00:00+00:00,112.0,39.8,48.2,80.0,26.8,8.6,507.0,28.2,63.0,944.0,7.4,6.0,4.0,7.0,5.0,-9.0
islamabad,2026-07-04 02:00:00+00:00,99.0,35.0,45.4,115.0,19.9,10.2,623.0,29.9,59.0,944.7,5.3,7.0,4.0,7.0,5.0,-13.0
islamabad,2026-07-04 03:00:00+00:00,99.0,35.0,53.3,146.0,13.9,11.9,685.0,31.6,56.0,944.9,5.1,8.0,4.0,7.0,5.0,0.0
islamabad,2026-07-04 04:00:00+00:00,102.0,36.1,58.1,168.0,9.9,13.8,639.0,33.5,47.0,944.8,2.8,9.0,4.0,7.0,5.0,3.0
islamabad,2026-07-04 05:00:00+00:00,107.0,37.8,61.7,184.0,6.8,15.7,538.0,35.2,39.0,944.3,3.5,10.0,4.0,7.0,5.0,5.0
islamabad,2026-07-04 06:00:00+00:00,108.0,38.2,63.6,196.0,4.7,16.6,452.0,35.7,36.0,944.9,7.8,11.0,4.0,7.0,5.0,1.0
islamabad,2026-07-04 07:00:00+00:00,108.0,38.5,63.6,201.0,3.7,15.8,402.0,36.6,33.0,944.3,8.9,12.0,4.0,7.0,5.0,0.0
islamabad,2026-07-04 08:00:00+00:00,109.0,38.8,63.3,200.0,3.6,14.1,365.0,37.3,31.0,943.1,8.7,13.0,4.0,7.0,5.0,1.0
islamabad,2026-07-04 09:00:00+00:00,106.0,37.7,61.2,197.0,4.0,12.5,347.0,37.9,29.0,942.4,9.0,14.0,4.0,7.0,5.0,-3.0
islamabad,2026-07-04 10:00:00+00:00,103.0,36.4,59.1,195.0,0.8,11.4,311.0,38.0,28.0,941.5,9.3,15.0,4.0,7.0,5.0,-3.0
islamabad,2026-07-04 11:00:00+00:00,99.0,34.9,57.0,190.0,0.0,10.5,292.0,37.9,27.0,940.9,8.9,16.0,4.0,7.0,5.0,-4.0
islamabad,2026-07-04 12:00:00+00:00,90.0,30.7,50.1,174.0,8.1,10.3,401.0,37.9,30.0,940.5,10.1,17.0,4.0,7.0,5.0,-9.0
islamabad,2026-07-04 13:00:00+00:00,89.0,30.4,49.5,130.0,39.5,11.3,769.0,36.8,32.0,940.2,10.7,18.0,4.0,7.0,5.0,-1.0
islamabad,2026-07-04 14:00:00+00:00,113.0,40.3,57.0,69.0,82.4,12.7,1264.0,35.4,34.0,940.0,8.8,19.0,4.0,7.0,5.0,24.0
islamabad,2026-07-04 15:00:00+00:00,143.0,52.6,70.5,25.0,111.4,13.5,1607.0,34.2,36.0,940.0,6.6,20.0,4.0,7.0,5.0,30.0
islamabad,2026-07-04 16:00:00+00:00,152.0,56.7,75.7,13.0,114.5,13.4,1664.0,32.9,41.0,940.1,4.2,21.0,4.0,7.0,5.0,9.0
islamabad,2026-07-04 17:00:00+00:00,152.0,57.2,75.7,18.0,103.7,12.8,1569.0,31.4,47.0,940.2,4.8,22.0,4.0,7.0,5.0,0.0
islamabad,2026-07-04 18:00:00+00:00,151.0,56.1,71.7,27.0,89.3,12.0,1434.0,31.7,49.0,940.1,3.6,23.0,4.0,7.0,5.0,-1.0
islamabad,2026-07-04 19:00:00+00:00,143.0,52.4,65.2,40.0,72.0,11.0,1285.0,30.8,53.0,940.4,2.4,0.0,5.0,7.0,6.0,-8.0
islamabad,2026-07-04 20:00:00+00:00,132.0,48.1,59.8,57.0,51.1,9.9,1097.0,30.3,54.0,940.4,4.3,1.0,5.0,7.0,6.0,-11.0
islamabad,2026-07-04 21:00:00+00:00,124.0,44.8,56.5,72.0,34.3,9.1,910.0,29.5,56.0,940.7,5.2,2.0,5.0,7.0,6.0,-8.0
islamabad,2026-07-04 22:00:00+00:00,119.0,42.7,54.4,80.0,25.4,8.6,715.0,29.0,56.0,940.9,7.6,3.0,5.0,7.0,6.0,-5.0
islamabad,2026-07-04 23:00:00+00:00,116.0,41.7,53.2,85.0,20.7,8.3,521.0,28.8,54.0,941.2,10.2,4.0,5.0,7.0,6.0,-3.0
islamabad,2026-07-05 00:00:00+00:00,113.0,40.2,50.3,70.0,25.0,8.5,398.0,29.1,63.0,941.6,10.6,5.0,5.0,7.0,6.0,-3.0
islamabad,2026-07-05 01:00:00+00:00,112.0,39.8,50.1,93.0,20.6,9.8,400.0,29.3,64.0,942.2,10.0,6.0,5.0,7.0,6.0,-1.0
islamabad,2026-07-05 02:00:00+00:00,116.0,41.7,54.2,126.0,14.4,11.6,473.0,31.0,61.0,942.6,7.8,7.0,5.0,7.0,6.0,4.0
islamabad,2026-07-05 03:00:00+00:00,136.0,49.7,67.3,154.0,9.3,13.2,522.0,32.6,58.0,942.8,8.3,8.0,5.0,7.0,6.0,20.0
islamabad,2026-07-05 04:00:00+00:00,149.0,55.1,75.4,173.0,6.5,14.5,505.0,34.2,51.0,943.0,8.6,9.0,5.0,7.0,6.0,13.0
islamabad,2026-07-05 05:00:00+00:00,152.0,57.2,78.9,188.0,4.9,15.5,464.0,36.0,42.0,943.0,5.1,10.0,5.0,7.0,6.0,3.0
islamabad,2026-07-05 06:00:00+00:00,151.0,55.5,78.5,196.0,3.8,15.7,425.0,36.4,38.0,943.5,4.5,11.0,5.0,7.0,6.0,-1.0
islamabad,2026-07-05 07:00:00+00:00,139.0,51.1,73.3,196.0,3.0,14.4,394.0,37.2,36.0,942.9,6.6,12.0,5.0,7.0,6.0,-12.0
islamabad,2026-07-05 08:00:00+00:00,128.0,46.6,67.1,191.0,2.8,12.2,364.0,37.9,33.0,942.3,8.8,13.0,5.0,7.0,6.0,-11.0
islamabad,2026-07-05 09:00:00+00:00,121.0,43.5,63.1,184.0,2.9,10.4,343.0,38.3,32.0,941.5,9.0,14.0,5.0,7.0,6.0,-7.0
islamabad,2026-07-05 10:00:00+00:00,115.0,41.0,60.1,180.0,2.1,9.5,308.0,38.6,31.0,941.0,7.7,15.0,5.0,7.0,6.0,-6.0
islamabad,2026-07-05 11:00:00+00:00,109.0,38.6,57.7,174.0,1.7,9.0,282.0,38.5,31.0,940.4,6.9,16.0,5.0,7.0,6.0,-6.0
islamabad,2026-07-05 12:00:00+00:00,131.0,47.6,74.3,162.0,5.6,8.9,337.0,39.1,31.0,939.8,8.7,17.0,5.0,7.0,6.0,22.0
islamabad,2026-07-05 13:00:00+00:00,125.0,45.3,71.7,127.0,28.6,9.9,563.0,37.4,34.0,939.6,9.9,18.0,5.0,7.0,6.0,-6.0
islamabad,2026-07-05 14:00:00+00:00,152.0,56.8,81.5,80.0,59.7,11.3,871.0,36.2,40.0,939.6,5.3,19.0,5.0,7.0,6.0,27.0
islamabad,2026-07-05 15:00:00+00:00,157.0,66.4,90.1,48.0,78.1,12.0,1064.0,34.6,48.0,939.3,3.1,20.0,5.0,7.0,6.0,5.0
islamabad,2026-07-05 16:00:00+00:00,155.0,63.6,79.6,46.0,71.8,11.6,1040.0,32.9,56.0,939.5,2.8,21.0,5.0,7.0,6.0,-2.0
islamabad,2026-07-05 17:00:00+00:00,155.0,63.3,77.5,58.0,52.7,10.6,902.0,32.1,57.0,940.0,2.7,22.0,5.0,7.0,6.0,0.0
islamabad,2026-07-05 18:00:00+00:00,155.0,64.0,79.4,71.0,36.1,9.7,761.0,32.5,59.0,940.5,3.1,23.0,5.0,7.0,6.0,0.0
islamabad,2026-07-05 19:00:00+00:00,155.0,62.9,78.7,79.0,27.3,9.0,643.0,31.9,58.0,940.7,5.0,0.0,6.0,7.0,0.0,0.0
islamabad,2026-07-05 20:00:00+00:00,154.0,60.8,76.4,86.0,20.9,8.4,521.0,31.4,54.0,940.9,9.7,1.0,6.0,7.0,0.0,-1.0
islamabad,2026-07-05 21:00:00+00:00,153.0,59.4,74.5,92.0,16.2,7.9,434.0,30.7,56.0,941.1,10.6,2.0,6.0,7.0,0.0,-1.0
islamabad,2026-07-05 22:00:00+00:00,152.0,58.3,72.2,95.0,13.3,7.6,394.0,30.5,59.0,941.0,10.7,3.0,6.0,7.0,0.0,-1.0
islamabad,2026-07-05 23:00:00+00:00,152.0,56.5,69.8,97.0,12.1,7.4,388.0,30.4,61.0,941.2,9.9,4.0,6.0,7.0,0.0,0.0
islamabad,2026-07-06 00:00:00+00:00,155.0,63.8,79.4,88.0,13.4,8.2,410.0,29.3,73.0,941.6,10.7,5.0,6.0,7.0,0.0,3.0
islamabad,2026-07-06 01:00:00+00:00,154.0,62.2,75.4,105.0,13.2,9.5,477.0,29.2,73.0,941.9,9.9,6.0,6.0,7.0,0.0,-1.0
islamabad,2026-07-06 02:00:00+00:00,156.0,64.7,83.8,128.0,12.8,11.2,573.0,30.2,70.0,942.7,12.2,7.0,6.0,7.0,0.0,2.0
islamabad,2026-07-06 03:00:00+00:00,158.0,68.9,94.3,149.0,11.7,12.5,634.0,31.1,67.0,943.1,11.1,8.0,6.0,7.0,0.0,2.0
islamabad,2026-07-06 04:00:00+00:00,158.0,68.9,94.8,166.0,9.4,13.0,630.0,32.4,61.0,943.2,10.4,9.0,6.0,7.0,0.0,0.0
islamabad,2026-07-06 05:00:00+00:00,157.0,67.8,91.7,181.0,6.4,13.0,593.0,33.8,55.0,943.1,10.7,10.0,6.0,7.0,0.0,-1.0
islamabad,2026-07-06 06:00:00+00:00,156.0,64.5,86.8,190.0,4.3,12.7,556.0,34.0,53.0,943.7,12.2,11.0,6.0,7.0,0.0,-1.0
islamabad,2026-07-06 07:00:00+00:00,154.0,60.5,82.2,189.0,3.4,11.7,519.0,34.3,52.0,943.2,11.0,12.0,6.0,7.0,0.0,-2.0
islamabad,2026-07-06 08:00:00+00:00,150.0,55.3,75.2,182.0,3.3,10.3,481.0,34.7,50.0,942.8,7.0,13.0,6.0,7.0,0.0,-4.0
islamabad,2026-07-06 09:00:00+00:00,140.0,51.3,69.6,175.0,4.2,9.4,476.0,35.0,49.0,941.9,6.3,14.0,6.0,7.0,0.0,-10.0
islamabad,2026-07-06 10:00:00+00:00,144.0,53.0,72.4,173.0,4.9,9.2,497.0,34.8,49.0,941.5,6.4,15.0,6.0,7.0,0.0,4.0
islamabad,2026-07-06 11:00:00+00:00,137.0,50.3,68.5,171.0,6.4,9.5,551.0,34.9,49.0,941.1,4.7,16.0,6.0,7.0,0.0,-7.0
islamabad,2026-07-06 12:00:00+00:00,154.0,61.0,87.5,157.0,9.0,10.4,690.0,34.6,47.0,940.8,6.9,17.0,6.0,7.0,0.0,17.0
islamabad,2026-07-06 13:00:00+00:00,153.0,59.8,82.7,134.0,19.8,9.6,1017.0,33.6,50.0,941.0,6.0,18.0,6.0,7.0,0.0,-1.0
islamabad,2026-07-06 14:00:00+00:00,151.0,56.1,68.2,101.0,34.7,8.4,1430.0,32.6,54.0,941.1,7.4,19.0,6.0,7.0,0.0,-2.0
islamabad,2026-07-06 15:00:00+00:00,151.0,56.2,65.4,76.0,45.2,7.5,1675.0,31.6,59.0,941.2,7.5,20.0,6.0,7.0,0.0,0.0
islamabad,2026-07-06 16:00:00+00:00,152.0,56.8,65.4,66.0,47.1,7.1,1616.0,30.9,64.0,941.5,7.2,21.0,6.0,7.0,0.0,1.0
islamabad,2026-07-06 17:00:00+00:00,152.0,56.9,62.6,63.0,44.6,7.0,1390.0,30.2,67.0,941.8,6.6,22.0,6.0,7.0,0.0,0.0
islamabad,2026-07-06 18:00:00+00:00,148.0,54.4,61.0,59.0,42.4,6.8,1149.0,28.7,67.0,942.6,3.8,23.0,6.0,7.0,0.0,-4.0
islamabad,2026-07-06 19:00:00+00:00,149.0,55.1,62.4,48.0,43.0,6.2,921.0,28.0,71.0,942.3,1.1,0.0,7.0,7.0,1.0,1.0
islamabad,2026-07-06 20:00:00+00:00,152.0,56.6,65.0,36.0,43.8,5.6,680.0,27.6,76.0,942.3,2.2,1.0,7.0,7.0,1.0,3.0
islamabad,2026-07-06 21:00:00+00:00,151.0,56.2,63.3,34.0,41.5,5.1,497.0,27.5,77.0,942.4,2.7,2.0,7.0,7.0,1.0,-1.0
islamabad,2026-07-06 22:00:00+00:00,142.0,52.3,60.5,49.0,32.8,4.8,395.0,27.2,76.0,942.2,4.0,3.0,7.0,7.0,1.0,-9.0
islamabad,2026-07-06 23:00:00+00:00,81.0,26.3,31.2,74.0,21.1,4.8,351.0,26.9,77.0,942.4,2.7,4.0,7.0,7.0,1.0,-61.0
islamabad,2026-07-07 00:00:00+00:00,154.0,62.2,69.8,13.0,56.1,7.1,375.0,28.1,68.0,942.9,6.4,5.0,7.0,7.0,1.0,73.0
islamabad,2026-07-07 01:00:00+00:00,154.0,61.2,68.2,39.0,48.3,8.1,519.0,27.1,73.0,942.8,2.0,6.0,7.0,7.0,1.0,0.0
islamabad,2026-07-07 02:00:00+00:00,154.0,60.8,67.8,75.0,37.2,9.6,729.0,27.6,67.0,943.5,5.8,7.0,7.0,7.0,1.0,0.0
islamabad,2026-07-07 03:00:00+00:00,147.0,54.1,70.1,112.0,27.1,12.0,859.0,28.2,61.0,943.8,5.8,8.0,7.0,7.0,1.0,-7.0
islamabad,2026-07-07 04:00:00+00:00,153.0,59.6,80.1,148.0,19.1,16.3,829.0,30.1,57.0,943.7,2.3,9.0,7.0,7.0,1.0,6.0
islamabad,2026-07-07 05:00:00+00:00,155.0,64.0,86.4,185.0,12.0,21.4,717.0,31.4,54.0,943.2,0.2,10.0,7.0,7.0,1.0,2.0
islamabad,2026-07-07 06:00:00+00:00,157.0,67.1,90.3,210.0,7.0,24.2,611.0,32.4,52.0,943.0,4.6,11.0,7.0,7.0,1.0,2.0
islamabad,2026-07-07 07:00:00+00:00,158.0,68.9,95.0,218.0,4.6,22.5,529.0,34.4,46.0,942.5,8.2,12.0,7.0,7.0,1.0,1.0
islamabad,2026-07-07 08:00:00+00:00,157.0,66.4,92.9,216.0,4.3,18.4,451.0,35.1,43.0,941.3,8.5,13.0,7.0,7.0,1.0,-1.0
islamabad,2026-07-07 09:00:00+00:00,156.0,64.3,92.2,210.0,4.8,15.0,409.0,35.6,40.0,940.6,10.9,14.0,7.0,7.0,1.0,-1.0
islamabad,2026-07-07 10:00:00+00:00,155.0,62.4,90.8,207.0,1.9,13.4,382.0,35.7,38.0,940.0,11.8,15.0,7.0,7.0,1.0,-1.0
islamabad,2026-07-07 11:00:00+00:00,153.0,60.3,89.4,200.0,0.0,12.5,390.0,35.5,39.0,939.6,11.0,16.0,7.0,7.0,1.0,-2.0
islamabad,2026-07-07 12:00:00+00:00,104.0,36.7,55.3,167.0,9.3,10.5,520.0,35.4,39.0,938.9,7.6,17.0,7.0,7.0,1.0,-49.0
islamabad,2026-07-07 13:00:00+00:00,108.0,38.5,53.2,126.0,35.0,11.0,893.0,34.6,44.0,938.7,4.2,18.0,7.0,7.0,1.0,4.0
islamabad,2026-07-07 14:00:00+00:00,123.0,44.6,58.7,70.0,70.4,11.7,1388.0,32.4,59.0,938.7,2.3,19.0,7.0,7.0,1.0,15.0
islamabad,2026-07-07 15:00:00+00:00,139.0,50.8,66.1,28.0,96.3,12.2,1731.0,30.9,65.0,939.1,4.5,20.0,7.0,7.0,1.0,16.0
islamabad,2026-07-07 16:00:00+00:00,153.0,58.8,75.2,11.0,105.7,12.4,1808.0,29.8,70.0,939.7,3.8,21.0,7.0,7.0,1.0,14.0
islamabad,2026-07-07 17:00:00+00:00,155.0,63.3,77.5,7.0,105.5,12.5,1732.0,29.1,72.0,940.1,2.9,22.0,7.0,7.0,1.0,2.0
islamabad,2026-07-07 18:00:00+00:00,154.0,61.5,73.3,12.0,98.0,12.3,1570.0,30.0,62.0,940.3,4.8,23.0,7.0,7.0,1.0,-1.0
islamabad,2026-07-07 19:00:00+00:00,152.0,58.3,70.1,29.0,79.3,11.6,1280.0,29.1,61.0,940.2,5.1,0.0,8.0,7.0,2.0,-2.0
islamabad,2026-07-07 20:00:00+00:00,146.0,53.8,65.7,55.0,53.2,10.6,903.0,28.4,62.0,940.6,6.8,1.0,8.0,7.0,2.0,-6.0
islamabad,2026-07-07 21:00:00+00:00,137.0,50.1,61.2,74.0,33.1,9.8,627.0,27.9,66.0,940.8,6.6,2.0,8.0,7.0,2.0,-9.0
islamabad,2026-07-07 22:00:00+00:00,130.0,47.3,57.2,76.0,25.0,9.0,541.0,27.6,68.0,940.7,6.5,3.0,8.0,7.0,2.0,-7.0
islamabad,2026-07-07 23:00:00+00:00,124.0,44.9,53.9,72.0,22.9,8.4,555.0,27.4,71.0,940.9,4.6,4.0,8.0,7.0,2.0,-6.0
islamabad,2026-07-08 00:00:00+00:00,143.0,52.5,63.1,65.0,23.2,7.7,592.0,27.2,73.0,939.9,5.1,5.0,8.0,7.0,2.0,19.0
islamabad,2026-07-08 01:00:00+00:00,139.0,50.8,60.8,86.0,22.5,8.8,644.0,28.1,68.0,940.7,2.3,6.0,8.0,7.0,2.0,-4.0
islamabad,2026-07-08 02:00:00+00:00,137.0,50.3,60.3,115.0,21.3,10.4,719.0,29.9,60.0,941.4,3.2,7.0,8.0,7.0,2.0,-2.0
islamabad,2026-07-08 03:00:00+00:00,149.0,54.9,71.2,144.0,19.1,12.2,760.0,31.8,53.0,941.8,9.0,8.0,8.0,7.0,2.0,12.0
islamabad,2026-07-08 04:00:00+00:00,155.0,63.3,82.4,172.0,14.9,14.5,740.0,32.4,54.0,941.5,6.5,9.0,8.0,7.0,2.0,6.0
islamabad,2026-07-08 05:00:00+00:00,158.0,68.2,88.5,199.0,9.7,16.9,687.0,34.9,46.0,941.7,2.5,10.0,8.0,7.0,2.0,3.0
islamabad,2026-07-08 06:00:00+00:00,160.0,72.4,95.2,217.0,5.8,18.1,625.0,34.5,40.0,942.2,9.9,11.0,8.0,7.0,2.0,2.0
islamabad,2026-07-08 07:00:00+00:00,157.0,66.8,87.3,222.0,4.3,17.0,550.0,34.5,43.0,942.1,10.2,12.0,8.0,7.0,2.0,-3.0
islamabad,2026-07-08 08:00:00+00:00,153.0,60.3,78.7,219.0,4.2,14.6,466.0,35.1,44.0,941.5,6.9,13.0,8.0,7.0,2.0,-4.0
islamabad,2026-07-08 09:00:00+00:00,151.0,55.8,72.9,212.0,4.8,12.6,412.0,36.1,41.0,940.8,4.7,14.0,8.0,7.0,2.0,-2.0
islamabad,2026-07-08 10:00:00+00:00,141.0,51.8,68.0,206.0,3.7,11.5,363.0,36.6,38.0,940.3,6.2,15.0,8.0,7.0,2.0,-10.0
islamabad,2026-07-08 11:00:00+00:00,134.0,49.0,64.5,197.0,3.3,10.8,344.0,36.6,35.0,939.9,4.4,16.0,8.0,7.0,2.0,-7.0
islamabad,2026-07-08 12:00:00+00:00,161.0,75.2,91.7,194.0,11.5,13.4,467.0,34.0,42.0,939.6,11.2,17.0,8.0,7.0,2.0,27.0
islamabad,2026-07-08 13:00:00+00:00,160.0,73.6,88.0,169.0,20.4,12.4,902.0,32.6,50.0,940.0,7.4,18.0,8.0,7.0,2.0,-1.0
islamabad,2026-07-08 14:00:00+00:00,162.0,77.5,86.4,135.0,32.8,10.9,1480.0,30.8,58.0,940.2,9.1,19.0,8.0,7.0,2.0,2.0
islamabad,2026-07-08 15:00:00+00:00,160.0,73.8,82.4,107.0,41.8,9.7,1801.0,28.5,69.0,940.7,10.1,20.0,8.0,7.0,2.0,-2.0
islamabad,2026-07-08 16:00:00+00:00,159.0,70.3,76.4,92.0,44.4,9.2,1618.0,27.6,74.0,941.3,6.3,21.0,8.0,7.0,2.0,-1.0
islamabad,2026-07-08 17:00:00+00:00,157.0,67.5,74.0,82.0,43.8,8.9,1178.0,27.1,78.0,941.6,3.5,22.0,8.0,7.0,2.0,-2.0
islamabad,2026-07-08 18:00:00+00:00,158.0,69.6,76.4,73.0,42.6,8.1,828.0,26.4,76.0,942.1,6.3,23.0,8.0,7.0,2.0,1.0
islamabad,2026-07-08 19:00:00+00:00,159.0,70.1,76.1,60.0,41.8,6.1,712.0,25.5,80.0,941.8,2.4,0.0,9.0,7.0,3.0,1.0
islamabad,2026-07-08 20:00:00+00:00,162.0,76.1,81.5,48.0,40.6,3.6,685.0,25.2,82.0,941.6,1.1,1.0,9.0,7.0,3.0,3.0
islamabad,2026-07-08 21:00:00+00:00,164.0,79.9,85.4,38.0,38.9,1.7,662.0,25.0,84.0,941.6,2.3,2.0,9.0,7.0,3.0,2.0
islamabad,2026-07-08 22:00:00+00:00,164.0,80.1,85.7,29.0,36.8,0.3,598.0,24.8,86.0,941.3,2.3,3.0,9.0,7.0,3.0,0.0
islamabad,2026-07-08 23:00:00+00:00,163.0,78.9,84.3,24.0,34.2,0.0,538.0,24.9,83.0,941.3,3.2,4.0,9.0,7.0,3.0,-1.0
islamabad,2026-07-09 00:00:00+00:00,168.0,87.8,94.1,9.0,55.6,3.0,530.0,25.0,83.0,941.2,1.0,5.0,9.0,7.0,3.0,5.0
islamabad,2026-07-09 01:00:00+00:00,167.0,86.6,91.5,39.0,49.0,6.4,631.0,25.0,86.0,941.2,1.6,6.0,9.0,7.0,3.0,-1.0
islamabad,2026-07-09 02:00:00+00:00,165.0,83.4,87.1,82.0,39.5,11.2,783.0,26.8,73.0,941.7,1.2,7.0,9.0,7.0,3.0,-2.0
islamabad,2026-07-09 03:00:00+00:00,154.0,62.2,72.6,124.0,30.4,15.4,861.0,28.5,66.0,941.9,4.1,8.0,9.0,7.0,3.0,-11.0
islamabad,2026-07-09 04:00:00+00:00,151.0,56.2,70.5,166.0,22.0,18.5,789.0,30.3,58.0,942.0,7.3,9.0,9.0,7.0,3.0,-3.0
islamabad,2026-07-09 05:00:00+00:00,153.0,59.6,75.9,208.0,13.8,21.0,643.0,31.9,50.0,941.8,8.4,10.0,9.0,7.0,3.0,2.0
islamabad,2026-07-09 06:00:00+00:00,154.0,62.2,78.7,235.0,7.9,21.9,525.0,32.3,47.0,942.4,6.9,11.0,9.0,7.0,3.0,1.0
islamabad,2026-07-09 07:00:00+00:00,154.0,61.9,79.6,239.0,5.2,20.0,471.0,33.4,44.0,942.3,6.9,12.0,9.0,7.0,3.0,0.0
islamabad,2026-07-09 08:00:00+00:00,153.0,59.4,78.5,229.0,4.7,16.6,444.0,34.3,42.0,941.8,7.7,13.0,9.0,7.0,3.0,-1.0
islamabad,2026-07-09 09:00:00+00:00,152.0,56.7,76.8,218.0,5.0,13.9,442.0,34.8,41.0,941.4,6.8,14.0,9.0,7.0,3.0,-1.0
islamabad,2026-07-09 10:00:00+00:00,149.0,55.1,76.1,213.0,4.2,13.0,427.0,35.2,41.0,941.1,5.9,15.0,9.0,7.0,3.0,-3.0
islamabad,2026-07-09 11:00:00+00:00,143.0,52.7,74.0,208.0,4.2,12.8,436.0,35.2,40.0,940.7,4.9,16.0,9.0,7.0,3.0,-6.0
islamabad,2026-07-09 12:00:00+00:00,125.0,45.2,63.3,184.0,9.2,12.0,574.0,35.1,41.0,940.4,7.3,17.0,9.0,7.0,3.0,-18.0
islamabad,2026-07-09 13:00:00+00:00,132.0,48.0,63.6,155.0,23.1,12.2,999.0,33.9,48.0,940.3,8.5,18.0,9.0,7.0,3.0,7.0
islamabad,2026-07-09 14:00:00+00:00,146.0,53.8,68.7,114.0,42.5,12.4,1552.0,31.9,58.0,940.4,4.7,19.0,9.0,7.0,3.0,14.0
islamabad,2026-07-09 15:00:00+00:00,152.0,58.2,72.2,79.0,58.3,12.5,1863.0,30.5,62.0,940.9,4.4,20.0,9.0,7.0,3.0,6.0
islamabad,2026-07-09 16:00:00+00:00,154.0,60.8,74.5,55.0,68.8,12.3,1708.0,29.7,65.0,941.7,3.9,21.0,9.0,7.0,3.0,2.0
islamabad,2026-07-09 17:00:00+00:00,155.0,63.6,75.9,38.0,75.7,11.9,1311.0,28.9,66.0,942.4,5.7,22.0,9.0,7.0,3.0,1.0
islamabad,2026-07-09 18:00:00+00:00,154.0,61.2,69.6,33.0,75.0,11.2,970.0,29.1,66.0,942.1,6.6,23.0,9.0,7.0,3.0,-1.0
islamabad,2026-07-09 19:00:00+00:00,147.0,54.1,59.8,50.0,60.9,9.9,795.0,28.5,64.0,942.3,9.5,0.0,10.0,7.0,4.0,-7.0
islamabad,2026-07-09 20:00:00+00:00,122.0,44.0,48.3,79.0,39.2,8.2,677.0,28.0,64.0,942.8,14.1,1.0,10.0,7.0,4.0,-25.0
islamabad,2026-07-09 21:00:00+00:00,97.0,34.2,36.9,100.0,22.7,6.9,585.0,25.9,72.0,942.7,11.5,2.0,10.0,7.0,4.0,-25.0
islamabad,2026-07-09 22:00:00+00:00,88.0,29.8,32.6,99.0,16.9,5.9,496.0,26.2,72.0,942.3,8.8,3.0,10.0,7.0,4.0,-9.0
islamabad,2026-07-09 23:00:00+00:00,82.0,26.8,29.8,90.0,16.3,5.2,433.0,26.4,72.0,942.5,7.9,4.0,10.0,7.0,4.0,-6.0
islamabad,2026-07-10 00:00:00+00:00,148.0,54.4,61.0,64.0,24.3,7.7,439.0,25.7,85.0,941.8,3.6,5.0,10.0,7.0,4.0,66.0
islamabad,2026-07-10 01:00:00+00:00,139.0,50.8,56.0,83.0,24.7,8.6,576.0,25.6,87.0,941.7,7.4,6.0,10.0,7.0,4.0,-9.0
islamabad,2026-07-10 02:00:00+00:00,137.0,50.2,55.8,109.0,25.1,9.9,782.0,26.6,84.0,942.0,5.7,7.0,10.0,7.0,4.0,-2.0
islamabad,2026-07-10 03:00:00+00:00,134.0,48.9,63.1,135.0,23.6,11.5,910.0,28.4,73.0,942.6,5.7,8.0,10.0,7.0,4.0,-3.0
islamabad,2026-07-10 04:00:00+00:00,154.0,61.0,87.1,160.0,18.4,13.9,881.0,30.2,65.0,942.9,6.2,9.0,10.0,7.0,4.0,20.0
islamabad,2026-07-10 05:00:00+00:00,157.0,66.6,99.9,185.0,11.4,16.7,774.0,31.8,60.0,942.8,6.5,10.0,10.0,7.0,4.0,3.0
islamabad,2026-07-10 06:00:00+00:00,154.0,61.5,97.3,202.0,6.1,18.0,677.0,32.9,57.0,942.6,4.9,11.0,10.0,7.0,4.0,-3.0
islamabad,2026-07-10 07:00:00+00:00,151.0,56.0,90.8,206.0,4.1,16.7,612.0,33.9,54.0,942.2,4.1,12.0,10.0,7.0,4.0,-3.0
islamabad,2026-07-10 08:00:00+00:00,143.0,52.4,85.7,201.0,3.9,14.0,556.0,34.6,52.0,941.5,4.7,13.0,10.0,7.0,4.0,-8.0
islamabad,2026-07-10 09:00:00+00:00,139.0,50.8,82.9,195.0,4.3,11.9,530.0,35.2,51.0,940.9,6.6,14.0,10.0,7.0,4.0,-4.0
islamabad,2026-07-10 10:00:00+00:00,133.0,48.5,79.4,190.0,4.4,11.1,540.0,35.1,50.0,940.6,8.0,15.0,10.0,7.0,4.0,-6.0
islamabad,2026-07-10 11:00:00+00:00,129.0,46.9,76.6,182.0,5.2,10.8,579.0,33.6,54.0,940.3,10.9,16.0,10.0,7.0,4.0,-4.0
islamabad,2026-07-10 12:00:00+00:00,116.0,41.7,67.8,176.0,7.6,12.1,654.0,35.7,42.0,939.5,8.4,17.0,10.0,7.0,4.0,-13.0
islamabad,2026-07-10 13:00:00+00:00,125.0,45.2,64.7,151.0,19.2,12.4,804.0,34.3,47.0,939.7,12.5,18.0,10.0,7.0,4.0,9.0
islamabad,2026-07-10 14:00:00+00:00,132.0,48.1,64.0,117.0,35.3,12.9,990.0,31.7,61.0,939.9,12.6,19.0,10.0,7.0,4.0,7.0
islamabad,2026-07-10 15:00:00+00:00,142.0,52.2,67.1,89.0,47.2,13.0,1094.0,30.5,67.0,940.3,8.7,20.0,10.0,7.0,4.0,10.0
islamabad,2026-07-10 16:00:00+00:00,148.0,54.4,67.3,74.0,51.8,12.7,1052.0,30.0,69.0,941.1,9.2,21.0,10.0,7.0,4.0,6.0
islamabad,2026-07-10 17:00:00+00:00,144.0,53.1,63.6,66.0,52.4,12.0,928.0,29.2,72.0,941.6,8.6,22.0,10.0,7.0,4.0,-4.0
islamabad,2026-07-10 18:00:00+00:00,139.0,51.0,58.7,64.0,49.5,11.0,801.0,28.9,73.0,941.3,11.8,23.0,10.0,7.0,4.0,-5.0
islamabad,2026-07-10 19:00:00+00:00,131.0,47.8,54.6,70.0,41.7,9.2,683.0,28.0,75.0,941.2,9.9,0.0,11.0,7.0,5.0,-8.0
islamabad,2026-07-10 20:00:00+00:00,123.0,44.6,51.1,82.0,30.6,7.0,561.0,27.7,75.0,941.1,9.4,1.0,11.0,7.0,5.0,-8.0
islamabad,2026-07-10 21:00:00+00:00,102.0,35.9,41.1,92.0,21.6,5.3,473.0,27.5,75.0,940.3,10.1,2.0,11.0,7.0,5.0,-21.0
islamabad,2026-07-10 22:00:00+00:00,92.0,31.4,37.3,96.0,16.9,4.3,425.0,26.1,80.0,940.4,12.5,3.0,11.0,7.0,5.0,-10.0
islamabad,2026-07-10 23:00:00+00:00,93.0,32.2,39.6,97.0,14.4,3.8,411.0,25.1,89.0,939.3,11.4,4.0,11.0,7.0,5.0,1.0
islamabad,2026-07-11 00:00:00+00:00,90.0,30.6,37.3,104.0,11.6,3.6,449.0,24.0,97.0,939.9,9.9,5.0,11.0,7.0,5.0,-3.0
islamabad,2026-07-11 01:00:00+00:00,64.0,18.3,22.6,109.0,13.6,4.2,588.0,24.2,97.0,940.1,9.6,6.0,11.0,7.0,5.0,-26.0
islamabad,2026-07-11 02:00:00+00:00,90.0,30.5,40.6,118.0,16.1,5.1,779.0,25.1,91.0,940.1,5.9,7.0,11.0,7.0,5.0,26.0
islamabad,2026-07-11 03:00:00+00:00,89.0,30.4,42.0,129.0,16.8,6.4,890.0,27.1,78.0,940.9,4.6,8.0,11.0,7.0,5.0,-1.0
islamabad,2026-07-11 04:00:00+00:00,89.0,30.3,44.1,146.0,13.8,8.7,846.0,28.5,72.0,941.3,6.4,9.0,11.0,7.0,5.0,0.0
islamabad,2026-07-11 05:00:00+00:00,95.0,33.2,52.0,167.0,9.0,11.4,723.0,29.9,68.0,941.2,7.8,10.0,11.0,7.0,5.0,6.0
islamabad,2026-07-11 06:00:00+00:00,104.0,36.6,59.8,183.0,5.4,13.3,617.0,30.2,66.0,941.6,9.0,11.0,11.0,7.0,5.0,9.0
islamabad,2026-07-11 07:00:00+00:00,106.0,37.7,59.8,194.0,4.2,13.8,557.0,30.5,66.0,941.4,10.1,12.0,11.0,7.0,5.0,2.0
islamabad,2026-07-11 08:00:00+00:00,108.0,38.2,58.7,200.0,4.1,13.5,514.0,30.5,67.0,940.9,8.0,13.0,11.0,7.0,5.0,2.0
islamabad,2026-07-11 09:00:00+00:00,108.0,38.3,57.6,202.0,4.7,13.2,496.0,32.2,61.0,940.0,8.5,14.0,11.0,7.0,5.0,0.0
islamabad,2026-07-11 10:00:00+00:00,114.0,40.6,60.1,200.0,4.3,13.1,516.0,30.8,66.0,939.9,11.4,15.0,11.0,7.0,5.0,6.0
islamabad,2026-07-11 11:00:00+00:00,107.0,38.1,56.9,194.0,4.6,12.9,561.0,30.9,67.0,939.4,11.2,16.0,11.0,7.0,5.0,-7.0
islamabad,2026-07-11 12:00:00+00:00,100.0,35.3,50.4,154.0,9.1,8.1,605.0,31.3,59.0,939.3,11.1,17.0,11.0,7.0,5.0,-7.0
islamabad,2026-07-11 13:00:00+00:00,104.0,36.6,50.8,134.0,17.5,7.7,640.0,30.1,66.0,939.2,10.4,18.0,11.0,7.0,5.0,4.0
islamabad,2026-07-11 14:00:00+00:00,107.0,38.1,48.2,108.0,29.0,7.1,674.0,28.8,74.0,939.5,10.8,19.0,11.0,7.0,5.0,3.0
islamabad,2026-07-11 15:00:00+00:00,102.0,35.9,43.5,87.0,36.8,6.5,699.0,28.0,78.0,940.1,8.0,20.0,11.0,7.0,5.0,-5.0
islamabad,2026-07-11 16:00:00+00:00,98.0,34.6,41.3,79.0,37.7,5.8,720.0,27.7,78.0,940.8,5.8,21.0,11.0,7.0,5.0,-4.0
islamabad,2026-07-11 17:00:00+00:00,94.0,32.6,37.3,78.0,35.0,5.1,733.0,27.4,79.0,940.9,5.3,22.0,11.0,7.0,5.0,-4.0
islamabad,2026-07-11 18:00:00+00:00,83.0,27.4,30.0,78.0,31.7,4.4,718.0,26.3,83.0,940.2,8.0,23.0,11.0,7.0,5.0,-11.0
islamabad,2026-07-11 19:00:00+00:00,75.0,23.6,25.4,77.0,28.7,3.8,653.0,22.2,94.0,940.9,12.5,0.0,12.0,7.0,6.0,-8.0
islamabad,2026-07-11 20:00:00+00:00,69.0,20.8,21.9,78.0,25.1,3.3,560.0,22.5,94.0,939.9,8.9,1.0,12.0,7.0,6.0,-6.0
islamabad,2026-07-11 21:00:00+00:00,67.0,19.6,21.8,79.0,21.9,2.9,489.0,23.1,92.0,939.1,7.5,2.0,12.0,7.0,6.0,-2.0
islamabad,2026-07-11 22:00:00+00:00,66.0,19.0,23.2,80.0,19.1,2.7,454.0,23.3,90.0,938.0,9.7,3.0,12.0,7.0,6.0,-1.0
islamabad,2026-07-11 23:00:00+00:00,65.0,18.9,23.4,81.0,16.7,2.7,440.0,23.6,90.0,938.3,3.6,4.0,12.0,7.0,6.0,-1.0
islamabad,2026-07-12 00:00:00+00:00,97.0,34.1,34.1,27.0,41.9,4.2,453.0,24.1,96.0,937.5,1.6,5.0,12.0,7.0,6.0,32.0
islamabad,2026-07-12 01:00:00+00:00,96.0,33.6,33.9,41.0,37.9,4.6,519.0,23.9,98.0,937.8,6.0,6.0,12.0,7.0,6.0,-1.0
islamabad,2026-07-12 02:00:00+00:00,93.0,32.1,33.6,61.0,32.2,5.2,611.0,24.1,94.0,938.6,5.9,7.0,12.0,7.0,6.0,-3.0
islamabad,2026-07-12 03:00:00+00:00,88.0,29.9,37.6,84.0,26.2,6.5,655.0,25.1,86.0,939.4,1.3,8.0,12.0,7.0,6.0,-5.0
islamabad,2026-07-12 04:00:00+00:00,93.0,32.1,43.4,111.0,19.9,8.9,600.0,25.6,84.0,939.9,5.4,9.0,12.0,7.0,6.0,5.0
islamabad,2026-07-12 05:00:00+00:00,81.0,26.6,37.4,140.0,13.4,11.9,496.0,26.3,79.0,939.8,9.3,10.0,12.0,7.0,6.0,-12.0
islamabad,2026-07-12 06:00:00+00:00,86.0,28.7,40.0,164.0,8.4,14.2,421.0,26.1,79.0,940.1,5.0,11.0,12.0,7.0,6.0,5.0
islamabad,2026-07-12 07:00:00+00:00,91.0,31.0,44.2,182.0,5.8,15.3,405.0,28.8,69.0,940.4,7.8,12.0,12.0,7.0,6.0,5.0
islamabad,2026-07-12 08:00:00+00:00,95.0,32.9,47.3,195.0,4.8,15.7,417.0,27.8,72.0,940.6,7.7,13.0,12.0,7.0,6.0,4.0
islamabad,2026-07-12 09:00:00+00:00,100.0,35.2,50.5,202.0,4.5,15.5,439.0,29.0,67.0,940.5,5.0,14.0,12.0,7.0,6.0,5.0
islamabad,2026-07-12 10:00:00+00:00,104.0,36.6,52.3,203.0,2.2,14.5,410.0,30.1,62.0,940.8,5.2,15.0,12.0,7.0,6.0,4.0
islamabad,2026-07-12 11:00:00+00:00,101.0,35.5,50.6,199.0,0.5,12.9,392.0,30.0,62.0,940.7,5.9,16.0,12.0,7.0,6.0,-3.0
islamabad,2026-07-12 12:00:00+00:00,78.0,25.1,44.7,149.0,6.2,6.7,552.0,30.6,60.0,940.3,9.8,17.0,12.0,7.0,6.0,-23.0
islamabad,2026-07-12 13:00:00+00:00,85.0,28.2,44.9,125.0,17.5,6.8,1107.0,29.6,65.0,940.7,5.2,18.0,12.0,7.0,6.0,7.0
islamabad,2026-07-12 14:00:00+00:00,96.0,33.4,50.8,92.0,33.6,6.9,1840.0,28.7,72.0,940.6,3.3,19.0,12.0,7.0,6.0,11.0
islamabad,2026-07-12 15:00:00+00:00,118.0,42.3,64.5,63.0,48.7,7.3,2265.0,27.7,78.0,940.5,3.2,20.0,12.0,7.0,6.0,22.0
islamabad,2026-07-12 16:00:00+00:00,139.0,50.8,75.0,41.0,63.3,8.3,2107.0,27.7,79.0,941.3,1.5,21.0,12.0,7.0,6.0,21.0
islamabad,2026-07-12 17:00:00+00:00,152.0,56.6,80.1,24.0,77.0,9.6,1641.0,26.8,82.0,941.6,1.4,22.0,12.0,7.0,6.0,13.0
islamabad,2026-07-12 18:00:00+00:00,153.0,58.6,78.7,13.0,83.1,10.0,1208.0,27.6,81.0,941.5,2.1,23.0,12.0,7.0,6.0,1.0
islamabad,2026-07-12 19:00:00+00:00,138.0,50.4,61.9,13.0,76.2,8.9,906.0,26.8,83.0,941.3,1.3,0.0,13.0,7.0,0.0,-15.0
islamabad,2026-07-12 20:00:00+00:00,116.0,41.6,48.9,21.0,61.7,6.9,637.0,26.4,85.0,940.9,1.0,1.0,13.0,7.0,0.0,-22.0
islamabad,2026-07-12 21:00:00+00:00,104.0,36.6,40.7,28.0,48.6,5.4,448.0,26.3,86.0,940.6,0.8,2.0,13.0,7.0,0.0,-12.0
islamabad,2026-07-12 22:00:00+00:00,93.0,32.2,35.0,32.0,39.4,4.7,364.0,25.4,91.0,940.2,1.1,3.0,13.0,7.0,0.0,-11.0
islamabad,2026-07-12 23:00:00+00:00,85.0,28.2,30.2,37.0,31.6,4.4,359.0,25.2,90.0,939.7,4.2,4.0,13.0,7.0,0.0,-8.0
islamabad,2026-07-13 00:00:00+00:00,92.0,31.5,33.5,24.0,42.4,5.4,409.0,25.4,81.0,939.7,3.3,5.0,13.0,7.0,0.0,7.0
islamabad,2026-07-13 01:00:00+00:00,86.0,28.6,29.7,33.0,42.3,5.8,550.0,25.5,80.0,939.9,1.5,6.0,13.0,7.0,0.0,-6.0
islamabad,2026-07-13 02:00:00+00:00,85.0,28.3,29.4,47.0,41.6,6.4,745.0,27.1,75.0,940.2,2.6,7.0,13.0,7.0,0.0,-1.0
islamabad,2026-07-13 03:00:00+00:00,80.0,26.1,27.9,72.0,38.0,7.6,854.0,29.0,65.0,941.1,1.5,8.0,13.0,7.0,0.0,-5.0
islamabad,2026-07-13 04:00:00+00:00,76.0,23.9,29.5,117.0,28.5,10.0,790.0,30.5,59.0,941.2,1.6,9.0,13.0,7.0,0.0,-4.0
islamabad,2026-07-13 05:00:00+00:00,82.0,26.7,36.0,172.0,16.0,12.9,640.0,32.0,53.0,941.2,4.1,10.0,13.0,7.0,0.0,6.0
islamabad,2026-07-13 06:00:00+00:00,87.0,29.1,39.6,212.0,6.8,14.8,524.0,32.9,50.0,941.6,3.8,11.0,13.0,7.0,0.0,5.0
islamabad,2026-07-13 07:00:00+00:00,89.0,30.2,41.6,225.0,3.7,14.8,486.0,33.0,49.0,941.7,2.3,12.0,13.0,7.0,0.0,2.0
islamabad,2026-07-13 08:00:00+00:00,92.0,31.5,45.6,223.0,3.8,13.7,482.0,32.9,50.0,941.5,3.6,13.0,13.0,7.0,0.0,3.0
islamabad,2026-07-13 09:00:00+00:00,92.0,31.7,46.1,218.0,4.7,12.8,501.0,31.3,54.0,941.7,3.0,14.0,13.0,7.0,0.0,0.0
islamabad,2026-07-13 10:00:00+00:00,92.0,31.8,47.1,217.0,2.1,12.3,441.0,32.0,52.0,941.2,2.8,15.0,13.0,7.0,0.0,0.0
islamabad,2026-07-13 11:00:00+00:00,93.0,31.9,48.0,211.0,0.2,12.0,405.0,32.6,48.0,941.3,1.0,16.0,13.0,7.0,0.0,1.0
islamabad,2026-07-13 12:00:00+00:00,78.0,25.1,37.7,189.0,10.0,11.7,688.0,33.7,41.0,940.3,5.9,17.0,13.0,7.0,0.0,-15.0
islamabad,2026-07-13 13:00:00+00:00,94.0,32.5,44.2,155.0,26.1,11.1,1697.0,32.6,47.0,940.6,5.4,18.0,13.0,7.0,0.0,16.0
islamabad,2026-07-13 14:00:00+00:00,104.0,36.9,46.2,108.0,48.2,10.2,3026.0,30.9,61.0,940.7,2.5,19.0,13.0,7.0,0.0,10.0
islamabad,2026-07-13 15:00:00+00:00,102.0,36.1,43.8,70.0,64.5,9.4,3750.0,30.1,62.0,941.1,1.0,20.0,13.0,7.0,0.0,-2.0
islamabad,2026-07-13 16:00:00+00:00,106.0,37.5,44.2,51.0,70.1,8.8,3278.0,29.0,67.0,941.5,2.4,21.0,13.0,7.0,0.0,4.0
islamabad,2026-07-13 17:00:00+00:00,103.0,36.3,41.3,41.0,69.8,8.3,2202.0,28.2,68.0,941.7,1.6,22.0,13.0,7.0,0.0,-3.0
islamabad,2026-07-13 18:00:00+00:00,98.0,34.6,38.2,36.0,66.2,7.6,1376.0,28.4,70.0,941.5,2.8,23.0,13.0,7.0,0.0,-5.0
islamabad,2026-07-13 19:00:00+00:00,94.0,32.5,35.0,36.0,58.7,6.5,1182.0,27.4,75.0,941.5,3.5,0.0,14.0,7.0,1.0,-4.0
islamabad,2026-07-13 20:00:00+00:00,88.0,29.9,32.4,40.0,48.0,5.3,1239.0,27.2,73.0,941.4,3.7,1.0,14.0,7.0,1.0,-6.0
islamabad,2026-07-13 21:00:00+00:00,85.0,28.3,30.9,43.0,38.7,4.3,1256.0,26.7,73.0,941.4,3.1,2.0,14.0,7.0,1.0,-3.0
islamabad,2026-07-13 22:00:00+00:00,82.0,27.0,29.6,41.0,32.3,3.6,1092.0,25.8,75.0,941.3,4.5,3.0,14.0,7.0,1.0,-3.0
islamabad,2026-07-13 23:00:00+00:00,79.0,25.2,27.7,39.0,27.3,3.3,887.0,25.5,72.0,941.3,8.3,4.0,14.0,7.0,1.0,-3.0
islamabad,2026-07-14 00:00:00+00:00,82.0,27.0,32.4,55.0,25.0,3.9,776.0,25.4,78.0,941.8,1.6,5.0,14.0,7.0,1.0,3.0
islamabad,2026-07-14 01:00:00+00:00,80.0,25.8,31.1,68.0,24.7,4.6,861.0,22.3,95.0,942.5,5.7,6.0,14.0,7.0,1.0,-2.0
islamabad,2026-07-14 02:00:00+00:00,82.0,26.8,33.3,88.0,24.0,5.7,1039.0,23.5,91.0,942.7,5.5,7.0,14.0,7.0,1.0,2.0
islamabad,2026-07-14 03:00:00+00:00,85.0,28.1,40.2,112.0,21.9,7.2,1133.0,26.1,79.0,943.0,4.5,8.0,14.0,7.0,1.0,3.0
islamabad,2026-07-14 04:00:00+00:00,83.0,27.5,41.0,143.0,17.1,9.8,1051.0,28.8,64.0,943.2,3.9,9.0,14.0,7.0,1.0,-2.0
islamabad,2026-07-14 05:00:00+00:00,81.0,26.3,39.1,178.0,10.8,12.9,886.0,30.6,57.0,943.4,3.5,10.0,14.0,7.0,1.0,-2.0
islamabad,2026-07-14 06:00:00+00:00,80.0,25.9,37.8,204.0,6.2,14.8,735.0,31.7,53.0,943.9,3.5,11.0,14.0,7.0,1.0,-1.0
islamabad,2026-07-14 07:00:00+00:00,80.0,26.0,37.5,215.0,4.5,14.5,616.0,33.0,49.0,943.6,3.9,12.0,14.0,7.0,1.0,0.0
islamabad,2026-07-14 08:00:00+00:00,81.0,26.4,38.0,217.0,4.4,13.0,512.0,33.5,48.0,943.1,4.3,13.0,14.0,7.0,1.0,1.0
islamabad,2026-07-14 09:00:00+00:00,81.0,26.5,37.8,216.0,4.8,11.7,471.0,34.0,47.0,942.9,6.7,14.0,14.0,7.0,1.0,0.0
islamabad,2026-07-14 10:00:00+00:00,82.0,26.8,38.5,217.0,1.6,11.2,519.0,33.4,49.0,942.6,5.7,15.0,14.0,7.0,1.0,1.0
islamabad,2026-07-14 11:00:00+00:00,81.0,26.5,38.9,214.0,0.0,10.9,631.0,32.5,53.0,942.5,5.3,16.0,14.0,7.0,1.0,-1.0
islamabad,2026-07-14 12:00:00+00:00,70.0,21.0,30.6,189.0,8.2,11.0,770.0,34.0,40.0,942.2,5.4,17.0,14.0,7.0,1.0,-11.0
islamabad,2026-07-14 13:00:00+00:00,76.0,24.0,33.4,148.0,31.8,11.2,973.0,32.8,45.0,942.4,6.8,18.0,14.0,7.0,1.0,6.0
islamabad,2026-07-14 14:00:00+00:00,98.0,34.6,41.1,90.0,64.4,11.6,1204.0,30.0,60.0,942.7,11.8,19.0,14.0,7.0,1.0,22.0
islamabad,2026-07-14 15:00:00+00:00,115.0,41.0,48.2,45.0,89.2,11.6,1325.0,28.6,68.0,943.1,4.0,20.0,14.0,7.0,1.0,17.0
islamabad,2026-07-14 16:00:00+00:00,134.0,48.8,57.2,22.0,99.9,11.3,1252.0,27.9,73.0,943.7,7.8,21.0,14.0,7.0,1.0,19.0
islamabad,2026-07-14 17:00:00+00:00,152.0,57.0,65.4,11.0,102.7,10.7,1068.0,27.8,73.0,943.8,6.7,22.0,14.0,7.0,1.0,18.0
islamabad,2026-07-14 18:00:00+00:00,152.0,56.7,61.9,7.0,99.4,9.8,890.0,27.8,72.0,943.9,8.9,23.0,14.0,7.0,1.0,0.0
islamabad,2026-07-14 19:00:00+00:00,139.0,50.8,54.2,11.0,87.7,8.2,744.0,26.9,75.0,943.6,5.2,0.0,15.0,7.0,2.0,-13.0
islamabad,2026-07-14 20:00:00+00:00,125.0,45.3,47.8,21.0,69.8,6.3,602.0,26.5,78.0,943.9,3.0,1.0,15.0,7.0,2.0,-14.0
islamabad,2026-07-14 21:00:00+00:00,115.0,41.2,43.5,30.0,54.0,4.7,499.0,26.2,78.0,943.6,2.7,2.0,15.0,7.0,2.0,-10.0
islamabad,2026-07-14 22:00:00+00:00,106.0,37.5,39.7,33.0,42.8,3.6,443.0,25.8,80.0,943.2,4.2,3.0,15.0,7.0,2.0,-9.0
islamabad,2026-07-14 23:00:00+00:00,97.0,34.0,36.0,34.0,33.7,2.9,425.0,25.5,81.0,943.1,3.6,4.0,15.0,7.0,2.0,-9.0
islamabad,2026-07-15 00:00:00+00:00,108.0,38.4,41.2,37.0,34.1,3.5,455.0,25.9,79.0,943.4,2.7,5.0,15.0,7.0,2.0,11.0
islamabad,2026-07-15 01:00:00+00:00,102.0,36.0,38.5,63.0,32.1,4.6,575.0,26.1,76.0,943.6,3.5,6.0,15.0,7.0,2.0,-6.0
islamabad,2026-07-15 02:00:00+00:00,96.0,33.6,36.4,99.0,29.1,6.3,742.0,27.3,70.0,944.0,3.5,7.0,15.0,7.0,2.0,-6.0
islamabad,2026-07-15 03:00:00+00:00,84.0,27.8,36.2,134.0,25.0,8.8,842.0,29.2,62.0,944.8,3.0,8.0,15.0,7.0,2.0,-12.0
islamabad,2026-07-15 04:00:00+00:00,87.0,29.4,42.0,165.0,18.9,13.0,805.0,30.9,54.0,945.0,4.1,9.0,15.0,7.0,2.0,3.0
islamabad,2026-07-15 05:00:00+00:00,93.0,32.2,46.3,193.0,11.8,17.9,700.0,32.3,50.0,945.3,6.6,10.0,15.0,7.0,2.0,6.0
islamabad,2026-07-15 06:00:00+00:00,99.0,34.9,50.8,213.0,6.5,20.8,616.0,32.9,48.0,945.7,4.2,11.0,15.0,7.0,2.0,6.0
islamabad,2026-07-15 07:00:00+00:00,103.0,36.2,53.0,220.0,4.4,19.8,578.0,33.5,48.0,945.4,5.8,12.0,15.0,7.0,2.0,4.0
islamabad,2026-07-15 08:00:00+00:00,102.0,36.1,53.0,219.0,4.2,16.7,560.0,33.9,47.0,944.9,7.0,13.0,15.0,7.0,2.0,-1.0
islamabad,2026-07-15 09:00:00+00:00,103.0,36.4,54.2,215.0,4.9,14.2,574.0,34.2,47.0,944.8,6.6,14.0,15.0,7.0,2.0,1.0
islamabad,2026-07-15 10:00:00+00:00,100.0,35.3,53.4,212.0,4.7,13.4,608.0,34.0,48.0,944.2,6.1,15.0,15.0,7.0,2.0,-3.0
islamabad,2026-07-15 11:00:00+00:00,101.0,35.6,55.1,206.0,5.3,13.3,673.0,32.6,56.0,944.0,8.0,16.0,15.0,7.0,2.0,1.0
islamabad,2026-07-15 12:00:00+00:00,98.0,34.5,47.7,182.0,11.8,10.7,819.0,33.5,46.0,944.2,10.5,17.0,15.0,7.0,2.0,-3.0
islamabad,2026-07-15 13:00:00+00:00,109.0,38.6,46.0,148.0,29.4,10.5,1132.0,29.8,62.0,944.3,9.0,18.0,15.0,7.0,2.0,11.0
islamabad,2026-07-15 14:00:00+00:00,116.0,41.4,46.8,101.0,53.7,10.2,1526.0,28.5,69.0,944.5,6.3,19.0,15.0,7.0,2.0,7.0
islamabad,2026-07-15 15:00:00+00:00,125.0,45.3,50.1,63.0,71.9,9.7,1788.0,28.2,74.0,944.7,3.8,20.0,15.0,7.0,2.0,9.0
islamabad,2026-07-15 16:00:00+00:00,129.0,47.0,51.0,42.0,79.1,8.9,1826.0,28.1,74.0,945.1,5.7,21.0,15.0,7.0,2.0,4.0
islamabad,2026-07-15 17:00:00+00:00,136.0,49.6,52.4,30.0,80.2,8.0,1731.0,27.8,74.0,945.3,4.1,22.0,15.0,7.0,2.0,7.0
islamabad,2026-07-15 18:00:00+00:00,141.0,51.9,54.0,24.0,77.5,7.0,1568.0,28.0,73.0,945.1,4.9,23.0,15.0,7.0,2.0,5.0
islamabad,2026-07-15 19:00:00+00:00,140.0,51.5,53.0,23.0,70.3,5.8,1307.0,27.5,73.0,945.2,4.7,0.0,16.0,7.0,3.0,-1.0
islamabad,2026-07-15 20:00:00+00:00,135.0,49.5,50.9,27.0,59.4,4.6,978.0,27.2,73.0,945.1,3.9,1.0,16.0,7.0,3.0,-5.0
islamabad,2026-07-15 21:00:00+00:00,129.0,47.0,48.9,33.0,48.9,3.7,729.0,26.8,74.0,945.1,3.7,2.0,16.0,7.0,3.0,-6.0
islamabad,2026-07-15 22:00:00+00:00,123.0,44.5,46.6,38.0,39.5,3.3,618.0,26.4,74.0,944.9,4.0,3.0,16.0,7.0,3.0,-6.0
islamabad,2026-07-15 23:00:00+00:00,117.0,41.8,43.9,43.0,30.6,3.3,587.0,26.2,74.0,944.9,3.5,4.0,16.0,7.0,3.0,-6.0
islamabad,2026-07-16 00:00:00+00:00,128.0,46.4,48.8,34.0,35.4,3.6,611.0,26.9,73.0,945.2,2.2,5.0,16.0,7.0,3.0,11.0
islamabad,2026-07-16 01:00:00+00:00,127.0,45.9,48.9,62.0,33.4,5.3,734.0,27.0,72.0,945.4,3.9,6.0,16.0,7.0,3.0,-1.0
islamabad,2026-07-16 02:00:00+00:00,123.0,44.6,47.8,102.0,30.5,7.8,913.0,28.3,69.0,945.7,3.5,7.0,16.0,7.0,3.0,-4.0
islamabad,2026-07-16 03:00:00+00:00,100.0,35.4,43.1,139.0,26.3,10.6,993.0,30.2,59.0,946.0,2.7,8.0,16.0,7.0,3.0,-23.0
islamabad,2026-07-16 04:00:00+00:00,108.0,38.2,51.3,170.0,19.9,14.4,873.0,31.8,55.0,945.9,2.2,9.0,16.0,7.0,3.0,8.0
islamabad,2026-07-16 05:00:00+00:00,116.0,41.7,60.5,199.0,12.3,18.5,653.0,33.3,51.0,945.9,5.0,10.0,16.0,7.0,3.0,8.0
islamabad,2026-07-16 06:00:00+00:00,124.0,44.9,70.8,216.0,6.6,20.4,481.0,34.2,48.0,946.2,7.5,11.0,16.0,7.0,3.0,8.0
islamabad,2026-07-16 07:00:00+00:00,125.0,45.4,74.5,217.0,4.4,18.4,406.0,35.0,45.0,945.7,8.0,12.0,16.0,7.0,3.0,1.0
islamabad,2026-07-16 08:00:00+00:00,122.0,44.2,73.8,206.0,4.1,14.3,379.0,35.8,43.0,945.3,6.7,13.0,16.0,7.0,3.0,-3.0
islamabad,2026-07-16 09:00:00+00:00,118.0,42.3,71.5,195.0,4.4,11.0,402.0,35.9,43.0,944.8,6.7,14.0,16.0,7.0,3.0,-4.0
islamabad,2026-07-16 10:00:00+00:00,114.0,40.9,69.8,190.0,1.6,9.6,450.0,35.8,43.0,944.3,5.6,15.0,16.0,7.0,3.0,-4.0
islamabad,2026-07-16 11:00:00+00:00,111.0,39.6,69.2,184.0,0.0,9.1,548.0,35.7,42.0,944.0,7.1,16.0,16.0,7.0,3.0,-3.0
islamabad,2026-07-16 12:00:00+00:00,104.0,36.9,67.1,166.0,7.4,9.4,773.0,35.8,42.0,943.5,7.7,17.0,16.0,7.0,3.0,-7.0
islamabad,2026-07-16 13:00:00+00:00,113.0,40.4,66.6,123.0,37.4,10.3,1269.0,34.6,45.0,943.3,8.6,18.0,16.0,7.0,3.0,9.0
islamabad,2026-07-16 14:00:00+00:00,133.0,48.4,71.9,63.0,78.4,11.6,1891.0,33.1,51.0,943.1,6.8,19.0,16.0,7.0,3.0,20.0
islamabad,2026-07-16 15:00:00+00:00,153.0,59.4,83.4,19.0,107.2,12.4,2284.0,31.9,56.0,943.0,4.2,20.0,16.0,7.0,3.0,20.0
islamabad,2026-07-16 16:00:00+00:00,154.0,61.7,84.5,5.0,113.3,12.4,2268.0,31.6,57.0,943.2,3.1,21.0,16.0,7.0,3.0,1.0
islamabad,2026-07-16 17:00:00+00:00,155.0,63.3,84.5,6.0,107.1,12.0,2022.0,31.4,59.0,943.6,0.8,22.0,16.0,7.0,3.0,1.0
islamabad,2026-07-16 18:00:00+00:00,155.0,63.3,80.6,13.0,96.4,11.3,1729.0,30.9,64.0,943.1,0.9,23.0,16.0,7.0,3.0,0.0
islamabad,2026-07-16 19:00:00+00:00,153.0,59.1,73.1,25.0,81.2,10.3,1408.0,29.9,68.0,942.9,3.6,0.0,17.0,7.0,4.0,-2.0
islamabad,2026-07-16 20:00:00+00:00,150.0,55.4,68.2,42.0,61.6,9.1,1041.0,29.2,69.0,942.6,5.8,1.0,17.0,7.0,4.0,-3.0
islamabad,2026-07-16 21:00:00+00:00,143.0,52.5,64.7,57.0,45.3,8.2,749.0,28.8,71.0,942.5,3.7,2.0,17.0,7.0,4.0,-7.0
islamabad,2026-07-16 22:00:00+00:00,135.0,49.4,61.5,64.0,35.6,7.7,579.0,28.7,70.0,942.7,5.7,3.0,17.0,7.0,4.0,-8.0
islamabad,2026-07-16 23:00:00+00:00,128.0,46.6,58.7,69.0,29.4,7.5,484.0,28.4,71.0,942.7,7.6,4.0,17.0,7.0,4.0,-7.0
islamabad,2026-07-17 00:00:00+00:00,134.0,48.8,61.7,70.0,29.1,7.7,453.0,28.8,70.0,943.1,7.5,5.0,17.0,7.0,4.0,6.0
islamabad,2026-07-17 01:00:00+00:00,129.0,47.0,60.1,90.0,25.5,9.1,518.0,28.7,70.0,943.6,7.1,6.0,17.0,7.0,4.0,-5.0
islamabad,2026-07-17 02:00:00+00:00,123.0,44.4,62.2,118.0,20.3,11.1,647.0,30.2,66.0,944.4,7.5,7.0,17.0,7.0,4.0,-6.0
islamabad,2026-07-17 03:00:00+00:00,129.0,46.8,80.8,142.0,15.6,12.8,723.0,31.4,64.0,944.8,8.9,8.0,17.0,7.0,4.0,6.0
islamabad,2026-07-17 04:00:00+00:00,139.0,50.9,92.7,159.0,11.7,14.0,685.0,32.6,60.0,945.0,9.6,9.0,17.0,7.0,4.0,10.0
islamabad,2026-07-17 05:00:00+00:00,141.0,51.7,95.9,172.0,8.1,14.9,595.0,33.7,56.0,945.1,8.6,10.0,17.0,7.0,4.0,2.0
islamabad,2026-07-17 06:00:00+00:00,140.0,51.3,98.5,181.0,5.5,15.2,523.0,34.3,52.0,945.4,7.5,11.0,17.0,7.0,4.0,-1.0
islamabad,2026-07-17 07:00:00+00:00,131.0,47.7,91.0,187.0,4.2,14.4,491.0,34.6,52.0,945.2,6.1,12.0,17.0,7.0,4.0,-9.0
islamabad,2026-07-17 08:00:00+00:00,123.0,44.6,83.6,189.0,3.9,12.9,477.0,35.3,49.0,944.8,5.3,13.0,17.0,7.0,4.0,-8.0
islamabad,2026-07-17 09:00:00+00:00,117.0,42.0,77.3,188.0,4.3,11.7,482.0,35.5,47.0,944.0,5.0,14.0,17.0,7.0,4.0,-6.0
islamabad,2026-07-17 10:00:00+00:00,114.0,40.6,73.1,186.0,4.2,11.2,500.0,35.8,45.0,943.6,3.4,15.0,17.0,7.0,4.0,-3.0
islamabad,2026-07-17 11:00:00+00:00,112.0,39.9,71.2,182.0,4.9,11.1,537.0,35.7,45.0,943.0,3.8,16.0,17.0,7.0,4.0,-2.0
islamabad,2026-07-17 12:00:00+00:00,128.0,46.4,86.4,165.0,9.4,10.9,619.0,36.6,41.0,942.2,5.4,17.0,17.0,7.0,4.0,16.0
islamabad,2026-07-17 13:00:00+00:00,130.0,47.4,76.1,139.0,22.5,11.0,800.0,35.5,43.0,942.2,8.1,18.0,17.0,7.0,4.0,2.0
islamabad,2026-07-17 14:00:00+00:00,137.0,50.2,75.4,102.0,40.6,11.1,1026.0,33.4,55.0,942.3,11.4,19.0,17.0,7.0,4.0,7.0
islamabad,2026-07-17 15:00:00+00:00,141.0,51.9,77.8,72.0,54.9,11.1,1156.0,32.4,59.0,942.5,8.5,20.0,17.0,7.0,4.0,4.0
islamabad,2026-07-17 16:00:00+00:00,149.0,55.1,82.9,53.0,62.2,10.8,1115.0,31.6,63.0,943.2,7.7,21.0,17.0,7.0,4.0,8.0
islamabad,2026-07-17 17:00:00+00:00,152.0,58.4,85.9,41.0,65.7,10.3,978.0,30.9,67.0,943.5,8.1,22.0,17.0,7.0,4.0,3.0
islamabad,2026-07-17 18:00:00+00:00,154.0,60.5,86.8,34.0,65.6,9.8,836.0,31.1,69.0,943.0,8.8,23.0,17.0,7.0,4.0,2.0
islamabad,2026-07-17 19:00:00+00:00,154.0,60.8,85.2,34.0,60.9,9.1,704.0,30.7,69.0,943.2,8.7,0.0,18.0,7.0,5.0,0.0
islamabad,2026-07-17 20:00:00+00:00,153.0,59.3,83.4,41.0,52.6,8.4,566.0,30.3,69.0,943.1,8.5,1.0,18.0,7.0,5.0,-1.0
islamabad,2026-07-17 21:00:00+00:00,152.0,57.0,78.7,48.0,44.3,7.9,462.0,30.0,68.0,943.0,9.0,2.0,18.0,7.0,5.0,-1.0
islamabad,2026-07-17 22:00:00+00:00,148.0,54.5,75.9,54.0,36.7,7.6,404.0,29.5,69.0,943.0,9.5,3.0,18.0,7.0,5.0,-4.0
islamabad,2026-07-17 23:00:00+00:00,144.0,52.9,75.2,61.0,29.2,7.5,380.0,29.0,69.0,943.2,8.1,4.0,18.0,7.0,5.0,-4.0
islamabad,2026-07-18 00:00:00+00:00,141.0,51.8,75.7,87.0,17.4,7.8,390.0,29.3,74.0,943.3,11.1,5.0,18.0,7.0,5.0,-3.0
islamabad,2026-07-18 01:00:00+00:00,141.0,51.7,74.7,94.0,17.3,8.6,460.0,28.8,75.0,943.6,9.9,6.0,18.0,7.0,5.0,0.0
islamabad,2026-07-18 02:00:00+00:00,141.0,51.8,82.9,106.0,17.0,9.7,564.0,29.9,70.0,943.8,8.4,7.0,18.0,7.0,5.0,0.0
islamabad,2026-07-18 03:00:00+00:00,143.0,52.5,91.0,119.0,15.8,11.1,631.0,31.3,66.0,943.8,8.5,8.0,18.0,7.0,5.0,2.0
islamabad,2026-07-18 04:00:00+00:00,145.0,53.3,98.3,137.0,12.7,13.0,625.0,32.7,62.0,943.9,8.6,9.0,18.0,7.0,5.0,2.0
islamabad,2026-07-18 05:00:00+00:00,151.0,56.1,106.2,157.0,8.7,15.2,582.0,34.1,57.0,944.0,7.8,10.0,18.0,7.0,5.0,6.0
islamabad,2026-07-18 06:00:00+00:00,152.0,56.8,108.0,173.0,5.6,16.4,534.0,34.9,52.0,943.8,8.5,11.0,18.0,7.0,5.0,1.0
islamabad,2026-07-18 07:00:00+00:00,145.0,53.4,100.1,181.0,4.2,15.8,468.0,35.4,50.0,943.4,6.5,12.0,18.0,7.0,5.0,-7.0
islamabad,2026-07-18 08:00:00+00:00,134.0,49.1,90.8,185.0,3.9,14.2,398.0,36.2,48.0,942.9,7.0,13.0,18.0,7.0,5.0,-11.0
islamabad,2026-07-18 09:00:00+00:00,128.0,46.3,83.4,185.0,4.4,12.8,397.0,36.5,48.0,942.3,8.6,14.0,18.0,7.0,5.0,-6.0
islamabad,2026-07-18 10:00:00+00:00,120.0,43.2,75.4,183.0,4.8,12.2,524.0,36.2,48.0,942.2,9.1,15.0,18.0,7.0,5.0,-8.0
islamabad,2026-07-18 11:00:00+00:00,121.0,43.5,75.0,178.0,6.1,11.8,720.0,35.7,49.0,941.8,7.6,16.0,18.0,7.0,5.0,1.0
islamabad,2026-07-18 12:00:00+00:00,129.0,46.9,79.9,156.0,10.5,10.8,880.0,35.1,54.0,941.4,11.8,17.0,18.0,7.0,5.0,8.0
islamabad,2026-07-18 13:00:00+00:00,134.0,48.8,71.7,136.0,18.9,10.3,969.0,34.2,57.0,941.9,12.5,18.0,18.0,7.0,5.0,5.0
islamabad,2026-07-18 14:00:00+00:00,146.0,53.7,77.3,108.0,30.6,9.7,1023.0,33.4,59.0,941.9,11.3,19.0,18.0,7.0,5.0,12.0
islamabad,2026-07-18 15:00:00+00:00,143.0,52.7,72.6,84.0,39.9,9.1,1037.0,32.5,64.0,942.5,11.3,20.0,18.0,7.0,5.0,-3.0
islamabad,2026-07-18 16:00:00+00:00,140.0,51.2,67.1,67.0,45.5,8.8,1007.0,31.5,69.0,943.2,9.7,21.0,18.0,7.0,5.0,-3.0
islamabad,2026-07-18 17:00:00+00:00,137.0,50.3,64.7,55.0,48.9,8.6,937.0,31.0,70.0,943.8,8.3,22.0,18.0,7.0,5.0,-3.0
islamabad,2026-07-18 18:00:00+00:00,137.0,50.2,62.9,50.0,48.4,8.3,843.0,31.4,70.0,943.2,8.5,23.0,18.0,7.0,5.0,0.0
islamabad,2026-07-18 19:00:00+00:00,137.0,50.3,61.9,56.0,41.7,7.7,708.0,30.9,70.0,943.1,9.3,0.0,19.0,7.0,6.0,0.0
islamabad,2026-07-18 20:00:00+00:00,131.0,47.6,59.8,70.0,31.2,7.1,549.0,29.3,70.0,943.4,15.4,1.0,19.0,7.0,6.0,-6.0
islamabad,2026-07-18 21:00:00+00:00,110.0,39.0,51.9,81.0,22.7,6.5,426.0,28.1,74.0,943.0,8.2,2.0,19.0,7.0,6.0,-21.0
islamabad,2026-07-18 22:00:00+00:00,101.0,35.6,48.3,84.0,18.7,6.0,354.0,27.3,82.0,943.3,8.4,3.0,19.0,7.0,6.0,-9.0
islamabad,2026-07-18 23:00:00+00:00,96.0,33.6,46.3,84.0,16.8,5.6,317.0,27.0,86.0,943.0,9.1,4.0,19.0,7.0,6.0,-5.0
islamabad,2026-07-19 00:00:00+00:00,77.0,24.4,31.7,95.0,11.7,4.0,334.0,27.0,90.0,942.8,7.6,5.0,19.0,7.0,6.0,-19.0
islamabad,2026-07-19 01:00:00+00:00,73.0,22.7,30.6,96.0,12.4,3.9,455.0,27.1,87.0,943.3,8.1,6.0,19.0,7.0,6.0,-4.0
islamabad,2026-07-19 02:00:00+00:00,72.0,21.9,30.4,99.0,13.3,3.8,628.0,28.1,81.0,944.1,8.3,7.0,19.0,7.0,6.0,-1.0
islamabad,2026-07-19 03:00:00+00:00,76.0,24.0,35.5,106.0,13.0,4.6,717.0,28.6,79.0,944.0,4.4,8.0,19.0,7.0,6.0,4.0
islamabad,2026-07-19 04:00:00+00:00,79.0,25.3,40.6,121.0,10.5,7.1,634.0,30.3,70.0,944.7,11.0,9.0,19.0,7.0,6.0,3.0
islamabad,2026-07-19 05:00:00+00:00,94.0,32.5,59.4,141.0,6.8,10.4,466.0,31.7,65.0,945.1,11.9,10.0,19.0,7.0,6.0,15.0
islamabad,2026-07-19 06:00:00+00:00,109.0,38.9,73.8,155.0,4.2,12.7,342.0,32.8,62.0,945.3,10.8,11.0,19.0,7.0,6.0,15.0
islamabad,2026-07-19 07:00:00+00:00,118.0,42.5,81.3,159.0,3.5,13.0,312.0,32.3,64.0,945.0,11.7,12.0,19.0,7.0,6.0,9.0
islamabad,2026-07-19 08:00:00+00:00,128.0,46.3,85.7,157.0,3.8,12.2,325.0,33.1,61.0,944.3,9.9,13.0,19.0,7.0,6.0,10.0
islamabad,2026-07-19 09:00:00+00:00,117.0,42.1,74.7,152.0,5.0,11.4,353.0,33.8,58.0,943.7,9.4,14.0,19.0,7.0,6.0,-11.0
islamabad,2026-07-19 10:00:00+00:00,105.0,37.1,60.5,144.0,6.8,10.9,388.0,33.9,58.0,943.4,6.0,15.0,19.0,7.0,6.0,-12.0
islamabad,2026-07-19 11:00:00+00:00,107.0,38.1,62.9,134.0,9.4,10.3,439.0,33.8,57.0,942.7,5.6,16.0,19.0,7.0,6.0,2.0
islamabad,2026-07-19 12:00:00+00:00,125.0,45.1,80.6,131.0,8.3,10.5,503.0,33.1,59.0,942.5,11.1,17.0,19.0,7.0,6.0,18.0
islamabad,2026-07-19 13:00:00+00:00,128.0,46.4,81.7,116.0,14.0,10.1,602.0,32.7,62.0,942.7,11.2,18.0,19.0,7.0,6.0,3.0
islamabad,2026-07-19 14:00:00+00:00,136.0,49.7,75.9,94.0,21.7,9.6,714.0,31.8,67.0,942.8,11.1,19.0,19.0,7.0,6.0,8.0
islamabad,2026-07-19 15:00:00+00:00,131.0,47.6,68.9,78.0,26.9,8.7,770.0,30.8,70.0,943.1,10.8,20.0,19.0,7.0,6.0,-5.0
islamabad,2026-07-19 16:00:00+00:00,128.0,46.3,64.5,71.0,27.5,7.2,726.0,30.3,72.0,943.7,9.6,21.0,19.0,7.0,6.0,-3.0
islamabad,2026-07-19 17:00:00+00:00,118.0,42.3,57.2,70.0,25.5,5.5,626.0,30.1,72.0,944.2,9.7,22.0,19.0,7.0,6.0,-10.0
islamabad,2026-07-19 18:00:00+00:00,105.0,37.1,46.2,71.0,22.8,4.1,530.0,29.5,75.0,943.8,13.4,23.0,19.0,7.0,6.0,-13.0
islamabad,2026-07-19 19:00:00+00:00,78.0,25.0,30.6,75.0,19.2,3.4,453.0,27.5,90.0,943.1,12.3,0.0,20.0,7.0,0.0,-27.0
islamabad,2026-07-19 20:00:00+00:00,70.0,21.0,25.2,82.0,14.8,3.1,380.0,27.1,92.0,943.2,13.0,1.0,20.0,7.0,0.0,-8.0
islamabad,2026-07-19 21:00:00+00:00,69.0,20.7,25.7,86.0,11.6,2.9,327.0,25.6,94.0,943.3,9.6,2.0,20.0,7.0,0.0,-1.0
islamabad,2026-07-19 22:00:00+00:00,67.0,19.9,26.5,85.0,10.2,2.8,290.0,25.2,96.0,943.0,13.1,3.0,20.0,7.0,0.0,-2.0
islamabad,2026-07-19 23:00:00+00:00,64.0,18.5,24.7,82.0,10.1,2.9,272.0,24.6,96.0,943.3,9.9,4.0,20.0,7.0,0.0,-3.0
islamabad,2026-07-20 00:00:00+00:00,71.0,21.7,35.9,94.0,8.1,1.9,298.0,25.2,98.0,943.4,10.1,5.0,20.0,7.0,0.0,7.0
islamabad,2026-07-20 01:00:00+00:00,44.0,10.6,16.6,90.0,12.2,2.9,412.0,25.5,95.0,942.6,10.7,6.0,20.0,7.0,0.0,-27.0
islamabad,2026-07-20 02:00:00+00:00,72.0,22.2,42.6,85.0,17.8,4.4,570.0,26.3,93.0,942.8,6.9,7.0,20.0,7.0,0.0,28.0
islamabad,2026-07-20 03:00:00+00:00,83.0,27.4,52.7,88.0,20.4,6.2,668.0,26.6,91.0,943.6,7.9,8.0,20.0,7.0,0.0,11.0
islamabad,2026-07-20 04:00:00+00:00,90.0,30.5,58.6,104.0,17.4,8.8,643.0,26.9,89.0,944.5,7.4,9.0,20.0,7.0,0.0,7.0
islamabad,2026-07-20 05:00:00+00:00,95.0,32.8,63.3,127.0,11.5,11.7,557.0,27.7,85.0,944.0,7.0,10.0,20.0,7.0,0.0,5.0
islamabad,2026-07-20 06:00:00+00:00,97.0,33.9,65.9,146.0,6.9,13.7,492.0,28.9,80.0,945.0,8.0,11.0,20.0,7.0,0.0,2.0
islamabad,2026-07-20 07:00:00+00:00,99.0,34.9,67.3,158.0,4.6,14.1,472.0,30.4,73.0,944.8,10.1,12.0,20.0,7.0,0.0,2.0
islamabad,2026-07-20 08:00:00+00:00,97.0,34.1,65.2,165.0,3.5,13.5,474.0,30.2,73.0,944.0,7.9,13.0,20.0,7.0,0.0,-2.0
islamabad,2026-07-20 09:00:00+00:00,99.0,34.9,66.8,163.0,5.1,12.5,510.0,30.5,71.0,943.6,8.7,14.0,20.0,7.0,0.0,2.0
islamabad,2026-07-20 10:00:00+00:00,102.0,36.0,69.6,145.0,11.2,11.0,611.0,29.1,76.0,943.6,7.9,15.0,20.0,7.0,0.0,3.0
islamabad,2026-07-20 11:00:00+00:00,104.0,36.6,71.5,118.0,19.9,9.1,745.0,28.8,78.0,943.2,11.6,16.0,20.0,7.0,0.0,2.0
islamabad,2026-07-20 12:00:00+00:00,109.0,38.9,75.9,134.0,13.8,14.4,836.0,30.2,72.0,942.8,11.5,17.0,20.0,7.0,0.0,5.0
islamabad,2026-07-20 13:00:00+00:00,116.0,41.4,79.2,107.0,27.4,13.5,841.0,29.2,76.0,943.2,10.9,18.0,20.0,7.0,0.0,7.0
islamabad,2026-07-20 14:00:00+00:00,120.0,43.4,79.4,71.0,45.7,12.3,801.0,28.7,80.0,943.4,9.0,19.0,20.0,7.0,0.0,4.0
islamabad,2026-07-20 15:00:00+00:00,126.0,45.8,74.3,49.0,55.4,10.9,763.0,28.1,83.0,943.8,8.1,20.0,20.0,7.0,0.0,6.0
islamabad,2026-07-20 16:00:00+00:00,109.0,38.8,65.7,54.0,48.1,9.2,754.0,27.8,84.0,944.2,7.8,21.0,20.0,7.0,0.0,-17.0
islamabad,2026-07-20 17:00:00+00:00,109.0,38.6,66.6,72.0,32.2,7.4,747.0,27.5,85.0,944.4,9.5,22.0,20.0,7.0,0.0,0.0
islamabad,2026-07-20 18:00:00+00:00,103.0,36.2,72.2,86.0,19.7,5.9,700.0,24.9,96.0,944.4,10.1,23.0,20.0,7.0,0.0,-6.0
islamabad,2026-07-20 19:00:00+00:00,92.0,31.8,59.6,86.0,15.9,4.9,573.0,24.3,100.0,944.3,13.5,0.0,21.0,7.0,1.0,-11.0
islamabad,2026-07-20 20:00:00+00:00,88.0,29.6,59.0,82.0,15.6,4.3,406.0,24.3,95.0,944.1,8.3,1.0,21.0,7.0,1.0,-4.0
islamabad,2026-07-20 21:00:00+00:00,87.0,29.0,58.6,79.0,15.2,4.0,286.0,24.0,96.0,943.2,8.0,2.0,21.0,7.0,1.0,-1.0
islamabad,2026-07-20 22:00:00+00:00,80.0,25.9,51.7,83.0,12.7,3.8,236.0,23.5,100.0,943.5,3.8,3.0,21.0,7.0,1.0,-7.0
islamabad,2026-07-20 23:00:00+00:00,63.0,17.9,37.6,88.0,10.0,3.9,231.0,24.1,97.0,943.4,8.3,4.0,21.0,7.0,1.0,-17.0
islamabad,2026-07-21 00:00:00+00:00,62.0,17.1,37.1,106.0,7.0,4.4,290.0,24.3,95.0,943.6,7.4,5.0,21.0,7.0,1.0,-1.0
islamabad,2026-07-21 01:00:00+00:00,60.0,16.2,31.2,97.0,13.0,5.0,468.0,24.2,96.0,943.6,6.0,6.0,21.0,7.0,1.0,-2.0
islamabad,2026-07-21 02:00:00+00:00,57.0,15.0,28.4,84.0,21.1,5.8,708.0,24.4,96.0,944.1,7.4,7.0,21.0,7.0,1.0,-3.0
islamabad,2026-07-21 03:00:00+00:00,57.0,15.1,26.2,75.0,26.1,6.4,857.0,23.9,97.0,944.8,5.2,8.0,21.0,7.0,1.0,0.0
islamabad,2026-07-21 04:00:00+00:00,52.0,12.4,20.6,75.0,24.9,6.7,825.0,24.3,96.0,944.6,4.6,9.0,21.0,7.0,1.0,-5.0
islamabad,2026-07-21 05:00:00+00:00,39.0,9.3,15.0,80.0,20.6,6.8,702.0,24.8,95.0,945.2,7.5,10.0,21.0,7.0,1.0,-13.0
islamabad,2026-07-21 06:00:00+00:00,37.0,8.9,14.2,83.0,17.2,6.7,603.0,24.4,95.0,945.7,10.0,11.0,21.0,7.0,1.0,-2.0
islamabad,2026-07-21 07:00:00+00:00,32.0,7.7,15.1,81.0,16.2,6.2,572.0,24.0,95.0,946.0,14.1,12.0,21.0,7.0,1.0,-5.0
islamabad,2026-07-21 08:00:00+00:00,38.0,9.2,20.2,76.0,16.2,5.5,565.0,24.0,96.0,946.0,14.6,13.0,21.0,7.0,1.0,6.0
islamabad,2026-07-21 09:00:00+00:00,48.0,11.5,20.7,74.0,16.6,4.8,569.0,24.1,93.0,945.6,15.2,14.0,21.0,7.0,1.0,10.0
islamabad,2026-07-21 10:00:00+00:00,56.0,14.7,21.2,77.0,16.8,4.3,574.0,24.9,90.0,945.3,16.1,15.0,21.0,7.0,1.0,8.0
islamabad,2026-07-21 11:00:00+00:00,52.0,12.5,21.7,81.0,17.5,3.9,590.0,24.6,93.0,944.8,13.3,16.0,21.0,7.0,1.0,-4.0
islamabad,2026-07-21 12:00:00+00:00,59.0,15.7,28.5,81.0,16.6,5.0,634.0,24.7,92.0,945.0,12.9,17.0,21.0,7.0,1.0,7.0
islamabad,2026-07-21 13:00:00+00:00,55.0,14.1,22.7,71.0,22.6,5.2,739.0,24.2,94.0,945.2,13.5,18.0,21.0,7.0,1.0,-4.0
islamabad,2026-07-21 14:00:00+00:00,57.0,15.0,20.4,57.0,31.0,5.4,872.0,24.1,94.0,945.6,9.9,19.0,21.0,7.0,1.0,2.0
islamabad,2026-07-21 15:00:00+00:00,58.0,15.4,19.9,44.0,38.5,5.6,945.0,24.1,94.0,945.7,8.4,20.0,21.0,7.0,1.0,1.0
islamabad,2026-07-21 16:00:00+00:00,62.0,17.1,21.1,33.0,44.9,5.8,906.0,24.4,90.0,946.1,8.2,21.0,21.0,7.0,1.0,4.0
islamabad,2026-07-21 17:00:00+00:00,68.0,20.3,24.4,24.0,50.3,5.9,808.0,24.2,88.0,946.1,6.1,22.0,21.0,7.0,1.0,6.0
islamabad,2026-07-21 18:00:00+00:00,68.0,20.4,24.3,19.0,51.8,5.8,725.0,24.9,89.0,945.8,3.9,23.0,21.0,7.0,1.0,0.0
islamabad,2026-07-21 19:00:00+00:00,65.0,18.8,22.5,22.0,46.6,5.2,698.0,24.4,91.0,945.4,4.4,0.0,22.0,7.0,2.0,-3.0
islamabad,2026-07-21 20:00:00+00:00,59.0,15.8,19.5,30.0,37.4,4.4,686.0,24.4,91.0,944.8,3.2,1.0,22.0,7.0,2.0,-6.0
islamabad,2026-07-21 21:00:00+00:00,57.0,15.1,18.9,36.0,30.0,3.8,644.0,24.6,90.0,944.6,2.7,2.0,22.0,7.0,2.0,-2.0
islamabad,2026-07-21 22:00:00+00:00,62.0,17.5,21.9,38.0,26.6,3.6,514.0,24.4,91.0,944.5,3.3,3.0,22.0,7.0,2.0,5.0
islamabad,2026-07-21 23:00:00+00:00,65.0,18.6,22.8,38.0,25.0,3.7,355.0,24.6,90.0,945.0,2.0,4.0,22.0,7.0,2.0,3.0
islamabad,2026-07-22 00:00:00+00:00,81.0,26.5,31.9,2.0,49.4,5.0,291.0,24.0,96.0,944.3,0.5,5.0,22.0,7.0,2.0,16.0
islamabad,2026-07-22 01:00:00+00:00,86.0,28.9,35.7,21.0,41.3,5.7,432.0,24.1,97.0,944.8,1.8,6.0,22.0,7.0,2.0,5.0
islamabad,2026-07-22 02:00:00+00:00,68.0,20.0,31.8,47.0,29.9,6.7,670.0,24.5,92.0,944.9,3.9,7.0,22.0,7.0,2.0,-18.0
islamabad,2026-07-22 03:00:00+00:00,61.0,16.7,27.2,69.0,20.5,7.3,803.0,25.3,87.0,945.3,4.9,8.0,22.0,7.0,2.0,-7.0
islamabad,2026-07-22 04:00:00+00:00,53.0,12.9,18.9,84.0,15.1,7.0,710.0,26.6,78.0,945.5,11.1,9.0,22.0,7.0,2.0,-8.0
islamabad,2026-07-22 05:00:00+00:00,36.0,8.7,11.2,96.0,11.6,6.2,513.0,27.5,72.0,945.7,13.9,10.0,22.0,7.0,2.0,-17.0
islamabad,2026-07-22 06:00:00+00:00,29.0,7.0,8.0,103.0,9.3,5.8,373.0,26.0,77.0,946.2,9.2,11.0,22.0,7.0,2.0,-7.0
islamabad,2026-07-22 07:00:00+00:00,30.0,7.3,7.8,106.0,7.6,6.1,364.0,27.6,69.0,945.8,12.7,12.0,22.0,7.0,2.0,1.0
islamabad,2026-07-22 08:00:00+00:00,33.0,7.9,8.1,105.0,7.0,6.8,412.0,27.0,72.0,944.8,11.0,13.0,22.0,7.0,2.0,3.0
islamabad,2026-07-22 09:00:00+00:00,34.0,8.1,8.2,101.0,8.6,6.9,455.0,27.5,71.0,944.4,8.5,14.0,22.0,7.0,2.0,1.0
islamabad,2026-07-22 10:00:00+00:00,31.0,7.5,7.6,93.0,13.1,6.0,458.0,27.5,69.0,944.4,18.9,15.0,22.0,7.0,2.0,-3.0
islamabad,2026-07-22 11:00:00+00:00,40.0,9.6,9.7,82.0,19.9,4.5,455.0,26.4,75.0,944.1,17.4,16.0,22.0,7.0,2.0,9.0
islamabad,2026-07-22 12:00:00+00:00,68.0,20.4,21.6,87.0,16.9,4.9,491.0,27.6,70.0,944.4,19.4,17.0,22.0,7.0,2.0,28.0
islamabad,2026-07-22 13:00:00+00:00,68.0,20.1,21.2,72.0,26.5,5.2,604.0,26.7,75.0,944.2,17.5,18.0,22.0,7.0,2.0,0.0
islamabad,2026-07-22 14:00:00+00:00,73.0,22.4,23.3,51.0,39.8,5.6,755.0,25.7,79.0,944.5,10.9,19.0,22.0,7.0,2.0,5.0
islamabad,2026-07-22 15:00:00+00:00,80.0,26.1,27.2,34.0,50.7,5.9,873.0,25.2,82.0,945.3,6.8,20.0,22.0,7.0,2.0,7.0
islamabad,2026-07-22 16:00:00+00:00,89.0,30.3,31.5,24.0,57.6,6.2,934.0,25.0,82.0,945.8,5.5,21.0,22.0,7.0,2.0,9.0
islamabad,2026-07-22 17:00:00+00:00,95.0,32.9,34.2,17.0,62.2,6.4,961.0,24.6,82.0,945.8,4.8,22.0,22.0,7.0,2.0,6.0
islamabad,2026-07-22 18:00:00+00:00,93.0,32.1,33.3,14.0,63.1,6.3,956.0,25.4,84.0,945.4,5.4,23.0,22.0,7.0,2.0,-2.0
islamabad,2026-07-22 19:00:00+00:00,91.0,31.2,32.4,16.0,58.0,5.6,908.0,24.9,86.0,945.2,1.1,0.0,23.0,7.0,3.0,-2.0
islamabad,2026-07-22 20:00:00+00:00,86.0,28.8,31.0,22.0,49.2,4.6,827.0,24.6,87.0,944.7,1.2,1.0,23.0,7.0,3.0,-5.0
islamabad,2026-07-22 21:00:00+00:00,83.0,27.5,29.8,25.0,42.8,3.9,742.0,24.3,86.0,944.2,2.3,2.0,23.0,7.0,3.0,-3.0
islamabad,2026-07-22 22:00:00+00:00,88.0,29.6,31.9,19.0,42.3,3.6,623.0,24.2,85.0,943.7,2.0,3.0,23.0,7.0,3.0,5.0
islamabad,2026-07-22 23:00:00+00:00,87.0,29.2,31.3,9.0,44.1,3.7,502.0,24.2,86.0,943.8,2.6,4.0,23.0,7.0,3.0,-1.0
islamabad,2026-07-23 00:00:00+00:00,110.0,39.0,39.8,1.0,47.5,3.1,498.0,24.6,92.0,944.3,2.7,5.0,23.0,7.0,3.0,23.0
islamabad,2026-07-23 01:00:00+00:00,120.0,43.4,44.2,20.0,42.6,4.9,755.0,24.3,92.0,944.0,6.4,6.0,23.0,7.0,3.0,10.0
islamabad,2026-07-23 02:00:00+00:00,110.0,39.1,39.8,46.0,35.6,7.4,1130.0,24.7,90.0,944.0,6.5,7.0,23.0,7.0,3.0,-10.0
islamabad,2026-07-23 03:00:00+00:00,78.0,24.9,25.8,70.0,28.3,9.4,1318.0,25.1,87.0,944.7,2.9,8.0,23.0,7.0,3.0,-32.0
islamabad,2026-07-23 04:00:00+00:00,69.0,20.5,21.2,91.0,20.5,10.6,1125.0,26.6,78.0,945.0,4.6,9.0,23.0,7.0,3.0,-9.0
islamabad,2026-07-23 05:00:00+00:00,66.0,19.2,20.0,109.0,12.4,11.4,745.0,27.7,73.0,945.1,9.5,10.0,23.0,7.0,3.0,-3.0
islamabad,2026-07-23 06:00:00+00:00,63.0,17.8,18.7,121.0,6.5,11.2,452.0,28.6,64.0,945.7,15.3,11.0,23.0,7.0,3.0,-3.0
islamabad,2026-07-23 07:00:00+00:00,57.0,15.1,16.1,123.0,4.1,9.4,359.0,29.4,64.0,945.3,11.5,12.0,23.0,7.0,3.0,-6.0
islamabad,2026-07-23 08:00:00+00:00,50.0,12.0,13.1,118.0,4.0,6.7,354.0,30.0,62.0,944.8,9.7,13.0,23.0,7.0,3.0,-7.0
islamabad,2026-07-23 09:00:00+00:00,41.0,9.8,11.4,113.0,4.8,4.7,372.0,29.4,62.0,944.3,16.4,14.0,23.0,7.0,3.0,-9.0
islamabad,2026-07-23 10:00:00+00:00,32.0,7.6,8.5,113.0,4.3,4.2,314.0,29.2,64.0,944.2,12.8,15.0,23.0,7.0,3.0,-9.0
islamabad,2026-07-23 11:00:00+00:00,30.0,7.2,8.0,112.0,4.7,4.4,279.0,29.0,64.0,943.6,11.8,16.0,23.0,7.0,3.0,-2.0
islamabad,2026-07-23 12:00:00+00:00,81.0,26.3,27.6,98.0,11.7,4.7,503.0,29.1,64.0,943.5,12.3,17.0,23.0,7.0,3.0,51.0
islamabad,2026-07-23 13:00:00+00:00,88.0,29.6,30.6,77.0,25.1,5.0,1267.0,28.0,72.0,943.4,8.0,18.0,23.0,7.0,3.0,7.0
islamabad,2026-07-23 14:00:00+00:00,94.0,32.6,33.4,47.0,43.7,5.4,2289.0,27.0,78.0,943.2,5.3,19.0,23.0,7.0,3.0,6.0
islamabad,2026-07-23 15:00:00+00:00,109.0,38.6,39.3,24.0,58.0,6.2,2960.0,26.5,81.0,944.0,1.9,20.0,23.0,7.0,3.0,15.0
islamabad,2026-07-23 16:00:00+00:00,129.0,46.8,47.4,13.0,63.9,7.7,2993.0,26.0,83.0,944.5,0.9,21.0,23.0,7.0,3.0,20.0
islamabad,2026-07-23 17:00:00+00:00,152.0,56.7,57.3,9.0,65.6,9.6,2675.0,25.6,85.0,944.6,1.4,22.0,23.0,7.0,3.0,23.0
islamabad,2026-07-23 18:00:00+00:00,156.0,64.3,65.0,6.0,65.4,10.4,2255.0,25.6,89.0,944.6,3.5,23.0,23.0,7.0,3.0,4.0
islamabad,2026-07-23 19:00:00+00:00,155.0,62.9,63.3,5.0,63.7,9.4,1731.0,25.4,90.0,944.3,1.5,0.0,24.0,7.0,4.0,-1.0
islamabad,2026-07-23 20:00:00+00:00,141.0,51.8,52.4,6.0,60.1,7.4,1106.0,25.1,90.0,944.1,3.9,1.0,24.0,7.0,4.0,-14.0
islamabad,2026-07-23 21:00:00+00:00,129.0,47.0,47.5,7.0,56.7,5.8,632.0,24.9,91.0,944.0,2.5,2.0,24.0,7.0,4.0,-12.0
islamabad,2026-07-23 22:00:00+00:00,113.0,40.4,40.9,4.0,54.6,4.9,428.0,24.6,91.0,943.8,2.7,3.0,24.0,7.0,4.0,-16.0
islamabad,2026-07-23 23:00:00+00:00,100.0,35.3,35.7,2.0,52.6,4.4,375.0,24.3,93.0,943.8,3.4,4.0,24.0,7.0,4.0,-13.0
islamabad,2026-07-24 00:00:00+00:00,124.0,44.9,45.4,4.0,48.1,4.5,374.0,24.7,91.0,944.0,6.6,5.0,24.0,7.0,4.0,24.0
islamabad,2026-07-24 01:00:00+00:00,113.0,40.5,41.0,24.0,40.3,5.8,420.0,24.9,89.0,944.0,4.6,6.0,24.0,7.0,4.0,-11.0
islamabad,2026-07-24 02:00:00+00:00,101.0,35.6,36.3,52.0,29.4,7.7,518.0,25.9,84.0,944.6,6.3,7.0,24.0,7.0,4.0,-12.0
islamabad,2026-07-24 03:00:00+00:00,82.0,26.8,27.9,77.0,19.9,8.9,576.0,26.8,75.0,945.6,10.9,8.0,24.0,7.0,4.0,-19.0
islamabad,2026-07-24 04:00:00+00:00,74.0,23.2,24.4,95.0,13.5,8.9,547.0,27.3,73.0,945.6,9.1,9.0,24.0,7.0,4.0,-8.0
islamabad,2026-07-24 05:00:00+00:00,65.0,18.9,20.5,111.0,8.5,8.4,478.0,28.3,70.0,945.7,9.2,10.0,24.0,7.0,4.0,-9.0
islamabad,2026-07-24 06:00:00+00:00,59.0,16.1,18.0,121.0,5.1,7.7,421.0,27.5,70.0,946.2,14.1,11.0,24.0,7.0,4.0,-6.0
islamabad,2026-07-24 07:00:00+00:00,53.0,13.0,14.7,125.0,3.6,6.9,387.0,28.4,69.0,945.8,7.0,12.0,24.0,7.0,4.0,-6.0
islamabad,2026-07-24 08:00:00+00:00,50.0,11.9,13.3,125.0,3.6,6.1,364.0,29.8,62.0,945.3,7.4,13.0,24.0,7.0,4.0,-3.0
islamabad,2026-07-24 09:00:00+00:00,49.0,11.7,12.6,123.0,4.4,5.7,370.0,30.3,61.0,944.3,5.3,14.0,24.0,7.0,4.0,-1.0
islamabad,2026-07-24 10:00:00+00:00,52.0,12.4,13.1,125.0,3.1,6.0,371.0,30.5,61.0,943.3,4.3,15.0,24.0,7.0,4.0,3.0
islamabad,2026-07-24 11:00:00+00:00,54.0,13.4,14.0,125.0,2.6,6.7,400.0,30.6,61.0,942.6,3.2,16.0,24.0,7.0,4.0,2.0
islamabad,2026-07-24 12:00:00+00:00,50.0,11.9,12.0,119.0,10.2,8.1,577.0,30.7,61.0,942.4,4.7,17.0,24.0,7.0,4.0,-4.0
islamabad,2026-07-24 13:00:00+00:00,54.0,13.7,13.8,87.0,34.7,10.1,1062.0,30.1,64.0,942.2,3.2,18.0,24.0,7.0,4.0,4.0
islamabad,2026-07-24 14:00:00+00:00,92.0,31.8,31.8,43.0,68.4,12.9,1695.0,28.9,76.0,942.0,2.8,19.0,24.0,7.0,4.0,38.0
islamabad,2026-07-24 15:00:00+00:00,130.0,47.1,47.1,10.0,92.7,14.8,2107.0,28.0,80.0,942.3,3.6,20.0,24.0,7.0,4.0,38.0
islamabad,2026-07-24 16:00:00+00:00,145.0,53.4,53.6,0.0,99.0,15.3,2127.0,27.2,85.0,943.3,2.3,21.0,24.0,7.0,4.0,15.0
islamabad,2026-07-24 17:00:00+00:00,152.0,56.7,56.8,1.0,96.0,15.0,1926.0,27.0,87.0,943.8,0.7,22.0,24.0,7.0,4.0,7.0
islamabad,2026-07-24 18:00:00+00:00,151.0,56.0,56.1,4.0,91.0,14.0,1659.0,27.6,86.0,943.7,1.8,23.0,24.0,7.0,4.0,-1.0
islamabad,2026-07-24 19:00:00+00:00,135.0,49.5,49.7,5.0,85.9,12.1,1320.0,26.6,89.0,944.0,4.7,0.0,25.0,7.0,5.0,-16.0
islamabad,2026-07-24 20:00:00+00:00,122.0,44.0,44.2,6.0,78.9,9.6,914.0,26.3,89.0,944.1,7.0,1.0,25.0,7.0,5.0,-13.0
islamabad,2026-07-24 21:00:00+00:00,108.0,38.4,38.8,8.0,71.6,7.6,605.0,25.8,86.0,944.1,7.1,2.0,25.0,7.0,5.0,-14.0
islamabad,2026-07-24 22:00:00+00:00,100.0,35.2,35.7,8.0,65.0,6.5,451.0,25.7,86.0,943.9,5.5,3.0,25.0,7.0,5.0,-8.0
islamabad,2026-07-24 23:00:00+00:00,97.0,33.9,34.5,7.0,58.3,5.9,395.0,25.7,85.0,944.3,0.8,4.0,25.0,7.0,5.0,-3.0
islamabad,2026-07-25 00:00:00+00:00,73.0,22.4,22.9,32.0,36.9,5.2,430.0,25.4,79.0,943.6,7.2,5.0,25.0,7.0,5.0,-24.0
islamabad,2026-07-25 01:00:00+00:00,70.0,20.9,21.5,33.0,37.9,5.2,627.0,25.2,83.0,943.7,3.4,6.0,25.0,7.0,5.0,-3.0
islamabad,2026-07-25 02:00:00+00:00,72.0,22.0,22.6,35.0,39.0,5.2,915.0,26.5,79.0,944.7,1.0,7.0,25.0,7.0,5.0,2.0
islamabad,2026-07-25 03:00:00+00:00,70.0,21.2,22.0,40.0,38.1,5.5,1080.0,27.0,76.0,945.4,3.2,8.0,25.0,7.0,5.0,-2.0
islamabad,2026-07-25 04:00:00+00:00,69.0,20.5,21.5,50.0,33.3,6.1,994.0,26.9,77.0,946.1,6.2,9.0,25.0,7.0,5.0,-1.0
islamabad,2026-07-25 05:00:00+00:00,71.0,21.7,22.9,63.0,26.5,7.0,784.0,27.2,80.0,946.7,8.8,10.0,25.0,7.0,5.0,2.0
islamabad,2026-07-25 06:00:00+00:00,79.0,25.2,26.3,75.0,20.9,7.7,616.0,25.9,90.0,946.5,8.5,11.0,25.0,7.0,5.0,8.0
islamabad,2026-07-25 07:00:00+00:00,84.0,27.6,28.8,83.0,17.7,8.1,543.0,25.4,94.0,946.4,8.4,12.0,25.0,7.0,5.0,5.0
islamabad,2026-07-25 08:00:00+00:00,80.0,25.8,27.1,89.0,15.7,8.5,512.0,25.2,93.0,946.3,6.5,13.0,25.0,7.0,5.0,-4.0
islamabad,2026-07-25 09:00:00+00:00,68.0,20.2,21.4,95.0,14.4,8.7,531.0,25.3,93.0,946.1,5.2,14.0,25.0,7.0,5.0,-12.0
islamabad,2026-07-25 10:00:00+00:00,63.0,17.9,18.7,105.0,10.8,8.6,545.0,25.7,93.0,945.7,4.1,15.0,25.0,7.0,5.0,-5.0
islamabad,2026-07-25 11:00:00+00:00,61.0,16.9,17.5,115.0,7.8,8.5,609.0,26.1,87.0,945.1,4.9,16.0,25.0,7.0,5.0,-2.0
islamabad,2026-07-25 12:00:00+00:00,89.0,30.3,31.2,60.0,33.2,5.3,902.0,27.6,77.0,944.9,9.1,17.0,25.0,7.0,5.0,28.0
islamabad,2026-07-25 13:00:00+00:00,88.0,29.6,30.5,44.0,47.8,7.0,1647.0,27.3,81.0,944.8,5.9,18.0,25.0,7.0,5.0,-1.0
islamabad,2026-07-25 14:00:00+00:00,103.0,36.2,37.0,21.0,67.8,9.3,2620.0,26.6,85.0,945.0,3.7,19.0,25.0,7.0,5.0,15.0
islamabad,2026-07-25 15:00:00+00:00,148.0,54.5,55.4,5.0,82.0,10.7,3332.0,26.0,88.0,945.4,3.0,20.0,25.0,7.0,5.0,45.0
islamabad,2026-07-25 16:00:00+00:00,157.0,67.5,68.5,0.0,86.3,10.3,3614.0,25.7,91.0,946.0,2.2,21.0,25.0,7.0,5.0,9.0
islamabad,2026-07-25 17:00:00+00:00,152.0,56.7,57.6,0.0,84.8,9.0,3635.0,25.6,92.0,946.4,1.0,22.0,25.0,7.0,5.0,-5.0
islamabad,2026-07-25 18:00:00+00:00,129.0,47.0,48.0,4.0,78.2,7.6,3410.0,26.2,91.0,946.4,1.5,23.0,25.0,7.0,5.0,-23.0
islamabad,2026-07-25 19:00:00+00:00,121.0,43.7,44.8,16.0,63.6,6.2,2821.0,25.6,93.0,946.4,1.3,0.0,26.0,7.0,6.0,-8.0
islamabad,2026-07-25 20:00:00+00:00,102.0,36.0,37.4,34.0,43.8,4.7,1987.0,25.6,91.0,946.1,1.5,1.0,26.0,7.0,6.0,-19.0
islamabad,2026-07-25 21:00:00+00:00,86.0,28.6,30.0,47.0,28.2,3.5,1279.0,25.2,91.0,945.7,2.3,2.0,26.0,7.0,6.0,-16.0
islamabad,2026-07-25 22:00:00+00:00,83.0,27.1,28.7,52.0,20.4,2.8,814.0,24.9,92.0,945.9,0.9,3.0,26.0,7.0,6.0,-3.0
islamabad,2026-07-25 23:00:00+00:00,80.0,25.9,27.4,53.0,16.7,2.4,474.0,24.9,91.0,946.0,1.7,4.0,26.0,7.0,6.0,-3.0
islamabad,2026-07-26 00:00:00+00:00,56.0,14.7,15.4,56.0,12.2,2.1,282.0,25.3,92.0,946.2,3.4,5.0,26.0,7.0,6.0,-24.0
islamabad,2026-07-26 01:00:00+00:00,58.0,15.2,15.9,54.0,13.9,2.3,315.0,25.2,93.0,946.4,2.3,6.0,26.0,7.0,6.0,2.0
islamabad,2026-07-26 02:00:00+00:00,61.0,16.9,17.5,53.0,16.1,2.7,495.0,25.2,91.0,946.7,8.0,7.0,26.0,7.0,6.0,3.0
islamabad,2026-07-26 03:00:00+00:00,59.0,16.1,17.3,60.0,16.4,3.9,610.0,26.4,86.0,946.5,4.2,8.0,26.0,7.0,6.0,-2.0
islamabad,2026-07-26 04:00:00+00:00,60.0,16.3,19.4,81.0,13.2,6.7,561.0,28.4,73.0,947.2,2.9,9.0,26.0,7.0,6.0,1.0
islamabad,2026-07-26 05:00:00+00:00,68.0,20.0,25.0,110.0,8.1,10.2,447.0,28.5,72.0,947.2,5.2,10.0,26.0,7.0,6.0,8.0
islamabad,2026-07-26 06:00:00+00:00,73.0,22.4,27.8,133.0,4.3,12.6,356.0,29.4,65.0,947.6,2.2,11.0,26.0,7.0,6.0,5.0
islamabad,2026-07-26 07:00:00+00:00,74.0,23.2,28.3,145.0,3.0,12.6,323.0,29.7,65.0,947.2,2.5,12.0,26.0,7.0,6.0,1.0
islamabad,2026-07-26 08:00:00+00:00,75.0,23.5,28.1,151.0,2.9,11.5,314.0,30.4,64.0,946.6,3.3,13.0,26.0,7.0,6.0,1.0
islamabad,2026-07-26 09:00:00+00:00,76.0,23.9,28.2,154.0,3.4,10.6,314.0,31.0,63.0,945.6,4.9,14.0,26.0,7.0,6.0,1.0
islamabad,2026-07-26 10:00:00+00:00,76.0,24.1,28.1,158.0,2.2,10.5,296.0,32.0,60.0,944.9,5.5,15.0,26.0,7.0,6.0,0.0
islamabad,2026-07-26 11:00:00+00:00,76.0,24.1,27.8,159.0,1.6,10.6,288.0,32.1,59.0,944.2,7.8,16.0,26.0,7.0,6.0,0.0
islamabad,2026-07-26 12:00:00+00:00,70.0,20.9,23.7,142.0,7.3,9.5,360.0,31.8,59.0,944.0,6.3,17.0,26.0,7.0,6.0,-6.0
islamabad,2026-07-26 13:00:00+00:00,74.0,23.2,25.4,111.0,25.9,10.0,595.0,30.7,67.0,943.5,6.5,18.0,26.0,7.0,6.0,4.0
islamabad,2026-07-26 14:00:00+00:00,85.0,28.4,30.4,69.0,51.7,10.7,908.0,29.2,73.0,943.3,7.7,19.0,26.0,7.0,6.0,11.0
islamabad,2026-07-26 15:00:00+00:00,107.0,37.8,39.9,35.0,71.9,11.5,1121.0,28.2,76.0,943.2,7.8,20.0,26.0,7.0,6.0,22.0
islamabad,2026-07-26 16:00:00+00:00,134.0,49.1,51.1,20.0,81.8,12.6,1148.0,27.7,78.0,943.5,7.5,21.0,26.0,7.0,6.0,27.0
islamabad,2026-07-26 17:00:00+00:00,149.0,54.9,56.9,13.0,86.0,13.6,1074.0,27.4,79.0,943.9,6.6,22.0,26.0,7.0,6.0,15.0
islamabad,2026-07-26 18:00:00+00:00,154.0,61.2,62.9,9.0,86.3,13.7,969.0,27.8,78.0,943.1,6.6,23.0,26.0,7.0,6.0,5.0
islamabad,2026-07-26 19:00:00+00:00,156.0,65.0,66.4,5.0,81.8,11.8,838.0,27.3,80.0,943.0,5.2,0.0,27.0,7.0,0.0,2.0
islamabad,2026-07-26 20:00:00+00:00,156.0,64.7,65.9,4.0,73.3,8.9,678.0,26.9,82.0,942.8,4.2,1.0,27.0,7.0,0.0,0.0
islamabad,2026-07-26 21:00:00+00:00,152.0,57.6,58.4,5.0,64.7,6.6,545.0,26.4,85.0,942.6,4.0,2.0,27.0,7.0,0.0,-4.0
islamabad,2026-07-26 22:00:00+00:00,123.0,44.5,44.9,8.0,57.2,5.5,447.0,26.1,87.0,942.5,2.7,3.0,27.0,7.0,0.0,-29.0
islamabad,2026-07-26 23:00:00+00:00,103.0,36.3,36.8,13.0,49.7,5.1,376.0,26.1,86.0,942.3,1.8,4.0,27.0,7.0,0.0,-20.0
islamabad,2026-07-27 00:00:00+00:00,137.0,50.3,50.8,3.0,56.3,5.2,374.0,26.3,85.0,942.1,1.1,5.0,27.0,7.0,0.0,34.0
islamabad,2026-07-27 01:00:00+00:00,148.0,54.5,55.1,23.0,50.2,6.8,506.0,26.4,85.0,942.5,1.5,6.0,27.0,7.0,0.0,11.0
islamabad,2026-07-27 02:00:00+00:00,140.0,51.5,52.4,51.0,41.4,9.0,705.0,27.6,79.0,942.8,1.8,7.0,27.0,7.0,0.0,-8.0
islamabad,2026-07-27 03:00:00+00:00,114.0,40.9,42.4,80.0,32.4,11.1,815.0,28.9,74.0,943.1,0.9,8.0,27.0,7.0,0.0,-26.0
islamabad,2026-07-27 04:00:00+00:00,80.0,26.0,28.1,111.0,23.0,13.3,741.0,30.4,66.0,942.9,2.1,9.0,27.0,7.0,0.0,-34.0
islamabad,2026-07-27 05:00:00+00:00,77.0,24.3,26.4,144.0,13.3,15.4,576.0,31.5,60.0,942.8,4.3,10.0,27.0,7.0,0.0,-3.0
islamabad,2026-07-27 06:00:00+00:00,75.0,23.6,25.8,167.0,6.4,16.3,447.0,32.3,57.0,942.9,4.8,11.0,27.0,7.0,0.0,-2.0
islamabad,2026-07-27 07:00:00+00:00,73.0,22.7,24.7,175.0,3.8,14.9,399.0,33.1,55.0,942.5,4.8,12.0,27.0,7.0,0.0,-2.0
islamabad,2026-07-27 08:00:00+00:00,72.0,22.2,24.2,174.0,3.9,12.1,385.0,33.5,54.0,941.9,4.0,13.0,27.0,7.0,0.0,-1.0
islamabad,2026-07-27 09:00:00+00:00,71.0,21.5,23.5,172.0,4.8,10.2,392.0,33.5,54.0,941.1,3.8,14.0,27.0,7.0,0.0,-1.0
islamabad,2026-07-27 10:00:00+00:00,70.0,20.9,22.9,175.0,2.3,9.8,373.0,33.6,55.0,940.5,3.2,15.0,27.0,7.0,0.0,-1.0
islamabad,2026-07-27 11:00:00+00:00,69.0,20.5,22.5,177.0,0.7,10.1,374.0,33.6,55.0,939.6,2.2,16.0,27.0,7.0,0.0,-1.0
islamabad,2026-07-27 12:00:00+00:00,49.0,11.8,13.3,149.0,10.3,9.4,518.0,33.6,54.0,939.4,2.9,17.0,27.0,7.0,0.0,-20.0
islamabad,2026-07-27 13:00:00+00:00,60.0,16.5,17.9,109.0,41.6,10.9,952.0,32.6,62.0,939.2,3.6,18.0,27.0,7.0,0.0,11.0
islamabad,2026-07-27 14:00:00+00:00,84.0,27.9,29.3,53.0,84.3,12.8,1529.0,31.0,73.0,939.2,3.7,19.0,27.0,7.0,0.0,24.0
islamabad,2026-07-27 15:00:00+00:00,107.0,37.8,39.3,13.0,113.0,14.1,1932.0,29.6,78.0,939.5,3.6,20.0,27.0,7.0,0.0,23.0
islamabad,2026-07-27 16:00:00+00:00,114.0,40.6,42.1,3.0,115.4,14.1,2034.0,29.0,80.0,940.0,5.2,21.0,27.0,7.0,0.0,7.0
islamabad,2026-07-27 17:00:00+00:00,117.0,41.8,43.3,9.0,103.8,13.5,1962.0,28.5,78.0,940.2,4.3,22.0,27.0,7.0,0.0,3.0
islamabad,2026-07-27 18:00:00+00:00,125.0,45.3,46.8,17.0,90.2,12.5,1782.0,28.7,81.0,939.8,2.9,23.0,27.0,7.0,0.0,8.0
islamabad,2026-07-27 19:00:00+00:00,128.0,46.6,48.0,21.0,77.7,11.0,1445.0,27.9,81.0,940.1,3.4,0.0,28.0,7.0,1.0,3.0
islamabad,2026-07-27 20:00:00+00:00,124.0,44.9,46.1,28.0,63.1,9.2,999.0,27.6,81.0,940.2,6.4,1.0,28.0,7.0,1.0,-4.0
islamabad,2026-07-27 21:00:00+00:00,114.0,40.9,42.1,37.0,49.0,7.8,660.0,26.7,88.0,940.3,4.2,2.0,28.0,7.0,1.0,-10.0
islamabad,2026-07-27 22:00:00+00:00,96.0,33.4,34.8,52.0,34.6,7.0,506.0,26.3,85.0,940.5,7.8,3.0,28.0,7.0,1.0,-18.0
islamabad,2026-07-27 23:00:00+00:00,73.0,22.5,24.0,70.0,20.6,6.6,459.0,26.2,83.0,940.3,8.3,4.0,28.0,7.0,1.0,-23.0
islamabad,2026-07-28 00:00:00+00:00,95.0,32.9,34.5,62.0,22.0,7.1,492.0,26.9,85.0,939.7,4.8,5.0,28.0,7.0,1.0,22.0
islamabad,2026-07-28 01:00:00+00:00,94.0,32.7,34.6,71.0,21.7,8.0,657.0,26.4,87.0,940.3,5.9,6.0,28.0,7.0,1.0,-1.0
islamabad,2026-07-28 02:00:00+00:00,100.0,35.3,37.5,85.0,21.2,9.3,903.0,27.2,82.0,940.5,2.7,7.0,28.0,7.0,1.0,6.0
islamabad,2026-07-28 03:00:00+00:00,96.0,33.5,37.1,102.0,19.5,11.0,1053.0,28.4,77.0,941.0,2.1,8.0,28.0,7.0,1.0,-4.0
islamabad,2026-07-28 04:00:00+00:00,86.0,28.6,32.4,126.0,15.7,13.9,1013.0,30.3,67.0,941.2,2.8,9.0,28.0,7.0,1.0,-10.0
islamabad,2026-07-28 05:00:00+00:00,85.0,28.1,31.8,155.0,10.9,17.2,877.0,31.8,63.0,941.7,6.2,10.0,28.0,7.0,1.0,-1.0
islamabad,2026-07-28 06:00:00+00:00,87.0,29.4,32.9,176.0,7.2,19.0,751.0,31.5,65.0,941.7,6.9,11.0,28.0,7.0,1.0,2.0
islamabad,2026-07-28 07:00:00+00:00,86.0,28.7,31.9,186.0,5.5,18.0,658.0,31.8,69.0,941.8,3.6,12.0,28.0,7.0,1.0,-1.0
islamabad,2026-07-28 08:00:00+00:00,83.0,27.4,30.4,188.0,5.0,15.5,576.0,33.2,65.0,941.2,3.3,13.0,28.0,7.0,1.0,-3.0
islamabad,2026-07-28 09:00:00+00:00,84.0,27.6,30.9,187.0,5.1,13.4,545.0,33.3,65.0,940.7,4.0,14.0,28.0,7.0,1.0,1.0
islamabad,2026-07-28 10:00:00+00:00,77.0,24.3,27.1,184.0,4.5,12.4,556.0,33.3,64.0,940.3,1.5,15.0,28.0,7.0,1.0,-7.0
islamabad,2026-07-28 11:00:00+00:00,75.0,23.7,26.7,177.0,4.7,11.9,619.0,33.5,62.0,939.8,1.2,16.0,28.0,7.0,1.0,-2.0
islamabad,2026-07-28 12:00:00+00:00,88.0,29.5,36.1,154.0,9.4,9.8,795.0,34.3,52.0,939.1,5.0,17.0,28.0,7.0,1.0,13.0
islamabad,2026-07-28 13:00:00+00:00,93.0,32.2,38.5,129.0,22.2,9.7,1224.0,32.8,63.0,938.9,5.4,18.0,28.0,7.0,1.0,5.0
islamabad,2026-07-28 14:00:00+00:00,118.0,42.5,47.7,95.0,39.7,9.5,1766.0,31.0,72.0,939.2,8.0,19.0,28.0,7.0,1.0,25.0
islamabad,2026-07-28 15:00:00+00:00,120.0,43.3,47.7,69.0,51.9,9.3,2074.0,29.9,78.0,940.2,8.2,20.0,28.0,7.0,1.0,2.0
islamabad,2026-07-28 16:00:00+00:00,118.0,42.6,45.9,59.0,54.1,9.1,1948.0,29.1,82.0,940.9,5.9,21.0,28.0,7.0,1.0,-2.0
islamabad,2026-07-28 17:00:00+00:00,121.0,43.5,46.7,58.0,50.9,9.0,1586.0,28.8,82.0,941.5,8.7,22.0,28.0,7.0,1.0,3.0
islamabad,2026-07-28 18:00:00+00:00,125.0,45.3,48.4,59.0,46.4,8.7,1235.0,28.6,80.0,941.4,12.1,23.0,28.0,7.0,1.0,4.0
islamabad,2026-07-28 19:00:00+00:00,125.0,45.3,48.4,59.0,41.4,8.3,946.0,25.9,87.0,941.9,8.6,0.0,29.0,7.0,2.0,0.0
islamabad,2026-07-28 20:00:00+00:00,123.0,44.5,47.1,61.0,35.1,7.8,668.0,24.2,91.0,941.7,9.5,1.0,29.0,7.0,2.0,-2.0
islamabad,2026-07-28 21:00:00+00:00,120.0,43.4,46.3,66.0,28.8,7.2,486.0,23.4,96.0,941.7,12.0,2.0,29.0,7.0,2.0,-3.0
islamabad,2026-07-28 22:00:00+00:00,117.0,41.9,45.9,75.0,21.7,6.1,462.0,23.6,96.0,942.2,9.7,3.0,29.0,7.0,2.0,-3.0
islamabad,2026-07-28 23:00:00+00:00,74.0,23.1,25.6,86.0,14.6,4.9,535.0,23.5,94.0,942.2,11.6,4.0,29.0,7.0,2.0,-43.0
islamabad,2026-07-29 00:00:00+00:00,82.0,27.0,32.0,124.0,6.5,2.9,611.0,24.0,98.0,942.8,11.9,5.0,29.0,7.0,2.0,8.0
islamabad,2026-07-29 01:00:00+00:00,80.0,25.7,29.8,115.0,10.7,3.2,675.0,24.1,96.0,942.7,10.6,6.0,29.0,7.0,2.0,-2.0
islamabad,2026-07-29 02:00:00+00:00,82.0,26.8,30.0,104.0,16.3,3.8,743.0,24.9,91.0,943.2,11.0,7.0,29.0,7.0,2.0,2.0
islamabad,2026-07-29 03:00:00+00:00,83.0,27.5,31.1,102.0,19.2,4.9,767.0,26.3,83.0,943.6,8.9,8.0,29.0,7.0,2.0,1.0
islamabad,2026-07-29 04:00:00+00:00,80.0,25.8,29.7,119.0,16.6,7.0,706.0,27.7,77.0,943.9,10.6,9.0,29.0,7.0,2.0,-3.0
islamabad,2026-07-29 05:00:00+00:00,78.0,24.9,29.1,146.0,11.2,9.7,602.0,29.0,72.0,944.1,10.3,10.0,29.0,7.0,2.0,-2.0
islamabad,2026-07-29 06:00:00+00:00,83.0,27.1,32.1,168.0,7.1,11.7,530.0,28.8,72.0,944.7,11.3,11.0,29.0,7.0,2.0,5.0
islamabad,2026-07-29 07:00:00+00:00,87.0,29.0,34.2,179.0,5.8,12.6,519.0,27.9,76.0,944.4,9.8,12.0,29.0,7.0,2.0,4.0
islamabad,2026-07-29 08:00:00+00:00,88.0,29.5,35.2,184.0,5.6,12.8,541.0,28.3,74.0,944.0,11.4,13.0,29.0,7.0,2.0,1.0
islamabad,2026-07-29 09:00:00+00:00,94.0,32.7,39.6,187.0,6.1,13.1,583.0,29.5,71.0,943.6,11.3,14.0,29.0,7.0,2.0,6.0
islamabad,2026-07-29 10:00:00+00:00,95.0,32.9,39.7,194.0,3.4,13.7,603.0,30.4,67.0,942.9,9.4,15.0,29.0,7.0,2.0,1.0
islamabad,2026-07-29 11:00:00+00:00,95.0,32.8,39.7,199.0,1.2,14.3,644.0,30.8,65.0,942.1,8.7,16.0,29.0,7.0,2.0,0.0
islamabad,2026-07-29 12:00:00+00:00,101.0,35.5,41.7,146.0,15.0,13.3,818.0,30.9,65.0,942.2,8.4,17.0,29.0,7.0,2.0,6.0
islamabad,2026-07-29 13:00:00+00:00,99.0,35.0,40.3,117.0,31.9,13.4,1277.0,30.0,71.0,941.6,7.5,18.0,29.0,7.0,2.0,-2.0
islamabad,2026-07-29 14:00:00+00:00,108.0,38.5,42.3,76.0,55.3,13.4,1870.0,28.8,78.0,941.5,5.3,19.0,29.0,7.0,2.0,9.0
islamabad,2026-07-29 15:00:00+00:00,127.0,46.0,49.8,42.0,74.3,13.3,2258.0,28.1,82.0,941.6,5.0,20.0,29.0,7.0,2.0,19.0
islamabad,2026-07-29 16:00:00+00:00,149.0,55.1,59.0,22.0,84.8,13.0,2292.0,27.6,85.0,942.2,3.1,21.0,29.0,7.0,2.0,22.0
islamabad,2026-07-29 17:00:00+00:00,156.0,64.3,68.2,9.0,90.8,12.6,2121.0,27.1,88.0,942.4,2.5,22.0,29.0,7.0,2.0,7.0
islamabad,2026-07-29 18:00:00+00:00,160.0,72.2,75.4,1.0,93.1,11.8,1857.0,27.3,91.0,942.3,4.5,23.0,29.0,7.0,2.0,4.0
islamabad,2026-07-31 16:35:29.707614+00:00,112.0,112.0,,,,,,30.0,28.0,1005.0,0.5,16.0,31.0,7.0,4.0,0.0
islamabad,2026-07-31 16:49:47.792494+00:00,112.0,112.0,,,,,,30.0,28.0,1005.0,0.5,16.0,31.0,7.0,4.0,0.0
islamabad,2026-07-31 18:26:13.252926+00:00,147.0,147.0,,,,,,30.0,27.0,1006.0,2.5,18.0,31.0,7.0,4.0,35.0
islamabad,2026-07-31 19:32:12.853212+00:00,142.0,142.0,,,,,,27.0,36.0,1006.0,1.5,19.0,31.0,7.0,4.0,-5.0
islamabad,2026-07-31 20:36:23.520906+00:00,122.0,122.0,,,,,,28.0,32.0,1006.0,1.5,20.0,31.0,7.0,4.0,-20.0
islamabad,2026-07-31 21:58:55.443747+00:00,149.0,149.0,,,,,,25.0,44.0,1006.0,1.5,21.0,31.0,7.0,4.0,27.0
islamabad,2026-07-31 23:03:47.037986+00:00,122.0,122.0,,,,,,26.0,39.0,1006.0,0.5,23.0,31.0,7.0,4.0,-27.0
islamabad,2026-08-01 02:58:42.847656+00:00,107.0,107.0,,,,,,27.5,33.0,1008.0,1.5,2.0,1.0,8.0,5.0,-15.0
islamabad,2026-08-01 06:06:44.151440+00:00,157.0,157.0,,,,,,35.5,22.0,1007.0,1.5,6.0,1.0,8.0,5.0,50.0
islamabad,2026-08-01 09:07:31.251695+00:00,107.0,107.0,,,,,,39.0,14.0,1006.0,2.5,9.0,1.0,8.0,5.0,-50.0
islamabad,2026-08-01 11:18:18.261921+00:00,97.0,97.0,,,,,,39.0,13.0,1004.0,2.5,11.0,1.0,8.0,5.0,-10.0
islamabad,2026-08-01 13:26:17.326639+00:00,97.0,97.0,,,,,,39.0,15.0,1003.0,4.6,13.0,1.0,8.0,5.0,0.0
islamabad,2026-08-01 15:02:30.359642+00:00,82.0,82.0,,,,,,35.0,19.5,1003.5,2.5,15.0,1.0,8.0,5.0,-15.0
islamabad,2026-08-01 17:02:33.469274+00:00,104.0,104.0,,,,,,31.0,29.0,1005.0,1.5,17.0,1.0,8.0,5.0,22.0
islamabad,2026-08-01 19:11:49.436086+00:00,124.0,124.0,,,,,,31.0,25.0,1005.0,2.5,19.0,1.0,8.0,5.0,20.0
islamabad,2026-08-01 20:57:16.248025+00:00,127.0,127.0,,,,,,27.5,36.5,1006.0,2.5,20.0,1.0,8.0,5.0,3.0
islamabad,2026-08-01 21:59:26.360875+00:00,144.0,144.0,,,,,,26.5,38.0,1005.5,1.5,21.0,1.0,8.0,5.0,17.0
islamabad,2026-08-01 23:03:05.637521+00:00,137.0,137.0,,,,,,25.0,44.0,1006.0,0.2,23.0,1.0,8.0,5.0,-7.0
islamabad,2026-08-02 02:57:54.186052+00:00,137.0,137.0,,,,,,28.5,32.0,1007.0,1.0,2.0,2.0,8.0,6.0,0.0
islamabad,2026-08-02 06:09:39.124679+00:00,137.0,137.0,,,,,,35.0,26.0,1007.0,2.5,6.0,2.0,8.0,6.0,0.0
islamabad,2026-08-02 09:10:55.278800+00:00,104.0,104.0,,,,,,39.0,13.0,1005.5,1.5,9.0,2.0,8.0,6.0,-33.0
islamabad,2026-08-02 11:18:16.308323+00:00,89.0,89.0,,,,,,40.0,11.0,1004.0,1.5,11.0,2.0,8.0,6.0,-15.0
islamabad,2026-08-02 13:26:08.918276+00:00,72.0,72.0,,,,,,40.0,12.0,1003.0,1.5,13.0,2.0,8.0,6.0,-17.0
islamabad,2026-08-02 15:04:40.685008+00:00,91.0,91.0,,,,,,37.0,17.0,1003.0,6.6,15.0,2.0,8.0,6.0,19.0
islamabad,2026-08-02 17:03:15.495405+00:00,89.0,89.0,,,,,,32.0,25.0,1005.0,0.5,17.0,2.0,8.0,6.0,-2.0
islamabad,2026-08-02 19:13:46.799408+00:00,87.0,87.0,,,,,,29.0,32.0,1006.0,1.5,19.0,2.0,8.0,6.0,-2.0
islamabad,2026-08-02 20:58:22.109505+00:00,147.0,147.0,,,,,,26.5,40.0,1006.0,1.0,20.0,2.0,8.0,6.0,60.0
islamabad,2026-08-02 22:03:03.902981+00:00,139.0,139.0,,,,,,25.5,44.0,1006.0,1.0,22.0,2.0,8.0,6.0,-8.0
islamabad,2026-08-03 00:00:38.158078+00:00,89.0,89.0,,,,,,25.0,38.0,1006.0,0.5,0.0,3.0,8.0,0.0,-50.0
islamabad,2026-08-03 03:47:45.449417+00:00,132.0,132.0,,,,,,29.0,32.0,1008.0,1.5,3.0,3.0,8.0,0.0,43.0
islamabad,2026-08-03 07:30:36.659600+00:00,149.0,149.0,,,,,,37.0,17.0,1007.0,2.5,7.0,3.0,8.0,0.0,17.0
islamabad,2026-08-03 11:26:47.114409+00:00,147.0,147.0,,,,,,39.0,14.0,1005.0,2.5,11.0,3.0,8.0,0.0,-2.0
islamabad,2026-08-03 14:44:19.872462+00:00,153.0,153.0,,,,,,37.5,18.0,1004.0,5.1,14.0,3.0,8.0,0.0,6.0
islamabad,2026-08-03 17:10:28.079285+00:00,170.0,170.0,,,,,,31.0,27.0,1006.5,1.5,17.0,3.0,8.0,0.0,17.0
islamabad,2026-08-03 19:40:46.690164+00:00,177.0,177.0,,,,,,28.0,35.5,1007.0,2.5,19.0,3.0,8.0,0.0,7.0
islamabad,2026-08-03 21:05:51.653439+00:00,162.0,162.0,,,,,,26.0,41.0,1007.0,2.0,21.0,3.0,8.0,0.0,-15.0
islamabad,2026-08-03 23:03:38.300084+00:00,155.0,155.0,,,,,,25.0,45.5,1007.0,2.0,23.0,3.0,8.0,0.0,-7.0
islamabad,2026-08-04 02:43:41.677458+00:00,161.0,161.0,,,,,,28.0,32.0,1010.0,0.5,2.0,4.0,8.0,1.0,6.0
islamabad,2026-08-04 05:49:48.718216+00:00,241.0,241.0,,,,,,33.0,21.0,1011.0,3.6,5.0,4.0,8.0,1.0,80.0
islamabad,2026-08-04 08:40:54.465269+00:00,185.0,185.0,,,,,,34.0,17.0,1012.0,2.5,8.0,4.0,8.0,1.0,-56.0
islamabad,2026-08-04 11:25:48.234728+00:00,160.0,160.0,,,,,,36.0,14.5,1010.0,2.5,11.0,4.0,8.0,1.0,-25.0
islamabad,2026-08-04 14:20:23.307232+00:00,154.0,154.0,,,,,,34.5,20.0,1009.5,3.6,14.0,4.0,8.0,1.0,-6.0
islamabad,2026-08-04 16:53:21.519538+00:00,154.0,154.0,,,,,,31.0,25.0,1011.0,2.5,16.0,4.0,8.0,1.0,0.0
islamabad,2026-08-04 18:39:47.465706+00:00,176.0,176.0,,,,,,28.0,34.0,1011.0,1.5,18.0,4.0,8.0,1.0,22.0
islamabad,2026-08-04 20:27:44.217524+00:00,171.0,171.0,,,,,,26.0,41.0,1011.0,1.5,20.0,4.0,8.0,1.0,-5.0
islamabad,2026-08-04 22:15:02.380964+00:00,174.0,174.0,,,,,,26.0,41.0,1011.0,0.5,22.0,4.0,8.0,1.0,3.0
islamabad,2026-08-05 00:05:48.137971+00:00,174.0,174.0,,,,,,24.0,47.0,1011.0,0.5,0.0,5.0,8.0,2.0,0.0
islamabad,2026-08-05 04:12:15.868297+00:00,166.0,166.0,,,,,,24.5,45.5,1012.5,1.5,4.0,5.0,8.0,2.0,-8.0
islamabad,2026-08-05 07:41:50.239270+00:00,157.0,157.0,,,,,,33.0,17.0,1012.0,1.5,7.0,5.0,8.0,2.0,-9.0
islamabad,2026-08-05 10:38:16.757196+00:00,114.0,114.0,,,,,,35.0,12.5,1010.0,3.6,10.0,5.0,8.0,2.0,-43.0
islamabad,2026-08-05 12:55:16.575508+00:00,78.0,78.0,,,,,,35.0,12.0,1009.0,2.5,12.0,5.0,8.0,2.0,-36.0
islamabad,2026-08-05 15:16:17.045622+00:00,85.0,85.0,,,,,,31.0,22.0,1009.0,4.6,15.0,5.0,8.0,2.0,7.0
islamabad,2026-08-05 17:42:18.591711+00:00,82.0,82.0,,,,,,27.0,30.0,1010.0,1.5,17.0,5.0,8.0,2.0,-3.0
islamabad,2026-08-05 19:38:16.328187+00:00,85.0,85.0,,,,,,23.0,43.0,1010.0,1.5,19.0,5.0,8.0,2.0,3.0
islamabad,2026-08-05 21:13:01.184033+00:00,730.0,730.0,64.0,1.4,1.4,2.0,13.1,27.8,86.6,990.825,1.2,21.0,5.0,8.0,2.0,645.0
islamabad,2026-08-05 23:02:02.975698+00:00,42.0,9.0,42.0,1.4,1.4,2.0,14.7,27.3,86.1,991.3,1.1,23.0,5.0,8.0,2.0,-688.0
islamabad,2026-08-06 02:44:36.744513+00:00,91.0,91.0,47.0,1.4,1.1,1.9,15.2,27.5,86.325,990.9,0.275,2.0,6.0,8.0,3.0,49.0
islamabad,2026-08-06 05:51:50.938969+00:00,147.0,147.0,54.0,1.3,1.4,1.9,14.7,27.85,86.5,990.6500000000001,0.2,5.0,6.0,8.0,3.0,56.0
islamabad,2026-08-06 08:40:16.411873+00:00,51.0,51.0,35.0,1.4,1.7,2.0,16.3,28.3,85.5,990.2,0.3,8.0,6.0,8.0,3.0,-96.0
islamabad,2026-08-06 11:25:29.430794+00:00,138.0,138.0,60.0,1.5,1.5,2.0,15.4,29.0,78.85,988.4,0.3,11.0,6.0,8.0,3.0,87.0
islamabad,2026-08-06 14:16:14.385000+00:00,156.0,156.0,70.0,1.4,1.6,2.1,16.1,28.1,81.1,990.4,1.4,14.0,6.0,8.0,3.0,18.0
islamabad,2026-08-07 00:42:28.946058+00:00,47.0,47.0,47.0,1.3,1.9,2.1,15.6,27.35,87.1,991.3499999999999,1.6,0.0,7.0,8.0,4.0,-109.0
islamabad,2026-08-07 03:52:57.970846+00:00,47.0,47.0,47.0,1.3,1.9,2.1,15.6,27.35,87.1,991.3499999999999,1.6,3.0,7.0,8.0,4.0,0.0
islamabad,2026-08-07 05:45:05.850782+00:00,124.0,124.0,70.0,1.5,1.4,2.0,18.1,28.5,83.6,989.1666666666666,1.1333333333333333,5.0,7.0,8.0,4.0,0.0
islamabad,2026-08-07 07:19:33.625263+00:00,124.0,124.0,70.0,1.5,1.4,2.0,18.1,28.5,83.6,989.1666666666666,1.1333333333333333,7.0,7.0,8.0,4.0,0.0
islamabad,2026-08-07 09:02:14.731048+00:00,124.0,124.0,70.0,1.5,1.4,2.0,18.1,28.5,83.6,989.1666666666666,1.1333333333333333,9.0,7.0,8.0,4.0,0.0
islamabad,2026-08-07 10:57:27.681281+00:00,124.0,124.0,70.0,1.5,1.4,2.0,18.1,28.0,87.1,990.7,1.0,10.0,7.0,8.0,4.0,0.0
islamabad,2026-08-07 11:48:29.858653+00:00,76.0,76.0,55.0,8.5,10.0,7.2,7.1,29.3,89.6,976.1,0.3,11.0,7.0,8.0,4.0,-48.0
islamabad,2026-08-07 13:08:30.792271+00:00,99.0,99.0,72.0,12.6,9.8,6.5,6.1,28.95,89.7,976.1,0.3,13.0,7.0,8.0,4.0,23.0
islamabad,2026-08-07 14:55:10.774436+00:00,75.0,75.0,64.0,1.4,1.7,1.6,20.8,27.7,89.1,991.1,1.3,14.0,7.0,8.0,4.0,-24.0
islamabad,2026-08-07 15:58:22.230335+00:00,104.0,104.0,62.0,1.4,2.0,1.6,20.6,27.7,88.7,991.1,0.9,15.0,7.0,8.0,4.0,29.0
islamabad,2026-08-07 17:01:12.036874+00:00,101.0,101.0,55.0,1.5,1.9,1.6,19.2,27.7,88.2,991.1,0.2,17.0,7.0,8.0,4.0,-3.0
islamabad,2026-08-07 19:00:33.692023+00:00,116.0,116.0,31.0,1.5,1.8,1.6,15.2,27.6,88.2,991.0,1.4,19.0,7.0,8.0,4.0,15.0
islamabad,2026-08-07 19:56:35.314445+00:00,163.0,163.0,58.0,1.4,1.6,1.6,13.8,27.5,88.5,991.1,1.6,19.0,7.0,8.0,4.0,47.0
islamabad,2026-08-07 20:46:25.736586+00:00,140.0,140.0,38.0,1.5,1.5,1.6,12.7,27.525,88.5,991.0749999999999,1.275,20.0,7.0,8.0,4.0,-23.0
islamabad,2026-08-07 21:41:23.076284+00:00,174.0,174.0,76.0,1.5,1.7,1.6,11.1,27.575000000000003,88.35000000000001,991.0,1.225,21.0,7.0,8.0,4.0,34.0
islamabad,2026-08-07 22:38:34.634638+00:00,158.0,158.0,65.0,1.5,2.0,1.6,10.0,27.725,88.775,991.05,1.6,22.0,7.0,8.0,4.0,-16.0
islamabad,2026-08-07 23:36:56.602392+00:00,90.0,90.0,21.0,1.5,2.1,1.7,9.1,27.849999999999998,88.875,990.95,1.35,23.0,7.0,8.0,4.0,-68.0
islamabad,2026-08-08 01:47:29.503138+00:00,60.0,60.0,54.0,1.4,1.7,1.7,8.5,28.2,88.16666666666667,990.5,1.5666666666666667,1.0,8.0,8.0,5.0,-30.0
islamabad,2026-08-08 03:28:24.623452+00:00,87.0,87.0,47.0,1.3,1.4,1.6,8.4,30.03333333333333,79.46666666666667,985.8333333333334,0.9333333333333335,3.0,8.0,8.0,5.0,27.0
islamabad,2026-08-08 04:59:35.729740+00:00,103.0,103.0,62.0,1.4,1.3,1.6,8.0,31.6,70.7,981.6,1.4,4.0,8.0,8.0,5.0,16.0
islamabad,2026-08-08 05:50:56.954425+00:00,266.0,266.0,67.0,1.4,1.2,1.6,7.5,30.9,70.5,984.2,0.7,5.0,8.0,8.0,5.0,163.0
islamabad,2026-08-08 06:57:24.260395+00:00,266.0,266.0,57.0,1.4,1.1,1.6,7.3,33.2,60.2,976.9,0.9,6.0,8.0,8.0,5.0,0.0
islamabad,2026-08-08 07:53:33.903690+00:00,68.0,68.0,57.0,1.4,1.1,1.6,6.4,33.2,58.5,977.4,0.9,7.0,8.0,8.0,5.0,-198.0
islamabad,2026-08-08 08:44:24.298601+00:00,159.0,159.0,62.0,1.3,1.3,1.7,6.6,31.925,65.75,981.9,0.725,8.0,8.0,8.0,5.0,91.0
islamabad,2026-08-08 09:40:27.505340+00:00,157.0,157.0,68.0,1.2,1.9,1.6,7.3,32.6,66.19999999999999,979.5250000000001,0.675,9.0,8.0,8.0,5.0,-2.0
islamabad,2026-08-08 10:36:26.573595+00:00,99.0,99.0,51.0,1.7,1.5,1.6,6.4,30.4,75.25,985.325,0.575,10.0,8.0,8.0,5.0,-58.0
islamabad,2026-08-08 11:30:49.973726+00:00,99.0,99.0,51.0,1.7,1.5,1.6,6.4,28.7,84.23333333333333,989.4000000000001,1.0999999999999999,11.0,8.0,8.0,5.0,0.0
islamabad,2026-08-08 12:52:45.357282+00:00,144.0,144.0,58.0,1.6,1.6,1.7,6.6,28.1,84.3,990.3,0.9,12.0,8.0,8.0,5.0,45.0
islamabad,2026-08-08 13:47:58.546704+00:00,712.0,712.0,75.0,1.5,1.5,1.6,5.2,27.8,86.0,990.6,1.1,13.0,8.0,8.0,5.0,568.0
islamabad,2026-08-08 14:33:52.763291+00:00,712.0,712.0,75.0,1.5,1.5,1.6,5.2,27.933333333333334,86.3,990.6333333333333,1.4000000000000001,14.0,8.0,8.0,5.0,0.0
islamabad,2026-08-08 15:32:14.245237+00:00,773.0,773.0,52.0,1.4,1.6,1.6,7.3,28.2,86.76666666666667,990.6,1.6000000000000003,15.0,8.0,8.0,5.0,61.0
islamabad,2026-08-08 16:36:26.143694+00:00,109.0,109.0,67.0,1.5,2.1,1.7,11.6,28.3,87.225,990.55,1.6,16.0,8.0,8.0,5.0,-664.0
islamabad,2026-08-08 17:32:52.249182+00:00,109.0,109.0,67.0,1.5,2.1,1.7,11.6,28.35,87.5,990.5,1.6,17.0,8.0,8.0,5.0,0.0
islamabad,2026-08-08 18:40:48.479482+00:00,160.0,160.0,86.0,1.4,2.3,1.7,11.6,28.300000000000004,87.725,990.5,1.6,18.0,8.0,8.0,5.0,51.0
islamabad,2026-08-08 19:32:34.092484+00:00,160.0,160.0,86.0,1.4,2.3,1.7,11.6,28.1,87.95,990.5,1.6,19.0,8.0,8.0,5.0,0.0
islamabad,2026-08-08 20:32:41.205772+00:00,117.0,117.0,84.0,1.3,2.5,1.7,10.0,28.100000000000005,88.2,990.5,1.6000000000000003,20.0,8.0,8.0,5.0,-43.0
islamabad,2026-08-08 21:33:02.042188+00:00,190.0,190.0,111.0,1.4,2.1,1.7,9.5,28.100000000000005,88.13333333333333,990.4666666666667,1.6000000000000003,21.0,8.0,8.0,5.0,73.0
islamabad,2026-08-08 22:32:00.168140+00:00,183.0,183.0,93.0,1.4,2.0,1.7,7.7,28.100000000000005,88.23333333333333,990.5,1.6000000000000003,22.0,8.0,8.0,5.0,-7.0
islamabad,2026-08-08 23:31:25.016241+00:00,183.0,183.0,72.0,1.0,2.0,1.7,6.6,28.266666666666666,88.46666666666665,990.6,1.6000000000000003,23.0,8.0,8.0,5.0,0.0
islamabad,2026-08-09 01:53:37.090652+00:00,137.0,137.0,75.0,1.2,1.9,1.7,6.4,29.0,87.1,989.5,1.5,1.0,9.0,8.0,6.0,-46.0
islamabad,2026-08-09 03:45:45.256815+00:00,85.0,85.0,67.0,1.5,2.0,1.7,6.4,30.5,79.0,984.875,0.95,3.0,9.0,8.0,6.0,-52.0
islamabad,2026-08-09 05:08:12.612660+00:00,175.0,175.0,87.0,1.5,1.8,1.6,5.9,31.700000000000003,68.8,981.425,0.7,5.0,9.0,8.0,6.0,90.0
islamabad,2026-08-09 07:00:02.990072+00:00,124.0,124.0,75.0,1.3,1.6,1.7,5.0,33.7,55.6,975.6,0.6,7.0,9.0,8.0,6.0,-51.0
islamabad,2026-08-09 07:58:33.438476+00:00,91.0,91.0,75.0,1.2,2.2,1.7,5.0,35.0,50.8,972.6,0.9,7.0,9.0,8.0,6.0,-33.0
islamabad,2026-08-09 08:54:55.592329+00:00,107.0,107.0,77.0,1.3,1.6,1.7,4.6,35.3,48.4,973.3,1.2,8.0,9.0,8.0,6.0,16.0
islamabad,2026-08-09 09:41:56.033921+00:00,99.0,99.0,66.0,1.3,1.3,1.7,4.6,34.599999999999994,51.825,975.2,0.575,9.0,9.0,8.0,6.0,-8.0
islamabad,2026-08-09 10:37:09.251247+00:00,99.0,99.0,66.0,1.3,1.3,1.7,4.6,35.36666666666667,48.699999999999996,973.7000000000002,0.5666666666666668,10.0,9.0,8.0,6.0,0.0
